source1_entity_id,cand_count,gt_matches,pred_matches_82,pred_matches_90,pred_matches_95,top1_prob,top2_prob,prob_margin,has_zero_gt,top1_is_correct,top1_candidate_id,top1_source
S1-100018714,1,0,0,0,0,0.0,0.0,0.0,true,false,S2-939124201,source2
S1-100146655,9,0,0,0,0,0.0001,0.0,0.0,true,false,S2-803159433,source2
S1-100161351,42,0,0,0,0,0.0,0.0,0.0,true,false,S2-560449715,source2
S1-100221014,1,1,1,1,1,0.9928,0.0,0.9928,false,true,S3-134118960,source3
S1-100377404,39,0,0,0,0,0.0001,0.0,0.0,true,false,S2-713055989,source2
S1-100405609,2,0,0,0,0,0.0,0.0,0.0,true,false,S2-215164855,source2
S1-100423337,1,1,1,1,1,0.9988,0.0,0.9988,false,true,S2-462002062,source2
S1-100899977,1,0,0,0,0,0.0,0.0,0.0,true,false,S3-106493296,source3
S1-100901319,1,0,0,0,0,0.0,0.0,0.0,true,false,S2-395632950,source2
S1-100946908,3,0,0,0,0,0.0002,0.0001,0.0001,true,false,S2-903779353,source2
S1-100979361,3,0,0,0,0,0.0,0.0,0.0,true,false,S2-853799526,source2
S1-101016440,2,0,0,0,0,0.0,0.0,0.0,true,false,S2-973464365,source2
S1-101076392,74,0,0,0,0,0.0004,0.0001,0.0003,true,false,S2-588940457,source2
S1-101122655,42,0,0,0,0,0.0,0.0,0.0,true,false,S3-890796660,source3
S1-101153630,1,0,0,0,0,0.0001,0.0,0.0001,true,false,S2-697924266,source2
S1-101276664,62,0,0,0,0,0.0002,0.0,0.0001,true,false,S3-267727561,source3
S1-101336276,2,0,0,0,0,0.0,0.0,0.0,true,false,S3-632958191,source3
S1-101517480,1,0,0,0,0,0.0,0.0,0.0,true,false,S3-616774466,source3
S1-101523053,1,0,0,0,0,0.0199,0.0,0.0199,true,false,S3-920699242,source3
S1-101650418,7,0,0,0,0,0.0,0.0,0.0,true,false,S2-339737852,source2
S1-101683087,54,0,0,0,0,0.0,0.0,0.0,true,false,S3-42100441,source3
S1-101715485,23,0,0,0,0,0.0002,0.0,0.0002,true,false,S2-441938596,source2
S1-101751465,3,0,0,0,0,0.0216,0.0001,0.0215,true,false,S2-44162524,source2
S1-101780847,3,0,0,0,0,0.0,0.0,0.0,true,false,S3-491514224,source3
S1-102111269,2,0,0,0,0,0.0,0.0,0.0,true,false,S2-786189456,source2
S1-10212556,1,1,1,1,1,0.9863,0.0,0.9863,false,true,S2-529805872,source2
S1-102170593,1,0,0,0,0,0.0,0.0,0.0,true,false,S3-676674557,source3
S1-102654924,37,0,0,0,0,0.0005,0.0,0.0004,true,false,S3-309656009,source3
S1-102733049,1,0,0,0,0,0.0001,0.0,0.0001,true,false,S3-397717230,source3
S1-102798213,1,1,1,1,1,0.9997,0.0,0.9997,false,true,S2-70300079,source2
S1-102805722,2,0,0,0,0,0.0,0.0,0.0,true,false,S3-66095919,source3
S1-102806263,3,0,0,0,0,0.016,0.0001,0.016,true,false,S2-72408016,source2
S1-102840576,36,0,0,0,0,0.0,0.0,0.0,true,false,S3-641145755,source3
S1-102945390,58,0,0,0,0,0.0004,0.0002,0.0001,true,false,S2-648024492,source2
S1-10296920,113,0,0,0,0,0.0,0.0,0.0,true,false,S3-26157292,source3
S1-102973018,1,1,0,0,0,0.8139,0.0,0.8139,false,true,S2-337033433,source2
S1-103125470,2,0,0,0,0,0.0,0.0,0.0,true,false,S2-238469305,source2
S1-103223423,47,0,0,0,0,0.0,0.0,0.0,true,false,S3-53584208,source3
S1-103293741,54,0,0,0,0,0.0,0.0,0.0,true,false,S2-807570161,source2
S1-103401708,1,0,0,0,0,0.0,0.0,0.0,true,false,S3-37368201,source3
S1-103433315,6,0,0,0,0,0.0003,0.0,0.0002,true,false,S2-134405648,source2
S1-103551965,1,0,0,0,0,0.0,0.0,0.0,true,false,S2-657373807,source2
S1-103602194,6,1,0,0,0,0.4229,0.0,0.4229,false,true,S3-56115177,source3
S1-10370502,5,0,0,0,0,0.0001,0.0001,0.0,true,false,S3-967911607,source3
S1-103850945,57,0,0,0,0,0.0,0.0,0.0,true,false,S2-27117854,source2
S1-104065800,4,0,0,0,0,0.0005,0.0,0.0005,true,false,S3-654354077,source3
S1-104210175,36,0,0,0,0,0.77,0.0,0.77,true,false,S2-205614877,source2
S1-104288377,2,0,0,0,0,0.0,0.0,0.0,true,false,S3-148199656,source3
S1-1043533,1,0,0,0,0,0.0,0.0,0.0,true,false,S3-869479311,source3
S1-104419363,2,0,0,0,0,0.0,0.0,0.0,true,false,S3-937619645,source3
S1-104439648,1,0,0,0,0,0.0,0.0,0.0,true,false,S3-752336409,source3
S1-10445846,6,0,0,0,0,0.0133,0.0001,0.0132,true,false,S2-646867412,source2
S1-104472205,5,0,0,0,0,0.0,0.0,0.0,true,false,S2-893736608,source2
S1-104489128,2,0,0,0,0,0.0,0.0,0.0,true,false,S3-213681128,source3
S1-104540583,12,0,0,0,0,0.0,0.0,0.0,true,false,S2-608232729,source2
S1-10461095,35,0,0,0,0,0.0,0.0,0.0,true,false,S2-391886434,source2
S1-104814249,1,0,0,0,0,0.0,0.0,0.0,true,false,S2-387068995,source2
S1-104906090,1,0,0,0,0,0.0,0.0,0.0,true,false,S2-75408449,source2
S1-10491612,1,1,1,0,0,0.8973,0.0,0.8973,false,true,S3-59606543,source3
S1-105011790,1,0,0,0,0,0.0,0.0,0.0,true,false,S2-339142042,source2
S1-105040181,28,0,0,0,0,0.0086,0.0,0.0086,true,false,S3-259510848,source3
S1-105284339,5,0,0,0,0,0.0,0.0,0.0,true,false,S3-441697244,source3
S1-10576259,1,0,0,0,0,0.0,0.0,0.0,true,false,S3-30993220,source3
S1-106011786,1,0,0,0,0,0.0,0.0,0.0,true,false,S3-495928053,source3
S1-106170397,1,1,1,0,0,0.8344,0.0,0.8344,false,true,S3-70544111,source3
S1-106296110,73,0,0,0,0,0.0001,0.0,0.0,true,false,S2-518900547,source2
S1-106408187,3,0,0,0,0,0.0,0.0,0.0,true,false,S3-610386045,source3
S1-106418728,30,0,0,0,0,0.0001,0.0,0.0,true,false,S2-176453879,source2
S1-106470222,3,0,0,0,0,0.0,0.0,0.0,true,false,S2-395448941,source2
S1-10647393,7,0,0,0,0,0.0004,0.0001,0.0003,true,false,S3-704352086,source3
S1-106480523,43,0,0,0,0,0.0,0.0,0.0,true,false,S3-569748241,source3
S1-106766409,1,0,0,0,0,0.0,0.0,0.0,true,false,S2-409647370,source2
S1-106775939,43,0,0,0,0,0.003,0.0001,0.003,true,false,S3-278968813,source3
S1-10678602,42,0,0,0,0,0.0001,0.0,0.0,true,false,S2-621450423,source2
S1-106999917,1,0,0,0,0,0.0,0.0,0.0,true,false,S2-534492273,source2
S1-107061433,43,0,0,0,0,0.0,0.0,0.0,true,false,S3-185808197,source3
S1-107086888,1,0,0,0,0,0.0,0.0,0.0,true,false,S3-866526597,source3
S1-107133664,4,0,0,0,0,0.0001,0.0001,0.0,true,false,S2-809305043,source2
S1-107204769,41,0,0,0,0,0.0,0.0,0.0,true,false,S2-654954617,source2
S1-107246055,1,0,0,0,0,0.0,0.0,0.0,true,false,S2-626373193,source2
S1-10726659,1,0,0,0,0,0.0001,0.0,0.0001,true,false,S2-318105691,source2
S1-107367404,1,0,0,0,0,0.0001,0.0,0.0001,true,false,S3-670025369,source3
S1-107415535,1,0,0,0,0,0.0,0.0,0.0,true,false,S2-28197280,source2
S1-107490330,1,0,0,0,0,0.0,0.0,0.0,true,false,S3-10037767,source3
S1-107778647,4,0,0,0,0,0.0006,0.0005,0.0001,true,false,S2-962278383,source2
S1-10801577,2,0,0,0,0,0.0,0.0,0.0,true,false,S2-800239837,source2
S1-108225323,1,1,1,1,1,0.9987,0.0,0.9987,false,true,S3-275459248,source3
S1-108314429,30,0,0,0,0,0.0,0.0,0.0,true,false,S2-458377596,source2
S1-108346514,5,0,0,0,0,0.0002,0.0,0.0002,true,false,S3-446752337,source3
S1-108494148,1,0,0,0,0,0.0,0.0,0.0,true,false,S3-574369026,source3
S1-108494867,1,0,0,0,0,0.0,0.0,0.0,true,false,S2-428985968,source2
S1-108551334,38,0,0,0,0,0.0,0.0,0.0,true,false,S3-15080674,source3
S1-108566532,38,0,0,0,0,0.0,0.0,0.0,true,false,S2-151193509,source2
S1-108699411,1,0,0,0,0,0.0002,0.0,0.0002,true,false,S2-342852557,source2
S1-108750594,1,0,0,0,0,0.0,0.0,0.0,true,false,S3-328044404,source3
S1-108838295,70,0,0,0,0,0.0001,0.0,0.0,true,false,S3-516727609,source3
S1-108888770,1,0,0,0,0,0.0764,0.0,0.0764,true,false,S2-353165166,source2
S1-108969760,45,0,0,0,0,0.0,0.0,0.0,true,false,S3-825072403,source3
S1-109041683,1,0,0,0,0,0.0049,0.0,0.0049,true,false,S2-723320932,source2
S1-109132023,2,0,0,0,0,0.0,0.0,0.0,true,false,S2-781127469,source2
S1-109258380,1,0,0,0,0,0.0,0.0,0.0,true,false,S2-995735104,source2
S1-109339365,1,0,0,0,0,0.0,0.0,0.0,true,false,S3-849454402,source3
S1-10935410,22,0,0,0,0,0.0,0.0,0.0,true,false,S3-606155390,source3
S1-109461975,1,1,1,1,0,0.9337,0.0,0.9337,false,true,S3-472651362,source3
S1-109593962,38,0,0,0,0,0.0001,0.0,0.0001,true,false,S2-316491987,source2
S1-109703928,1,0,0,0,0,0.0,0.0,0.0,true,false,S3-472781921,source3
S1-109732387,2,0,0,0,0,0.0,0.0,0.0,true,false,S2-937664263,source2
S1-110029585,1,1,1,1,1,0.9991,0.0,0.9991,false,true,S2-280820951,source2
S1-110033759,11,0,0,0,0,0.0,0.0,0.0,true,false,S2-119947975,source2
S1-110036027,27,0,0,0,0,0.0,0.0,0.0,true,false,S3-176339077,source3
S1-11030863,1,0,0,0,0,0.0001,0.0,0.0001,true,false,S2-85336944,source2
S1-110343011,1,0,0,0,0,0.0,0.0,0.0,true,false,S2-914933428,source2
S1-11038305,46,0,0,0,0,0.0,0.0,0.0,true,false,S2-974796269,source2
S1-110429654,1,0,0,0,0,0.0,0.0,0.0,true,false,S2-396200738,source2
S1-110499651,6,0,0,0,0,0.2175,0.0033,0.2142,true,false,S2-655597234,source2
S1-110602510,38,0,0,0,0,0.0,0.0,0.0,true,false,S2-786542656,source2
S1-110714502,2,0,0,0,0,0.0001,0.0,0.0001,true,false,S3-318842620,source3
S1-110865548,22,0,0,0,0,0.0,0.0,0.0,true,false,S3-901949212,source3
S1-110937475,1,0,0,0,0,0.0002,0.0,0.0002,true,false,S3-242636832,source3
S1-111101994,9,0,0,0,0,0.0,0.0,0.0,true,false,S2-247610312,source2
S1-111106874,2,0,0,0,0,0.0,0.0,0.0,true,false,S2-348434736,source2
S1-111197942,1,0,0,0,0,0.0001,0.0,0.0001,true,false,S3-371169465,source3
S1-111263368,1,0,0,0,0,0.0,0.0,0.0,true,false,S2-307694977,source2
S1-111273522,74,0,0,0,0,0.0,0.0,0.0,true,false,S3-45425714,source3
S1-111332401,1,1,1,1,1,0.9955,0.0,0.9955,false,true,S3-454039785,source3
S1-111583520,8,0,0,0,0,0.0,0.0,0.0,true,false,S3-722306181,source3
S1-111650357,2,0,0,0,0,0.0,0.0,0.0,true,false,S3-738706729,source3
S1-11166434,3,0,0,0,0,0.0,0.0,0.0,true,false,S2-237192108,source2
S1-111673633,36,0,0,0,0,0.0001,0.0,0.0,true,false,S2-279776099,source2
S1-111711391,2,1,1,1,1,0.9995,0.0,0.9995,false,true,S2-164900083,source2
S1-11179501,2,0,0,0,0,0.0,0.0,0.0,true,false,S3-222431648,source3
S1-111821062,1,0,0,0,0,0.0,0.0,0.0,true,false,S2-388009895,source2
S1-111821207,1,0,0,0,0,0.0005,0.0,0.0005,true,false,S3-875497953,source3
S1-111822063,24,0,0,0,0,0.0,0.0,0.0,true,false,S3-837988529,source3
S1-111842483,10,1,1,1,1,0.9998,0.0002,0.9996,false,true,S2-739312261,source2
S1-111970994,1,0,0,0,0,0.0,0.0,0.0,true,false,S3-826512377,source3
S1-112162313,4,0,0,0,0,0.0,0.0,0.0,true,false,S2-204008470,source2
S1-112329223,2,0,0,0,0,0.0,0.0,0.0,true,false,S3-107793759,source3
S1-112517467,44,0,0,0,0,0.0002,0.0,0.0001,true,false,S3-779287634,source3
S1-112553621,11,0,0,0,0,0.0,0.0,0.0,true,false,S3-278467857,source3
S1-112554114,4,2,2,2,2,0.996,0.9893,0.0067,false,true,S3-893286299,source3
S1-112583852,1,0,0,0,0,0.0,0.0,0.0,true,false,S2-187697334,source2
S1-112602031,18,0,0,0,0,0.0002,0.0002,0.0,true,false,S3-329810583,source3
S1-11272601,1,0,0,0,0,0.0,0.0,0.0,true,false,S3-872394714,source3
S1-112923460,25,0,0,0,0,0.0,0.0,0.0,true,false,S3-862867548,source3
S1-112949554,1,0,0,0,0,0.0,0.0,0.0,true,false,S2-102690272,source2
S1-112999138,1,0,0,0,0,0.0,0.0,0.0,true,false,S2-840961779,source2
S1-113021199,1,0,0,0,0,0.0,0.0,0.0,true,false,S2-961318602,source2
S1-113169024,1,0,0,0,0,0.0,0.0,0.0,true,false,S3-658953719,source3
S1-113180460,1,0,0,0,0,0.0006,0.0,0.0006,true,false,S2-436282991,source2
S1-113308274,3,0,0,0,0,0.0,0.0,0.0,true,false,S3-328952319,source3
S1-113616197,41,0,0,0,0,0.0,0.0,0.0,true,false,S3-950288857,source3
S1-113619093,1,0,0,0,0,0.0,0.0,0.0,true,false,S2-921202375,source2
S1-113671979,37,0,0,0,0,0.0,0.0,0.0,true,false,S3-428209909,source3
S1-113810229,2,0,0,0,0,0.0,0.0,0.0,true,false,S3-694629008,source3
S1-113840693,1,0,0,0,0,0.0001,0.0,0.0001,true,false,S2-907215253,source2
S1-113951846,1,0,0,0,0,0.0,0.0,0.0,true,false,S3-788062473,source3
S1-114030121,5,0,0,0,0,0.0001,0.0,0.0,true,false,S2-553211088,source2
S1-11408993,1,0,0,0,0,0.0001,0.0,0.0001,true,false,S2-731461355,source2
S1-11414769,1,0,0,0,0,0.0,0.0,0.0,true,false,S2-462035650,source2
S1-114194241,16,0,0,0,0,0.1668,0.0002,0.1667,true,false,S2-227289582,source2
S1-114229458,3,0,0,0,0,0.0,0.0,0.0,true,false,S2-573375520,source2
S1-114265924,2,0,0,0,0,0.0,0.0,0.0,true,false,S2-332605006,source2
S1-114380129,6,0,0,0,0,0.0029,0.0,0.0029,true,false,S2-259053443,source2
S1-11447650,39,0,0,0,0,0.0,0.0,0.0,true,false,S2-428604792,source2
S1-11454997,1,0,0,0,0,0.0,0.0,0.0,true,false,S3-324744026,source3
S1-114649319,1,0,0,0,0,0.0,0.0,0.0,true,false,S3-399394616,source3
S1-114891444,2,0,0,0,0,0.0001,0.0,0.0001,true,false,S3-31437369,source3
S1-11494983,1,0,0,0,0,0.0149,0.0,0.0149,true,false,S3-983809427,source3
S1-114991238,23,0,0,0,0,0.0,0.0,0.0,true,false,S2-609588678,source2
S1-115144711,35,0,0,0,0,0.0001,0.0,0.0001,true,false,S2-864600696,source2
S1-115254797,1,0,0,0,0,0.0,0.0,0.0,true,false,S3-39589263,source3
S1-115568671,18,0,0,0,0,0.0013,0.0004,0.0009,true,false,S2-266310644,source2
S1-115733041,1,1,1,1,1,0.9866,0.0,0.9866,false,true,S2-183790719,source2
S1-115739161,12,0,0,0,0,0.0001,0.0,0.0001,true,false,S2-583492953,source2
S1-115876182,1,0,0,0,0,0.0,0.0,0.0,true,false,S2-433963001,source2
S1-115881588,1,0,0,0,0,0.0001,0.0,0.0001,true,false,S2-770943775,source2
S1-11599922,1,0,0,0,0,0.0001,0.0,0.0001,true,false,S3-523265340,source3
S1-116010043,1,0,0,0,0,0.0,0.0,0.0,true,false,S3-202207374,source3
S1-116227040,8,0,0,0,0,0.0,0.0,0.0,true,false,S3-315431486,source3
S1-116247627,1,0,0,0,0,0.0,0.0,0.0,true,false,S3-887859489,source3
S1-116357657,57,0,0,0,0,0.0001,0.0,0.0,true,false,S3-31437369,source3
S1-116361766,13,0,0,0,0,0.0002,0.0001,0.0001,true,false,S2-795089767,source2
S1-116623167,2,0,0,0,0,0.0,0.0,0.0,true,false,S3-542888329,source3
S1-116643047,2,0,0,0,0,0.0,0.0,0.0,true,false,S3-410472822,source3
S1-116684380,29,0,0,0,0,0.0001,0.0,0.0001,true,false,S3-939786038,source3
S1-116785875,1,0,0,0,0,0.0124,0.0,0.0124,true,false,S3-397429176,source3
S1-116808389,3,0,0,0,0,0.014,0.0,0.014,true,false,S3-177612046,source3
S1-117064429,1,0,0,0,0,0.0,0.0,0.0,true,false,S2-409215355,source2
S1-117096888,30,0,0,0,0,0.0,0.0,0.0,true,false,S3-848410215,source3
S1-117150004,2,1,0,0,0,0.0258,0.0,0.0258,false,true,S2-991691724,source2
S1-117227369,1,0,0,0,0,0.0026,0.0,0.0026,true,false,S3-927916650,source3
S1-117240365,1,0,0,0,0,0.0,0.0,0.0,true,false,S2-133508159,source2
S1-117321194,4,0,0,0,0,0.0,0.0,0.0,true,false,S2-766334271,source2
S1-117412847,13,0,0,0,0,0.0001,0.0001,0.0,true,false,S2-6559339,source2
S1-117436807,30,0,0,0,0,0.0,0.0,0.0,true,false,S2-455922884,source2
S1-117454975,1,0,0,0,0,0.0,0.0,0.0,true,false,S3-696104880,source3
S1-117544706,1,0,0,0,0,0.0,0.0,0.0,true,false,S2-853612106,source2
S1-117588400,13,0,0,0,0,0.0001,0.0001,0.0,true,false,S3-723358649,source3
S1-117708552,5,0,0,0,0,0.0,0.0,0.0,true,false,S2-568578886,source2
S1-117858081,26,0,0,0,0,0.0,0.0,0.0,true,false,S3-516953165,source3
S1-117954160,1,0,0,0,0,0.0,0.0,0.0,true,false,S2-944263805,source2
S1-118084305,6,0,0,0,0,0.0002,0.0001,0.0001,true,false,S3-834481565,source3
S1-118248054,1,0,0,0,0,0.0,0.0,0.0,true,false,S3-259757440,source3
S1-118338310,1,0,0,0,0,0.0,0.0,0.0,true,false,S3-999798746,source3
S1-118463867,2,0,0,0,0,0.0001,0.0001,0.0,true,false,S3-556785725,source3
S1-11850680,3,0,0,0,0,0.0001,0.0,0.0001,true,false,S3-646743390,source3
S1-118602223,1,0,0,0,0,0.0,0.0,0.0,true,false,S3-200956306,source3
S1-118613920,32,0,0,0,0,0.0,0.0,0.0,true,false,S2-671649180,source2
S1-118684401,1,0,0,0,0,0.0,0.0,0.0,true,false,S3-379609802,source3
S1-118813956,3,0,0,0,0,0.0,0.0,0.0,true,false,S3-973037798,source3
S1-118999722,1,0,0,0,0,0.0,0.0,0.0,true,false,S2-320602361,source2
S1-119168141,1,0,0,0,0,0.0,0.0,0.0,true,false,S3-734301681,source3
S1-119171444,36,0,0,0,0,0.0,0.0,0.0,true,false,S2-901785576,source2
S1-119217493,38,0,0,0,0,0.0004,0.0001,0.0003,true,false,S2-66924417,source2
S1-119262573,1,0,0,0,0,0.0,0.0,0.0,true,false,S3-915172172,source3
S1-119279828,7,0,0,0,0,0.0,0.0,0.0,true,false,S2-614786096,source2
S1-119458643,25,0,0,0,0,0.0,0.0,0.0,true,false,S3-264741840,source3
S1-119761551,33,0,0,0,0,0.0,0.0,0.0,true,false,S2-43810733,source2
S1-119783341,57,0,0,0,0,0.0,0.0,0.0,true,false,S2-706043760,source2
S1-119818523,9,0,0,0,0,0.0001,0.0,0.0,true,false,S2-365201421,source2
S1-119826196,24,0,0,0,0,0.0867,0.0,0.0866,true,false,S3-617650221,source3
S1-119896857,1,0,0,0,0,0.0,0.0,0.0,true,false,S2-195865543,source2
S1-120176877,1,1,0,0,0,0.5949,0.0,0.5949,false,true,S3-859735351,source3
S1-120176920,2,1,1,1,1,0.9951,0.0,0.9951,false,true,S2-158572268,source2
S1-120365256,8,0,0,0,0,0.0001,0.0,0.0,true,false,S3-148910668,source3
S1-120391344,1,0,0,0,0,0.0002,0.0,0.0002,true,false,S2-541208228,source2
S1-12041665,2,0,0,0,0,0.0,0.0,0.0,true,false,S2-641807236,source2
S1-120641530,2,0,0,0,0,0.0,0.0,0.0,true,false,S3-785635928,source3
S1-120848698,39,0,0,0,0,0.0,0.0,0.0,true,false,S2-171688840,source2
S1-120904830,1,0,0,0,0,0.0,0.0,0.0,true,false,S2-781358249,source2
S1-120957576,14,0,0,0,0,0.0002,0.0002,0.0,true,false,S2-774596915,source2
S1-121055319,2,0,0,0,0,0.0,0.0,0.0,true,false,S3-106706127,source3
S1-121249943,12,0,0,0,0,0.0001,0.0001,0.0,true,false,S3-602703147,source3
S1-121428705,2,1,1,1,0,0.9046,0.0,0.9045,false,true,S2-783860047,source2
S1-121581827,15,0,0,0,0,0.007,0.0003,0.0067,true,false,S3-689689104,source3
S1-121604997,2,0,0,0,0,0.0001,0.0,0.0,true,false,S2-76634487,source2
S1-121623097,1,0,0,0,0,0.0,0.0,0.0,true,false,S3-32834545,source3
S1-121664621,3,0,0,0,0,0.0004,0.0001,0.0003,true,false,S2-392958095,source2
S1-121832292,5,0,0,0,0,0.0489,0.0016,0.0473,true,false,S2-180809434,source2
S1-121839562,3,1,0,0,0,0.001,0.0,0.001,false,true,S3-42114892,source3
S1-121982108,4,0,0,0,0,0.0,0.0,0.0,true,false,S2-912624364,source2
S1-122003718,58,0,0,0,0,0.0,0.0,0.0,true,false,S2-249209933,source2
S1-122215341,2,0,0,0,0,0.0002,0.0,0.0002,true,false,S2-712777388,source2
S1-122252916,1,0,0,0,0,0.0001,0.0,0.0001,true,false,S3-23078059,source3
S1-122297973,1,0,0,0,0,0.0,0.0,0.0,true,false,S3-443722463,source3
S1-122423457,51,0,0,0,0,0.5365,0.0003,0.5362,true,false,S2-920240066,source2
S1-122501928,32,0,0,0,0,0.0,0.0,0.0,true,false,S3-51661,source3
S1-122637196,2,0,0,0,0,0.0,0.0,0.0,true,false,S2-707939285,source2
S1-122671204,42,0,0,0,0,0.0,0.0,0.0,true,false,S3-922309888,source3
S1-122910153,1,0,0,0,0,0.0,0.0,0.0,true,false,S3-446769837,source3
S1-122998753,1,0,0,0,0,0.0,0.0,0.0,true,false,S3-162141482,source3
S1-123056977,3,0,0,0,0,0.0,0.0,0.0,true,false,S2-616882745,source2
S1-123141974,3,0,0,0,0,0.0,0.0,0.0,true,false,S2-582342584,source2
S1-123207269,5,0,0,0,0,0.0,0.0,0.0,true,false,S3-94784419,source3
S1-123433903,35,0,0,0,0,0.0,0.0,0.0,true,false,S2-55421595,source2
S1-123491722,4,0,0,0,0,0.0007,0.0001,0.0005,true,false,S3-503646152,source3
S1-123654641,2,0,0,0,0,0.0004,0.0,0.0003,true,false,S2-468890387,source2
S1-123756506,1,0,0,0,0,0.0,0.0,0.0,true,false,S2-918501996,source2
S1-124084010,2,0,0,0,0,0.0001,0.0001,0.0,true,false,S2-914059095,source2
S1-124094285,1,0,0,0,0,0.0,0.0,0.0,true,false,S3-52378572,source3
S1-124216627,24,0,0,0,0,0.0,0.0,0.0,true,false,S3-793285527,source3
S1-124308942,1,0,0,0,0,0.0,0.0,0.0,true,false,S2-276207646,source2
S1-124312817,2,0,0,0,0,0.0003,0.0,0.0003,true,false,S2-88662644,source2
S1-124378508,49,0,0,0,0,0.0,0.0,0.0,true,false,S3-4086513,source3
S1-124391901,11,1,1,1,1,0.9988,0.0001,0.9987,false,true,S2-911676239,source2
S1-124451267,1,0,0,0,0,0.0,0.0,0.0,true,false,S3-546952413,source3
S1-124467266,9,0,0,0,0,0.0,0.0,0.0,true,false,S2-761100841,source2
S1-124608680,1,0,0,0,0,0.0067,0.0,0.0067,true,false,S3-153134565,source3
S1-124794328,30,1,0,0,0,0.4785,0.0,0.4784,false,true,S3-136780158,source3
S1-124830824,14,0,0,0,0,0.0002,0.0001,0.0001,true,false,S2-577335449,source2
S1-12485775,1,0,0,0,0,0.0,0.0,0.0,true,false,S2-471616572,source2
S1-12487330,2,0,0,0,0,0.0,0.0,0.0,true,false,S3-15352348,source3
S1-125012286,2,0,0,0,0,0.0,0.0,0.0,true,false,S3-112603471,source3
S1-125132307,26,0,0,0,0,0.0,0.0,0.0,true,false,S3-227152998,source3
S1-125210246,1,0,0,0,0,0.0,0.0,0.0,true,false,S2-280423223,source2
S1-125288628,47,0,0,0,0,0.0,0.0,0.0,true,false,S2-360065271,source2
S1-125294099,1,0,0,0,0,0.0046,0.0,0.0046,true,false,S2-226252133,source2
S1-125409562,1,0,0,0,0,0.0001,0.0,0.0001,true,false,S2-667054207,source2
S1-125466337,1,0,0,0,0,0.0,0.0,0.0,true,false,S2-566737083,source2
S1-125516375,36,0,0,0,0,0.0,0.0,0.0,true,false,S3-527980140,source3
S1-125727282,1,0,0,0,0,0.0,0.0,0.0,true,false,S2-981704816,source2
S1-125736209,1,0,0,0,0,0.0,0.0,0.0,true,false,S3-305981168,source3
S1-125769364,41,0,0,0,0,0.0,0.0,0.0,true,false,S3-321834140,source3
S1-125787212,1,0,0,0,0,0.0,0.0,0.0,true,false,S2-72648497,source2
S1-126022441,1,0,0,0,0,0.0001,0.0,0.0001,true,false,S2-865241419,source2
S1-126149127,74,0,0,0,0,0.0001,0.0,0.0001,true,false,S2-161956716,source2
S1-126258727,1,0,0,0,0,0.0,0.0,0.0,true,false,S3-663535316,source3
S1-126263710,11,0,0,0,0,0.0001,0.0001,0.0,true,false,S2-593694466,source2
S1-126393436,56,0,0,0,0,0.0001,0.0,0.0001,true,false,S3-216014667,source3
S1-126440778,2,0,0,0,0,0.0,0.0,0.0,true,false,S2-998494153,source2
S1-126596861,2,0,0,0,0,0.0,0.0,0.0,true,false,S2-910839611,source2
S1-126698081,2,0,0,0,0,0.0,0.0,0.0,true,false,S2-210993421,source2
S1-126740965,1,0,0,0,0,0.0,0.0,0.0,true,false,S2-627880413,source2
S1-126743116,2,0,0,0,0,0.0,0.0,0.0,true,false,S2-435618767,source2
S1-126767089,1,0,0,0,0,0.2695,0.0,0.2695,true,false,S2-451992935,source2
S1-126776364,113,0,0,0,0,0.0,0.0,0.0,true,false,S3-344183576,source3
S1-12685940,1,1,1,1,1,0.9817,0.0,0.9817,false,true,S3-620156041,source3
S1-126927804,4,0,0,0,0,0.0409,0.0,0.0409,true,false,S3-51661,source3
S1-12699088,2,0,0,0,0,0.0,0.0,0.0,true,false,S2-739585711,source2
S1-127186532,1,0,0,0,0,0.3505,0.0,0.3505,true,false,S3-534699114,source3
S1-127222577,42,0,0,0,0,0.0,0.0,0.0,true,false,S2-560449715,source2
S1-127303749,2,0,0,0,0,0.0,0.0,0.0,true,false,S2-845577049,source2
S1-127314399,9,0,0,0,0,0.0001,0.0001,0.0,true,false,S3-75465587,source3
S1-12736716,2,2,2,2,2,0.999,0.9974,0.0016,false,true,S2-564246707,source2
S1-127394375,1,0,0,0,0,0.0,0.0,0.0,true,false,S3-796510564,source3
S1-127444556,1,0,0,0,0,0.0,0.0,0.0,true,false,S2-820633064,source2
S1-127463334,48,0,0,0,0,0.0,0.0,0.0,true,false,S3-969479300,source3
S1-127605228,1,0,0,0,0,0.0012,0.0,0.0012,true,false,S2-101252955,source2
S1-12775585,1,0,0,0,0,0.0,0.0,0.0,true,false,S2-620016564,source2
S1-127766388,2,0,0,0,0,0.0,0.0,0.0,true,false,S2-399928389,source2
S1-127835134,7,0,0,0,0,0.0001,0.0001,0.0,true,false,S2-492378323,source2
S1-127987934,3,0,0,0,0,0.0731,0.0,0.0731,true,false,S3-634655058,source3
S1-128371993,4,0,0,0,0,0.0,0.0,0.0,true,false,S2-703306612,source2
S1-128603737,14,0,0,0,0,0.0002,0.0001,0.0001,true,false,S2-922138256,source2
S1-128634060,1,0,0,0,0,0.0,0.0,0.0,true,false,S3-969168724,source3
S1-128671327,34,0,0,0,0,0.0,0.0,0.0,true,false,S2-115146211,source2
S1-128695268,2,0,0,0,0,0.0,0.0,0.0,true,false,S3-369031270,source3
S1-128695573,1,0,0,0,0,0.0,0.0,0.0,true,false,S3-260455973,source3
S1-12875924,14,0,0,0,0,0.0018,0.0001,0.0017,true,false,S2-168976669,source2
S1-128981240,1,0,0,0,0,0.7142,0.0,0.7142,true,false,S3-386240864,source3
S1-129019824,1,0,0,0,0,0.0,0.0,0.0,true,false,S2-313291466,source2
S1-129063661,49,0,0,0,0,0.0001,0.0,0.0,true,false,S2-342712833,source2
S1-129110529,51,0,0,0,0,0.0,0.0,0.0,true,false,S3-458486344,source3
S1-129126625,1,0,0,0,0,0.0001,0.0,0.0001,true,false,S3-474872956,source3
S1-1291463,36,0,0,0,0,0.0,0.0,0.0,true,false,S3-931855762,source3
S1-129166167,1,0,0,0,0,0.0,0.0,0.0,true,false,S2-986448283,source2
S1-129176396,1,1,1,1,1,0.999,0.0,0.999,false,true,S2-335585674,source2
S1-129379997,1,0,0,0,0,0.0,0.0,0.0,true,false,S3-589386453,source3
S1-129422789,3,0,0,0,0,0.0001,0.0,0.0,true,false,S2-447809638,source2
S1-12943250,1,0,0,0,0,0.0,0.0,0.0,true,false,S2-152926449,source2
S1-129830376,25,0,0,0,0,0.0,0.0,0.0,true,false,S3-901201480,source3
S1-130034572,4,0,0,0,0,0.0001,0.0001,0.0,true,false,S3-990372771,source3
S1-130036606,2,0,0,0,0,0.0002,0.0,0.0002,true,false,S3-112112297,source3
S1-130047832,2,0,0,0,0,0.0,0.0,0.0,true,false,S3-212012794,source3
S1-130083530,4,0,0,0,0,0.0001,0.0,0.0001,true,false,S2-570560297,source2
S1-13024785,29,0,0,0,0,0.0,0.0,0.0,true,false,S2-272107686,source2
S1-130378264,5,0,0,0,0,0.0,0.0,0.0,true,false,S3-459529146,source3
S1-130677609,42,0,0,0,0,0.0,0.0,0.0,true,false,S2-488548827,source2
S1-130695685,4,0,0,0,0,0.0,0.0,0.0,true,false,S3-368171587,source3
S1-130948558,4,0,0,0,0,0.0,0.0,0.0,true,false,S2-300352086,source2
S1-13106651,1,0,0,0,0,0.0,0.0,0.0,true,false,S3-625588117,source3
S1-131116971,38,0,0,0,0,0.0,0.0,0.0,true,false,S2-543459874,source2
S1-131286238,41,0,0,0,0,0.0,0.0,0.0,true,false,S3-472286617,source3
S1-131288997,3,1,1,1,1,0.9998,0.0,0.9997,false,true,S2-681568197,source2
S1-131314062,1,0,0,0,0,0.0,0.0,0.0,true,false,S3-133658709,source3
S1-131392607,6,0,0,0,0,0.0,0.0,0.0,true,false,S2-193026221,source2
S1-131487861,40,0,0,0,0,0.001,0.0002,0.0008,true,false,S2-948293396,source2
S1-131544026,47,0,0,0,0,0.0,0.0,0.0,true,false,S2-525889040,source2
S1-131616589,1,0,0,0,0,0.0,0.0,0.0,true,false,S3-904915098,source3
S1-131694328,14,1,1,1,1,0.9986,0.0001,0.9986,false,true,S3-453861271,source3
S1-13173234,1,0,0,0,0,0.0,0.0,0.0,true,false,S3-804650155,source3
S1-131797245,3,0,0,0,0,0.0001,0.0001,0.0,true,false,S2-494937834,source2
S1-13184655,2,0,0,0,0,0.0,0.0,0.0,true,false,S2-889587153,source2
S1-131911443,1,0,0,0,0,0.0,0.0,0.0,true,false,S3-447455635,source3
S1-132269113,30,0,0,0,0,0.0,0.0,0.0,true,false,S2-999295720,source2
S1-132337315,1,0,0,0,0,0.0,0.0,0.0,true,false,S3-170229472,source3
S1-132383645,1,0,0,0,0,0.0,0.0,0.0,true,false,S3-921471996,source3
S1-132481041,2,0,0,0,0,0.0,0.0,0.0,true,false,S3-86658242,source3
S1-132726348,1,0,0,0,0,0.0,0.0,0.0,true,false,S2-546333541,source2
S1-132733362,22,0,0,0,0,0.0,0.0,0.0,true,false,S3-340342246,source3
S1-132864306,1,0,0,0,0,0.0,0.0,0.0,true,false,S3-199821793,source3
S1-133008163,1,1,1,1,1,0.9998,0.0,0.9998,false,true,S2-327631457,source2
S1-133037285,1,0,0,0,0,0.0,0.0,0.0,true,false,S2-980137130,source2
S1-133110515,1,0,0,0,0,0.0,0.0,0.0,true,false,S2-204556967,source2
S1-133216185,1,0,0,0,0,0.072,0.0,0.072,true,false,S3-75478988,source3
S1-133685020,1,0,0,0,0,0.0,0.0,0.0,true,false,S2-154748565,source2
S1-133860060,1,1,1,1,1,0.9995,0.0,0.9995,false,true,S2-43889792,source2
S1-133951992,47,0,0,0,0,0.0,0.0,0.0,true,false,S2-75752139,source2
S1-133966420,55,0,0,0,0,0.0002,0.0002,0.0,true,false,S2-160442723,source2
S1-133987037,2,0,0,0,0,0.0,0.0,0.0,true,false,S3-937656129,source3
S1-134077989,43,0,0,0,0,0.0,0.0,0.0,true,false,S2-417780470,source2
S1-1340852,1,0,0,0,0,0.0,0.0,0.0,true,false,S3-439667927,source3
S1-134095426,41,0,0,0,0,0.0004,0.0,0.0003,true,false,S2-929823058,source2
S1-134125844,2,0,0,0,0,0.0,0.0,0.0,true,false,S2-51459400,source2
S1-13464042,1,0,0,0,0,0.0,0.0,0.0,true,false,S2-44295627,source2
S1-134701923,1,0,0,0,0,0.0,0.0,0.0,true,false,S2-628848549,source2
S1-134717804,2,0,0,0,0,0.0,0.0,0.0,true,false,S2-533185918,source2
S1-134898809,4,0,0,0,0,0.0001,0.0001,0.0,true,false,S2-475706495,source2
S1-13496460,1,0,0,0,0,0.0,0.0,0.0,true,false,S2-710093360,source2
S1-134978945,30,0,0,0,0,0.0001,0.0,0.0001,true,false,S3-429716891,source3
S1-135097409,56,0,0,0,0,0.0,0.0,0.0,true,false,S3-383524965,source3
S1-135208388,1,1,1,1,1,0.9995,0.0,0.9995,false,true,S3-57514262,source3
S1-135237630,3,0,0,0,0,0.0001,0.0,0.0001,true,false,S2-995134427,source2
S1-135392637,1,0,0,0,0,0.0,0.0,0.0,true,false,S2-463489454,source2
S1-135594079,3,0,0,0,0,0.0001,0.0,0.0001,true,false,S3-823738212,source3
S1-135715244,60,0,0,0,0,0.0002,0.0,0.0001,true,false,S2-110239007,source2
S1-135768644,2,0,0,0,0,0.0,0.0,0.0,true,false,S2-497025062,source2
S1-135770347,43,0,0,0,0,0.0001,0.0,0.0001,true,false,S3-801955850,source3
S1-135880222,32,0,0,0,0,0.0,0.0,0.0,true,false,S2-185148108,source2
S1-135958603,58,0,0,0,0,0.0,0.0,0.0,true,false,S2-833567321,source2
S1-136054192,51,0,0,0,0,0.5722,0.0,0.5722,true,false,S2-95883726,source2
S1-136236806,1,0,0,0,0,0.0,0.0,0.0,true,false,S3-401482753,source3
S1-13638561,1,0,0,0,0,0.0,0.0,0.0,true,false,S2-222900232,source2
S1-136390461,38,0,0,0,0,0.0007,0.0001,0.0006,true,false,S2-924143713,source2
S1-136461355,23,1,0,0,0,0.5079,0.0,0.5079,false,true,S3-433729747,source3
S1-136538611,10,0,0,0,0,0.0001,0.0,0.0,true,false,S2-333497398,source2
S1-136558519,1,0,0,0,0,0.0,0.0,0.0,true,false,S2-560902508,source2
S1-136645823,1,0,0,0,0,0.0001,0.0,0.0001,true,false,S2-510564939,source2
S1-136705690,2,0,0,0,0,0.0,0.0,0.0,true,false,S2-48423978,source2
S1-136871669,1,0,0,0,0,0.0,0.0,0.0,true,false,S3-851450489,source3
S1-136893545,1,0,0,0,0,0.1451,0.0,0.1451,true,false,S2-965485665,source2
S1-136894582,52,0,0,0,0,0.0,0.0,0.0,true,false,S2-918939789,source2
S1-136903024,2,0,0,0,0,0.0,0.0,0.0,true,false,S2-150053591,source2
S1-137026686,2,1,0,0,0,0.0041,0.0,0.0041,false,true,S2-840758843,source2
S1-137046510,1,0,0,0,0,0.0,0.0,0.0,true,false,S2-285174787,source2
S1-137075219,4,0,0,0,0,0.0,0.0,0.0,true,false,S2-659530378,source2
S1-137108807,2,0,0,0,0,0.0,0.0,0.0,true,false,S3-826218852,source3
S1-137128171,2,0,0,0,0,0.0001,0.0,0.0001,true,false,S2-701347531,source2
S1-137180739,30,0,0,0,0,0.0,0.0,0.0,true,false,S3-846671528,source3
S1-137242371,26,0,0,0,0,0.0001,0.0,0.0001,true,false,S3-167131647,source3
S1-137354200,44,0,0,0,0,0.0001,0.0,0.0,true,false,S3-828529196,source3
S1-137361418,1,0,0,0,0,0.0,0.0,0.0,true,false,S3-805167640,source3
S1-137421181,2,0,0,0,0,0.0,0.0,0.0,true,false,S2-781869899,source2
S1-137505121,1,0,0,0,0,0.0,0.0,0.0,true,false,S2-199371086,source2
S1-137529648,4,0,0,0,0,0.0,0.0,0.0,true,false,S2-447055701,source2
S1-137657498,1,0,0,0,0,0.0,0.0,0.0,true,false,S3-902803247,source3
S1-137682774,1,0,0,0,0,0.0,0.0,0.0,true,false,S3-101994016,source3
S1-137817720,7,0,0,0,0,0.0,0.0,0.0,true,false,S3-463381394,source3
S1-137897974,1,0,0,0,0,0.0,0.0,0.0,true,false,S3-702169366,source3
S1-138001666,2,0,0,0,0,0.0,0.0,0.0,true,false,S2-957963162,source2
S1-138108241,25,0,0,0,0,0.0,0.0,0.0,true,false,S2-431387186,source2
S1-138217554,1,0,0,0,0,0.0,0.0,0.0,true,false,S3-284933331,source3
S1-138270409,38,0,0,0,0,0.0,0.0,0.0,true,false,S3-454541234,source3
S1-138405377,1,0,0,0,0,0.0,0.0,0.0,true,false,S2-165809100,source2
S1-138413861,3,0,0,0,0,0.0,0.0,0.0,true,false,S2-950112893,source2
S1-138452270,58,0,0,0,0,0.0001,0.0,0.0001,true,false,S3-458156761,source3
S1-138551653,1,0,0,0,0,0.0,0.0,0.0,true,false,S2-442497176,source2
S1-138584182,2,0,0,0,0,0.0002,0.0,0.0001,true,false,S3-537325505,source3
S1-13859063,1,0,0,0,0,0.0,0.0,0.0,true,false,S3-227045390,source3
S1-138706126,1,0,0,0,0,0.0,0.0,0.0,true,false,S3-280203648,source3
S1-138807231,42,0,0,0,0,0.0016,0.0,0.0016,true,false,S3-653394981,source3
S1-138997274,34,0,0,0,0,0.0,0.0,0.0,true,false,S3-574586551,source3
S1-13910185,29,0,0,0,0,0.0,0.0,0.0,true,false,S3-863463356,source3
S1-139115196,29,0,0,0,0,0.0,0.0,0.0,true,false,S3-625532396,source3
S1-139277984,1,0,0,0,0,0.0001,0.0,0.0001,true,false,S3-325091908,source3
S1-13938633,68,0,0,0,0,0.0021,0.0004,0.0016,true,false,S2-805791049,source2
S1-139403590,1,0,0,0,0,0.0,0.0,0.0,true,false,S3-415969054,source3
S1-139477976,1,0,0,0,0,0.0,0.0,0.0,true,false,S2-314631926,source2
S1-139605988,4,0,0,0,0,0.0001,0.0001,0.0,true,false,S2-863941655,source2
S1-139723933,2,0,0,0,0,0.0,0.0,0.0,true,false,S3-829592833,source3
S1-139771186,41,0,0,0,0,0.0,0.0,0.0,true,false,S3-921735067,source3
S1-139843197,1,0,0,0,0,0.0,0.0,0.0,true,false,S3-732470549,source3
S1-139997920,2,0,0,0,0,0.0616,0.0,0.0616,true,false,S2-610487117,source2
S1-140145925,2,0,0,0,0,0.0001,0.0,0.0001,true,false,S2-942768154,source2
S1-140279129,3,0,0,0,0,0.0,0.0,0.0,true,false,S2-83389739,source2
S1-14032296,1,0,0,0,0,0.0,0.0,0.0,true,false,S3-481316186,source3
S1-140545093,1,0,0,0,0,0.0001,0.0,0.0001,true,false,S2-396104706,source2
S1-140627480,35,0,0,0,0,0.0,0.0,0.0,true,false,S2-55421595,source2
S1-140661233,56,0,0,0,0,0.0002,0.0,0.0002,true,false,S3-534699114,source3
S1-140983853,2,0,0,0,0,0.0,0.0,0.0,true,false,S2-771695132,source2
S1-141043631,1,0,0,0,0,0.0001,0.0,0.0001,true,false,S3-917544277,source3
S1-141126090,53,0,0,0,0,0.0,0.0,0.0,true,false,S3-678260082,source3
S1-141196042,29,0,0,0,0,0.0,0.0,0.0,true,false,S2-847392050,source2
S1-141208490,4,0,0,0,0,0.0001,0.0,0.0,true,false,S3-70512447,source3
S1-141235030,4,0,0,0,0,0.0,0.0,0.0,true,false,S3-198459316,source3
S1-141278611,2,0,0,0,0,0.0001,0.0,0.0001,true,false,S3-916573867,source3
S1-141358787,33,0,0,0,0,0.0,0.0,0.0,true,false,S3-778496967,source3
S1-141507435,6,0,0,0,0,0.0,0.0,0.0,true,false,S3-311169432,source3
S1-14161680,89,0,0,0,0,0.0001,0.0001,0.0,true,false,S2-468782642,source2
S1-141651343,1,0,0,0,0,0.0,0.0,0.0,true,false,S2-258911646,source2
S1-141651914,6,0,0,0,0,0.1916,0.0,0.1916,true,false,S2-758947477,source2
S1-141681778,1,0,0,0,0,0.001,0.0,0.001,true,false,S2-65897181,source2
S1-141798354,40,0,0,0,0,0.0,0.0,0.0,true,false,S2-17776298,source2
S1-141866439,3,0,0,0,0,0.0,0.0,0.0,true,false,S3-414832125,source3
S1-141873858,2,1,1,1,1,0.9828,0.0,0.9828,false,true,S2-198862665,source2
S1-142014773,1,0,0,0,0,0.0001,0.0,0.0001,true,false,S2-132837099,source2
S1-142080323,3,0,0,0,0,0.0001,0.0,0.0,true,false,S3-431634813,source3
S1-142288436,30,0,0,0,0,0.0,0.0,0.0,true,false,S3-267297448,source3
S1-142414220,54,0,0,0,0,0.0183,0.0003,0.018,true,false,S3-856285441,source3
S1-142434511,2,0,0,0,0,0.0,0.0,0.0,true,false,S2-863476565,source2
S1-142623819,11,0,0,0,0,0.0001,0.0001,0.0,true,false,S2-131872909,source2
S1-142729564,46,0,0,0,0,0.0,0.0,0.0,true,false,S3-96942114,source3
S1-142759990,57,0,0,0,0,0.0,0.0,0.0,true,false,S2-851754490,source2
S1-143024837,1,1,1,1,0,0.9072,0.0,0.9072,false,true,S3-927814096,source3
S1-14306813,1,1,1,1,1,0.9686,0.0,0.9686,false,true,S2-230859029,source2
S1-14310054,2,1,1,1,1,0.9974,0.0003,0.9972,false,true,S3-576716684,source3
S1-143223208,35,0,0,0,0,0.0,0.0,0.0,true,false,S2-552333935,source2
S1-14329636,1,0,0,0,0,0.0,0.0,0.0,true,false,S2-590833829,source2
S1-143303148,1,0,0,0,0,0.0,0.0,0.0,true,false,S2-949705243,source2
S1-143562125,1,1,1,1,1,0.9943,0.0,0.9943,false,true,S3-257278944,source3
S1-143665407,4,0,0,0,0,0.0,0.0,0.0,true,false,S2-797593483,source2
S1-143908901,1,0,0,0,0,0.0,0.0,0.0,true,false,S2-410773396,source2
S1-143951516,2,0,0,0,0,0.0,0.0,0.0,true,false,S3-612212623,source3
S1-143958303,2,0,0,0,0,0.0,0.0,0.0,true,false,S3-392735316,source3
S1-144167447,1,0,0,0,0,0.0001,0.0,0.0001,true,false,S2-181133326,source2
S1-144190583,2,0,0,0,0,0.0,0.0,0.0,true,false,S2-733681637,source2
S1-144212889,2,0,0,0,0,0.0,0.0,0.0,true,false,S2-963186955,source2
S1-144225363,2,0,0,0,0,0.0,0.0,0.0,true,false,S3-916573867,source3
S1-144335241,2,0,0,0,0,0.0,0.0,0.0,true,false,S2-393940498,source2
S1-14433627,2,0,0,0,0,0.01,0.0001,0.0099,true,false,S3-306690644,source3
S1-144417724,49,0,0,0,0,0.0,0.0,0.0,true,false,S3-4086513,source3
S1-144429105,7,0,0,0,0,0.0002,0.0002,0.0,true,false,S3-1375304,source3
S1-144677817,2,0,0,0,0,0.0,0.0,0.0,true,false,S3-387143342,source3
S1-144718195,3,0,0,0,0,0.0001,0.0001,0.0,true,false,S2-373678906,source2
S1-144750550,1,0,0,0,0,0.0,0.0,0.0,true,false,S3-548035537,source3
S1-144848940,1,1,1,1,1,0.9997,0.0,0.9997,false,true,S3-119514810,source3
S1-144949748,1,1,1,1,1,0.9896,0.0,0.9896,false,true,S3-684111261,source3
S1-144979450,1,0,0,0,0,0.0,0.0,0.0,true,false,S2-242594478,source2
S1-145029652,26,0,0,0,0,0.0,0.0,0.0,true,false,S2-539761068,source2
S1-14533018,41,0,0,0,0,0.0,0.0,0.0,true,false,S2-802219056,source2
S1-145347260,49,0,0,0,0,0.0001,0.0001,0.0,true,false,S2-510424275,source2
S1-145473256,43,0,0,0,0,0.0,0.0,0.0,true,false,S3-53072578,source3
S1-145845008,26,0,0,0,0,0.0,0.0,0.0,true,false,S2-12434856,source2
S1-14585871,33,0,0,0,0,0.0,0.0,0.0,true,false,S2-750442394,source2
S1-145926785,1,0,0,0,0,0.0,0.0,0.0,true,false,S3-220839744,source3
S1-146050247,1,0,0,0,0,0.0,0.0,0.0,true,false,S2-141696937,source2
S1-146099349,49,0,0,0,0,0.0001,0.0,0.0001,true,false,S2-637726220,source2
S1-146139805,8,0,0,0,0,0.0,0.0,0.0,true,false,S2-664984893,source2
S1-146165069,73,0,0,0,0,0.0003,0.0002,0.0001,true,false,S3-340048189,source3
S1-146222269,33,0,0,0,0,0.0,0.0,0.0,true,false,S3-202445256,source3
S1-146356444,2,0,0,0,0,0.0,0.0,0.0,true,false,S2-125071148,source2
S1-146356467,37,0,0,0,0,0.0,0.0,0.0,true,false,S3-108558103,source3
S1-146513196,1,0,0,0,0,0.0052,0.0,0.0052,true,false,S2-187498810,source2
S1-146626653,3,0,0,0,0,0.0003,0.0,0.0002,true,false,S2-721606941,source2
S1-146729277,68,0,0,0,0,0.0,0.0,0.0,true,false,S3-673840836,source3
S1-146738150,1,0,0,0,0,0.0001,0.0,0.0001,true,false,S3-362301352,source3
S1-146758502,36,0,0,0,0,0.0,0.0,0.0,true,false,S3-821222193,source3
S1-146773591,12,0,0,0,0,0.0,0.0,0.0,true,false,S2-485186119,source2
S1-146941945,1,0,0,0,0,0.0,0.0,0.0,true,false,S2-198759263,source2
S1-147055427,1,0,0,0,0,0.0409,0.0,0.0409,true,false,S3-901201480,source3
S1-147109963,3,0,0,0,0,0.0,0.0,0.0,true,false,S3-799226958,source3
S1-147142594,4,0,0,0,0,0.0,0.0,0.0,true,false,S3-58356590,source3
S1-147262657,1,0,0,0,0,0.0,0.0,0.0,true,false,S3-121831133,source3
S1-147278478,1,0,0,0,0,0.0,0.0,0.0,true,false,S3-614564394,source3
S1-147291361,36,0,0,0,0,0.0001,0.0,0.0,true,false,S2-76098565,source2
S1-147371451,1,1,1,1,1,0.9931,0.0,0.9931,false,true,S2-837872287,source2
S1-147373818,2,0,0,0,0,0.0,0.0,0.0,true,false,S2-898087917,source2
S1-147380453,1,0,0,0,0,0.0,0.0,0.0,true,false,S3-730759209,source3
S1-147388490,1,0,0,0,0,0.0,0.0,0.0,true,false,S2-891469234,source2
S1-147465602,38,0,0,0,0,0.0,0.0,0.0,true,false,S2-642334297,source2
S1-147569934,83,0,0,0,0,0.0253,0.0002,0.0251,true,false,S2-888873504,source2
S1-147604982,1,1,1,1,1,0.9928,0.0,0.9928,false,true,S2-578442147,source2
S1-147676645,1,0,0,0,0,0.0,0.0,0.0,true,false,S3-612029514,source3
S1-147804629,5,0,0,0,0,0.0044,0.0006,0.0038,true,false,S2-113674828,source2
S1-147833627,1,1,1,1,1,0.9989,0.0,0.9989,false,true,S3-81038388,source3
S1-14816779,2,1,1,1,1,0.9967,0.0,0.9967,false,true,S3-892375765,source3
S1-148328119,9,0,0,0,0,0.0004,0.0002,0.0003,true,false,S2-6194793,source2
S1-148353436,28,0,0,0,0,0.0,0.0,0.0,true,false,S3-607392217,source3
S1-148375950,1,0,0,0,0,0.0,0.0,0.0,true,false,S3-702960805,source3
S1-148511077,36,0,0,0,0,0.0,0.0,0.0,true,false,S2-636698678,source2
S1-148572108,1,0,0,0,0,0.0,0.0,0.0,true,false,S3-73274738,source3
S1-148700365,113,0,0,0,0,0.0,0.0,0.0,true,false,S3-445901533,source3
S1-148756584,1,0,0,0,0,0.0001,0.0,0.0001,true,false,S3-778194057,source3
S1-148758725,1,0,0,0,0,0.0,0.0,0.0,true,false,S2-999177073,source2
S1-148764564,2,0,0,0,0,0.0,0.0,0.0,true,false,S3-811625629,source3
S1-148773801,1,0,0,0,0,0.0001,0.0,0.0001,true,false,S2-701318085,source2
S1-148813395,2,0,0,0,0,0.0,0.0,0.0,true,false,S2-822747397,source2
S1-148825883,1,0,1,1,1,0.9623,0.0,0.9623,true,false,S2-420994904,source2
S1-148940522,1,0,0,0,0,0.0,0.0,0.0,true,false,S3-598892573,source3
S1-148960748,6,0,0,0,0,0.0,0.0,0.0,true,false,S3-552762137,source3
S1-148965519,3,0,0,0,0,0.0,0.0,0.0,true,false,S3-353781070,source3
S1-148984770,52,0,0,0,0,0.0487,0.0,0.0487,true,false,S2-843937862,source2
S1-148987820,2,0,0,0,0,0.0,0.0,0.0,true,false,S2-22913222,source2
S1-149134144,48,0,0,0,0,0.0,0.0,0.0,true,false,S2-64468135,source2
S1-14950203,59,0,0,0,0,0.0002,0.0,0.0002,true,false,S2-718235930,source2
S1-149710918,1,0,0,0,0,0.0,0.0,0.0,true,false,S3-639229044,source3
S1-149728376,52,0,0,0,0,0.0,0.0,0.0,true,false,S3-506761847,source3
S1-149890609,33,0,0,0,0,0.0,0.0,0.0,true,false,S2-438490281,source2
S1-149907748,1,0,0,0,0,0.0001,0.0,0.0001,true,false,S2-952289116,source2
S1-149927508,58,0,0,0,0,0.0,0.0,0.0,true,false,S2-710506734,source2
S1-149965526,2,0,0,0,0,0.0001,0.0001,0.0,true,false,S2-808715434,source2
S1-15020282,4,0,0,0,0,0.0001,0.0,0.0,true,false,S2-612994767,source2
S1-150228997,1,0,0,0,0,0.0001,0.0,0.0001,true,false,S2-471441474,source2
S1-150260513,11,0,0,0,0,0.0001,0.0,0.0001,true,false,S2-86582856,source2
S1-150309469,7,0,0,0,0,0.0002,0.0002,0.0,true,false,S2-530880857,source2
S1-150364129,1,0,0,0,0,0.0,0.0,0.0,true,false,S2-562967662,source2
S1-150383955,1,0,0,0,0,0.0,0.0,0.0,true,false,S2-197493885,source2
S1-15044991,1,0,0,0,0,0.0,0.0,0.0,true,false,S3-428055077,source3
S1-150454257,1,0,0,0,0,0.0,0.0,0.0,true,false,S3-332992564,source3
S1-150695513,1,0,0,0,0,0.0,0.0,0.0,true,false,S3-30774393,source3
S1-150712396,1,0,0,0,0,0.0,0.0,0.0,true,false,S2-813216870,source2
S1-150797038,7,0,0,0,0,0.0,0.0,0.0,true,false,S3-145845001,source3
S1-150829563,1,0,0,0,0,0.0,0.0,0.0,true,false,S3-243853713,source3
S1-150837810,1,0,0,0,0,0.0,0.0,0.0,true,false,S3-396716947,source3
S1-151073973,1,0,0,0,0,0.0,0.0,0.0,true,false,S2-535968227,source2
S1-151248620,19,0,0,0,0,0.0002,0.0001,0.0001,true,false,S2-937254230,source2
S1-151325990,1,1,1,1,1,0.9945,0.0,0.9945,false,true,S3-111934360,source3
S1-151554903,1,0,0,0,0,0.0,0.0,0.0,true,false,S2-662040896,source2
S1-151608539,3,0,0,0,0,0.0,0.0,0.0,true,false,S2-819728534,source2
S1-151714625,2,1,0,0,0,0.777,0.0003,0.7767,false,true,S3-451071182,source3
S1-152031440,26,0,0,0,0,0.0,0.0,0.0,true,false,S2-700906813,source2
S1-152103175,2,0,0,0,0,0.0001,0.0,0.0,true,false,S2-350793982,source2
S1-152119275,46,0,0,0,0,0.0003,0.0,0.0003,true,false,S2-134516401,source2
S1-152209262,47,0,0,0,0,0.0,0.0,0.0,true,false,S2-733088840,source2
S1-152270177,1,0,0,0,0,0.0001,0.0,0.0001,true,false,S2-744685697,source2
S1-152431280,5,0,0,0,0,0.0001,0.0001,0.0001,true,false,S3-702608727,source3
S1-152457941,1,0,0,0,0,0.0,0.0,0.0,true,false,S2-681269914,source2
S1-152496348,2,0,0,0,0,0.0,0.0,0.0,true,false,S2-718283885,source2
S1-152515054,1,0,0,0,0,0.0,0.0,0.0,true,false,S2-513674710,source2
S1-152581295,46,0,0,0,0,0.0001,0.0,0.0,true,false,S2-263719676,source2
S1-152649702,39,1,1,0,0,0.8595,0.0827,0.7768,false,true,S3-833800741,source3
S1-152655726,1,0,0,0,0,0.038,0.0,0.038,true,false,S3-571367311,source3
S1-152718448,3,0,0,0,0,0.0001,0.0,0.0,true,false,S2-25703437,source2
S1-152829332,70,0,0,0,0,0.0001,0.0,0.0001,true,false,S2-743248972,source2
S1-152837942,1,0,0,0,0,0.0,0.0,0.0,true,false,S3-155292663,source3
S1-152967828,2,0,0,0,0,0.0,0.0,0.0,true,false,S2-620985027,source2
S1-15301463,37,0,0,0,0,0.0,0.0,0.0,true,false,S3-739379278,source3
S1-153092128,5,0,0,0,0,0.0001,0.0,0.0,true,false,S3-906411275,source3
S1-153136041,1,0,0,0,0,0.0,0.0,0.0,true,false,S2-41783335,source2
S1-153153183,2,0,0,0,0,0.0,0.0,0.0,true,false,S3-899709949,source3
S1-153174398,4,0,0,0,0,0.0,0.0,0.0,true,false,S3-2406667,source3
S1-153209967,2,0,0,0,0,0.1906,0.0,0.1906,true,false,S2-834297735,source2
S1-153314910,1,0,0,0,0,0.0,0.0,0.0,true,false,S2-172088369,source2
S1-153379062,2,0,0,0,0,0.0,0.0,0.0,true,false,S3-180927302,source3
S1-153550473,1,0,0,0,0,0.0,0.0,0.0,true,false,S3-931600901,source3
S1-153635318,4,0,0,0,0,0.0,0.0,0.0,true,false,S3-772348441,source3
S1-153636238,1,0,0,0,0,0.0,0.0,0.0,true,false,S3-424115183,source3
S1-153680800,1,0,0,0,0,0.0001,0.0,0.0001,true,false,S2-752508714,source2
S1-153700682,37,0,0,0,0,0.0,0.0,0.0,true,false,S3-153726883,source3
S1-154232545,32,0,0,0,0,0.0001,0.0001,0.0001,true,false,S3-882463215,source3
S1-154278960,5,0,0,0,0,0.0,0.0,0.0,true,false,S2-723956284,source2
S1-15437373,2,0,0,0,0,0.0,0.0,0.0,true,false,S3-633460960,source3
S1-154383948,2,0,0,0,0,0.0002,0.0,0.0001,true,false,S2-540419277,source2
S1-154508979,1,0,0,0,0,0.6646,0.0,0.6646,true,false,S2-829494611,source2
S1-154699800,38,0,0,0,0,0.0,0.0,0.0,true,false,S3-568336525,source3
S1-15474575,2,0,0,0,0,0.0,0.0,0.0,true,false,S2-188917758,source2
S1-154900181,1,0,0,0,0,0.0,0.0,0.0,true,false,S2-951603366,source2
S1-154972752,1,0,0,0,0,0.0,0.0,0.0,true,false,S3-921880493,source3
S1-155196307,3,0,0,0,0,0.0,0.0,0.0,true,false,S2-365506583,source2
S1-155701350,1,1,0,0,0,0.7384,0.0,0.7384,false,true,S3-245618183,source3
S1-155796061,38,0,0,0,0,0.0,0.0,0.0,true,false,S2-504869514,source2
S1-155814648,4,0,0,0,0,0.0001,0.0001,0.0,true,false,S3-33279835,source3
S1-155964028,1,0,0,0,0,0.0,0.0,0.0,true,false,S3-604221051,source3
S1-155970152,4,0,0,0,0,0.3626,0.0001,0.3625,true,false,S3-303819266,source3
S1-156010189,3,0,0,0,0,0.0,0.0,0.0,true,false,S3-882945097,source3
S1-156028688,32,0,0,0,0,0.0,0.0,0.0,true,false,S2-281803835,source2
S1-156029536,43,0,0,0,0,0.0,0.0,0.0,true,false,S2-907395422,source2
S1-156136556,57,0,0,0,0,0.0,0.0,0.0,true,false,S3-419447747,source3
S1-156270989,45,0,0,0,0,0.0,0.0,0.0,true,false,S3-596541484,source3
S1-156409287,7,0,0,0,0,0.0144,0.0002,0.0142,true,false,S2-713198548,source2
S1-156513520,2,1,0,0,0,0.66,0.0001,0.6599,false,true,S3-284947176,source3
S1-15654723,2,0,0,0,0,0.0,0.0,0.0,true,false,S2-182485473,source2
S1-15668321,37,0,0,0,0,0.0,0.0,0.0,true,false,S2-47910771,source2
S1-156716844,1,0,0,0,0,0.0,0.0,0.0,true,false,S3-592749629,source3
S1-156787771,113,0,0,0,0,0.0,0.0,0.0,true,false,S3-560301253,source3
S1-156856907,1,0,0,0,0,0.0,0.0,0.0,true,false,S2-327493083,source2
S1-156899942,25,0,0,0,0,0.0002,0.0001,0.0002,true,false,S3-775872737,source3
S1-156907446,1,1,1,1,1,0.9949,0.0,0.9949,false,true,S2-448426293,source2
S1-157020136,1,0,0,0,0,0.0,0.0,0.0,true,false,S3-789825024,source3
S1-157283056,1,0,0,0,0,0.0,0.0,0.0,true,false,S2-8725209,source2
S1-157298890,1,0,0,0,0,0.0,0.0,0.0,true,false,S2-715693386,source2
S1-157361993,39,0,0,0,0,0.0,0.0,0.0,true,false,S3-972105069,source3
S1-157389910,2,0,0,0,0,0.0,0.0,0.0,true,false,S3-620849283,source3
S1-157493174,1,0,0,0,0,0.0,0.0,0.0,true,false,S2-434337847,source2
S1-157581605,3,0,0,0,0,0.0,0.0,0.0,true,false,S2-67274488,source2
S1-157638083,2,0,0,0,0,0.0,0.0,0.0,true,false,S2-430767536,source2
S1-15792390,42,0,0,0,0,0.0,0.0,0.0,true,false,S3-961613524,source3
S1-157930446,1,0,0,0,0,0.0,0.0,0.0,true,false,S2-609801318,source2
S1-157953247,5,0,0,0,0,0.0409,0.0,0.0409,true,false,S3-670011429,source3
S1-158225139,6,0,0,0,0,0.0001,0.0001,0.0,true,false,S3-14314164,source3
S1-158546157,1,1,1,1,1,0.9815,0.0,0.9815,false,true,S3-216635797,source3
S1-158588231,45,0,0,0,0,0.0,0.0,0.0,true,false,S3-384492697,source3
S1-158658754,44,0,0,0,0,0.0104,0.0016,0.0088,true,false,S3-518858488,source3
S1-15875172,2,0,0,0,0,0.0002,0.0,0.0002,true,false,S3-37402918,source3
S1-158792892,1,0,0,0,0,0.0,0.0,0.0,true,false,S2-980306379,source2
S1-158892085,52,0,0,0,0,0.0013,0.0,0.0012,true,false,S2-569967225,source2
S1-159064092,2,1,1,1,1,0.9913,0.0,0.9913,false,true,S2-883035588,source2
S1-159110482,2,0,0,0,0,0.22,0.0001,0.2199,true,false,S3-953587322,source3
S1-159137004,1,1,1,1,1,0.9998,0.0,0.9998,false,true,S2-953208923,source2
S1-159181040,2,0,0,0,0,0.0,0.0,0.0,true,false,S3-96218574,source3
S1-159237657,1,0,0,0,0,0.0,0.0,0.0,true,false,S2-652256389,source2
S1-15926090,29,0,0,0,0,0.0004,0.0,0.0004,true,false,S3-345436487,source3
S1-159278238,49,0,0,0,0,0.0,0.0,0.0,true,false,S3-645246519,source3
S1-159294235,31,0,0,0,0,0.0,0.0,0.0,true,false,S2-847821102,source2
S1-159422796,35,0,0,0,0,0.0,0.0,0.0,true,false,S3-214922062,source3
S1-159426994,58,0,0,0,0,0.0001,0.0001,0.0,true,false,S2-243895866,source2
S1-159514912,89,0,0,0,0,0.0001,0.0,0.0001,true,false,S2-96015099,source2
S1-159659883,3,0,0,0,0,0.0,0.0,0.0,true,false,S2-984657478,source2
S1-159790931,41,0,0,0,0,0.0,0.0,0.0,true,false,S3-959067158,source3
S1-159856883,1,0,0,0,0,0.0,0.0,0.0,true,false,S2-830550480,source2
S1-160021342,1,0,0,0,0,0.0,0.0,0.0,true,false,S2-943581671,source2
S1-160190809,1,0,0,0,0,0.0,0.0,0.0,true,false,S3-182758649,source3
S1-160242888,46,0,0,0,0,0.002,0.0,0.002,true,false,S2-263719676,source2
S1-160608425,1,0,0,0,0,0.0,0.0,0.0,true,false,S3-401844095,source3
S1-160617128,1,0,0,0,0,0.0,0.0,0.0,true,false,S3-783526157,source3
S1-160619570,2,0,0,0,0,0.0003,0.0001,0.0002,true,false,S2-760313958,source2
S1-160753225,7,0,0,0,0,0.0,0.0,0.0,true,false,S3-282139573,source3
S1-160790387,2,0,0,0,0,0.0,0.0,0.0,true,false,S2-804403788,source2
S1-161016043,1,1,0,0,0,0.7826,0.0,0.7826,false,true,S3-797831831,source3
S1-161016912,40,0,0,0,0,0.0,0.0,0.0,true,false,S2-313255580,source2
S1-161080659,22,0,0,0,0,0.0,0.0,0.0,true,false,S3-834328940,source3
S1-161100474,18,0,0,0,0,0.0,0.0,0.0,true,false,S2-311239401,source2
S1-161210403,39,0,0,0,0,0.0005,0.0001,0.0004,true,false,S2-235983757,source2
S1-1612718,54,0,0,0,0,0.0,0.0,0.0,true,false,S2-610026608,source2
S1-1614247,1,0,0,0,0,0.0,0.0,0.0,true,false,S3-835525965,source3
S1-16150496,2,0,0,0,0,0.0,0.0,0.0,true,false,S2-561542792,source2
S1-161570110,45,0,0,0,0,0.0,0.0,0.0,true,false,S3-196477598,source3
S1-161570406,1,1,1,1,1,0.9975,0.0,0.9975,false,true,S3-275218935,source3
S1-161694437,10,0,0,0,0,0.0005,0.0,0.0005,true,false,S3-351552869,source3
S1-161703869,1,0,0,0,0,0.0001,0.0,0.0001,true,false,S2-172980805,source2
S1-161749400,33,0,0,0,0,0.0,0.0,0.0,true,false,S3-169632360,source3
S1-162037976,1,0,0,0,0,0.0,0.0,0.0,true,false,S3-837401488,source3
S1-162078753,1,0,0,0,0,0.0,0.0,0.0,true,false,S2-182274112,source2
S1-162399024,36,0,0,0,0,0.0,0.0,0.0,true,false,S3-623798784,source3
S1-162546075,1,0,0,0,0,0.0,0.0,0.0,true,false,S2-598020651,source2
S1-162593001,1,0,0,0,0,0.0,0.0,0.0,true,false,S2-843738909,source2
S1-162804680,1,0,0,0,0,0.0,0.0,0.0,true,false,S2-765069766,source2
S1-162805254,2,0,0,0,0,0.0,0.0,0.0,true,false,S3-3517843,source3
S1-162875698,2,0,0,0,0,0.0001,0.0,0.0001,true,false,S3-31186533,source3
S1-162987976,1,0,0,0,0,0.0,0.0,0.0,true,false,S3-99521044,source3
S1-163019696,43,0,0,0,0,0.0002,0.0,0.0002,true,false,S3-185808197,source3
S1-163021192,4,0,0,0,0,0.0,0.0,0.0,true,false,S2-842271794,source2
S1-163226572,1,0,0,0,0,0.0,0.0,0.0,true,false,S3-776784306,source3
S1-163314454,41,0,0,0,0,0.0001,0.0001,0.0,true,false,S3-981292383,source3
S1-163344744,42,0,0,0,0,0.0,0.0,0.0,true,false,S3-379102895,source3
S1-163362382,1,1,1,1,1,0.9998,0.0,0.9998,false,true,S2-427939097,source2
S1-16339655,1,0,0,0,0,0.0,0.0,0.0,true,false,S3-442471217,source3
S1-163617646,1,0,0,0,0,0.0,0.0,0.0,true,false,S2-292807436,source2
S1-163747087,1,0,0,0,0,0.0005,0.0,0.0005,true,false,S3-227214906,source3
S1-163756131,4,1,1,1,1,0.9995,0.0,0.9994,false,true,S2-252820646,source2
S1-163848719,4,1,1,1,1,0.9988,0.0001,0.9986,false,true,S2-100644535,source2
S1-164017572,3,0,0,0,0,0.0,0.0,0.0,true,false,S3-278741776,source3
S1-164124982,1,1,1,1,1,0.9817,0.0,0.9817,false,true,S3-399220586,source3
S1-164240371,2,0,0,0,0,0.0,0.0,0.0,true,false,S3-702961294,source3
S1-164257772,29,0,0,0,0,0.0,0.0,0.0,true,false,S2-606740532,source2
S1-164297392,1,0,0,0,0,0.0,0.0,0.0,true,false,S2-183169797,source2
S1-164321130,1,1,1,1,0,0.9121,0.0,0.9121,false,true,S2-609888752,source2
S1-164515267,36,0,0,0,0,0.0,0.0,0.0,true,false,S2-66924417,source2
S1-164645537,38,0,0,0,0,0.0006,0.0001,0.0006,true,false,S2-678446632,source2
S1-164659791,38,0,0,0,0,0.0,0.0,0.0,true,false,S2-939010115,source2
S1-164727372,2,0,0,0,0,0.0,0.0,0.0,true,false,S3-771622076,source3
S1-164739661,2,0,0,0,0,0.0,0.0,0.0,true,false,S3-968261477,source3
S1-164743272,1,1,1,1,1,0.9995,0.0,0.9995,false,true,S3-580201445,source3
S1-164813708,1,1,1,1,1,0.955,0.0,0.955,false,true,S2-486941957,source2
S1-164827222,1,0,0,0,0,0.0,0.0,0.0,true,false,S2-519936480,source2
S1-16495540,71,0,0,0,0,0.0001,0.0,0.0,true,false,S3-836696501,source3
S1-165203567,3,0,0,0,0,0.0372,0.0,0.0372,true,false,S2-544993889,source2
S1-165250058,2,0,0,0,0,0.0,0.0,0.0,true,false,S3-140092761,source3
S1-165368525,1,0,0,0,0,0.0,0.0,0.0,true,false,S2-54470999,source2
S1-165544723,1,0,0,0,0,0.0,0.0,0.0,true,false,S2-696676120,source2
S1-16561892,1,0,0,0,0,0.0001,0.0,0.0001,true,false,S2-511106943,source2
S1-165673175,1,0,0,0,0,0.0,0.0,0.0,true,false,S2-425742459,source2
S1-165763638,1,0,0,0,0,0.0004,0.0,0.0004,true,false,S2-828388778,source2
S1-165791620,2,0,0,0,0,0.0,0.0,0.0,true,false,S2-166342178,source2
S1-165867439,1,0,0,0,0,0.0001,0.0,0.0001,true,false,S3-936283719,source3
S1-165891282,4,0,0,0,0,0.0,0.0,0.0,true,false,S2-974650127,source2
S1-166116497,2,0,0,0,0,0.0013,0.0,0.0013,true,false,S2-60667977,source2
S1-166332747,55,0,0,0,0,0.0002,0.0001,0.0001,true,false,S2-784836926,source2
S1-166360088,1,0,0,0,0,0.0,0.0,0.0,true,false,S2-725015918,source2
S1-166414878,1,0,0,0,0,0.0,0.0,0.0,true,false,S2-89018504,source2
S1-16642923,3,0,0,0,0,0.0,0.0,0.0,true,false,S3-786606794,source3
S1-166601186,11,0,0,0,0,0.0003,0.0001,0.0002,true,false,S2-915612152,source2
S1-166659844,1,0,0,0,0,0.0,0.0,0.0,true,false,S3-15671504,source3
S1-166664773,1,0,0,0,0,0.0,0.0,0.0,true,false,S2-692075550,source2
S1-166702277,1,0,0,0,0,0.0,0.0,0.0,true,false,S2-455916195,source2
S1-16684124,1,0,0,0,0,0.0,0.0,0.0,true,false,S3-466223779,source3
S1-166915246,2,0,0,0,0,0.0,0.0,0.0,true,false,S3-870865136,source3
S1-166920730,3,0,0,0,0,0.0,0.0,0.0,true,false,S2-141987954,source2
S1-16711418,1,1,1,1,1,0.9997,0.0,0.9997,false,true,S3-413654044,source3
S1-167128791,1,0,0,0,0,0.1312,0.0,0.1312,true,false,S2-330772119,source2
S1-167150918,1,0,0,0,0,0.0,0.0,0.0,true,false,S2-811484695,source2
S1-16731339,1,0,0,0,0,0.0,0.0,0.0,true,false,S3-822840429,source3
S1-167354431,3,0,0,0,0,0.0,0.0,0.0,true,false,S3-868905854,source3
S1-167369209,3,0,0,0,0,0.0,0.0,0.0,true,false,S3-682236953,source3
S1-167610338,4,0,0,0,0,0.0,0.0,0.0,true,false,S3-481339929,source3
S1-167672817,1,1,1,0,0,0.8395,0.0,0.8395,false,true,S3-161180385,source3
S1-167810325,1,0,0,0,0,0.0,0.0,0.0,true,false,S2-547622993,source2
S1-167839433,73,0,0,0,0,0.0006,0.0005,0.0001,true,false,S3-937822487,source3
S1-16803013,1,0,0,0,0,0.0,0.0,0.0,true,false,S3-449890622,source3
S1-168128690,66,0,0,0,0,0.0001,0.0,0.0001,true,false,S2-22913222,source2
S1-168226168,2,0,0,0,0,0.0,0.0,0.0,true,false,S3-862503262,source3
S1-168366893,2,0,0,0,0,0.0,0.0,0.0,true,false,S2-833758002,source2
S1-168395001,71,0,0,0,0,0.0,0.0,0.0,true,false,S2-815022550,source2
S1-168534094,1,0,0,0,0,0.0,0.0,0.0,true,false,S2-710539502,source2
S1-168633678,1,0,0,0,0,0.0,0.0,0.0,true,false,S3-613233158,source3
S1-168928497,43,0,0,0,0,0.0,0.0,0.0,true,false,S3-522855835,source3
S1-169051761,36,0,0,0,0,0.0,0.0,0.0,true,false,S2-522788968,source2
S1-169066094,15,0,0,0,0,0.0,0.0,0.0,true,false,S3-579160624,source3
S1-169083104,29,0,0,0,0,0.0,0.0,0.0,true,false,S3-863463356,source3
S1-169108705,1,0,0,0,0,0.0001,0.0,0.0001,true,false,S3-605963936,source3
S1-169108778,38,0,0,0,0,0.0,0.0,0.0,true,false,S3-454678377,source3
S1-169178323,7,0,0,0,0,0.0001,0.0001,0.0,true,false,S2-832495027,source2
S1-169264789,36,0,0,0,0,0.0116,0.0015,0.01,true,false,S2-397641530,source2
S1-169326669,2,0,0,0,0,0.0,0.0,0.0,true,false,S2-155610302,source2
S1-169389237,1,0,0,0,0,0.0,0.0,0.0,true,false,S2-474118498,source2
S1-169459586,1,0,0,0,0,0.0,0.0,0.0,true,false,S3-31186533,source3
S1-169540370,2,0,0,0,0,0.0,0.0,0.0,true,false,S3-134249738,source3
S1-169564752,1,0,0,0,0,0.0,0.0,0.0,true,false,S2-868936270,source2
S1-169575498,5,0,0,0,0,0.0001,0.0,0.0001,true,false,S2-746508087,source2
S1-169809907,114,0,0,0,0,0.0,0.0,0.0,true,false,S3-895567106,source3
S1-169890113,1,0,0,0,0,0.0,0.0,0.0,true,false,S3-653898925,source3
S1-169920715,35,0,0,0,0,0.0,0.0,0.0,true,false,S2-741942304,source2
S1-170087053,49,0,0,0,0,0.0,0.0,0.0,true,false,S2-654701558,source2
S1-170136814,1,0,0,0,0,0.0423,0.0,0.0423,true,false,S3-491891340,source3
S1-17014021,113,0,0,0,0,0.0,0.0,0.0,true,false,S3-53688541,source3
S1-170195620,31,0,0,0,0,0.0,0.0,0.0,true,false,S2-357523784,source2
S1-170225666,2,0,0,0,0,0.0018,0.0,0.0017,true,false,S3-774211920,source3
S1-170243264,69,0,0,0,0,0.0,0.0,0.0,true,false,S2-2387969,source2
S1-170337737,4,0,0,0,0,0.0,0.0,0.0,true,false,S2-398706114,source2
S1-170568144,2,0,0,0,0,0.0001,0.0001,0.0,true,false,S2-916223864,source2
S1-170718183,4,0,0,0,0,0.0001,0.0,0.0001,true,false,S2-229962546,source2
S1-1707333,1,0,0,0,0,0.0,0.0,0.0,true,false,S3-461794086,source3
S1-170773933,37,0,0,0,0,0.0,0.0,0.0,true,false,S2-961041825,source2
S1-170860088,2,0,0,0,0,0.0014,0.0,0.0014,true,false,S2-800323916,source2
S1-171003956,1,0,0,0,0,0.0,0.0,0.0,true,false,S2-287287357,source2
S1-171057992,2,0,0,0,0,0.0001,0.0,0.0001,true,false,S3-841406180,source3
S1-171081889,4,0,0,0,0,0.0,0.0,0.0,true,false,S3-889701123,source3
S1-171092607,1,1,0,0,0,0.4992,0.0,0.4992,false,true,S3-793422792,source3
S1-171137788,4,0,0,0,0,0.0001,0.0,0.0001,true,false,S2-138958741,source2
S1-171294380,2,1,1,1,1,0.9993,0.0026,0.9967,false,true,S3-534894079,source3
S1-171414026,1,0,0,0,0,0.0,0.0,0.0,true,false,S3-319573324,source3
S1-171443646,1,0,0,0,0,0.0,0.0,0.0,true,false,S3-396449814,source3
S1-171510809,1,0,0,0,0,0.0239,0.0,0.0239,true,false,S2-291646367,source2
S1-171542713,2,0,0,0,0,0.0,0.0,0.0,true,false,S3-366272198,source3
S1-171653159,30,0,0,0,0,0.0003,0.0,0.0003,true,false,S2-814853152,source2
S1-171874568,1,0,0,0,0,0.0,0.0,0.0,true,false,S2-742724572,source2
S1-171930471,1,0,0,0,0,0.0,0.0,0.0,true,false,S3-85221618,source3
S1-171983883,1,0,0,0,0,0.0,0.0,0.0,true,false,S2-79999200,source2
S1-172210196,1,0,0,0,0,0.0,0.0,0.0,true,false,S3-223917671,source3
S1-172260482,1,0,0,0,0,0.0,0.0,0.0,true,false,S2-970616761,source2
S1-172326825,2,0,0,0,0,0.0,0.0,0.0,true,false,S2-998394087,source2
S1-172380123,1,0,0,0,0,0.0001,0.0,0.0001,true,false,S2-891262453,source2
S1-172417640,3,0,0,0,0,0.0001,0.0,0.0,true,false,S2-766266509,source2
S1-172454778,1,0,0,0,0,0.0,0.0,0.0,true,false,S2-117754693,source2
S1-172492326,65,0,0,0,0,0.0014,0.0,0.0013,true,false,S2-432301242,source2
S1-172614386,1,0,0,0,0,0.0,0.0,0.0,true,false,S3-727808843,source3
S1-172664178,1,0,0,0,0,0.0,0.0,0.0,true,false,S3-599680661,source3
S1-172850574,1,0,0,0,0,0.0,0.0,0.0,true,false,S2-495311445,source2
S1-17319070,51,0,0,0,0,0.0,0.0,0.0,true,false,S3-533744601,source3
S1-1732357,36,0,0,0,0,0.0,0.0,0.0,true,false,S2-343296122,source2
S1-173339872,24,0,0,0,0,0.0,0.0,0.0,true,false,S2-949705243,source2
S1-17339733,1,0,0,0,0,0.0,0.0,0.0,true,false,S2-371975350,source2
S1-173463747,2,0,0,0,0,0.0001,0.0001,0.0001,true,false,S3-723103867,source3
S1-173504343,1,0,0,0,0,0.0,0.0,0.0,true,false,S3-993043752,source3
S1-173544540,2,0,0,0,0,0.0,0.0,0.0,true,false,S3-233499385,source3
S1-173561857,113,0,0,0,0,0.0,0.0,0.0,true,false,S3-887061839,source3
S1-173769126,3,0,0,0,0,0.0001,0.0,0.0,true,false,S3-904915098,source3
S1-173794945,1,0,0,0,0,0.0,0.0,0.0,true,false,S2-529402629,source2
S1-173915900,2,0,0,0,0,0.0267,0.0,0.0267,true,false,S2-150997100,source2
S1-173968792,1,0,0,0,0,0.0,0.0,0.0,true,false,S3-449907579,source3
S1-173971969,19,0,0,0,0,0.0,0.0,0.0,true,false,S2-377864136,source2
S1-174163891,2,0,0,0,0,0.0,0.0,0.0,true,false,S3-75659483,source3
S1-17429793,1,0,0,0,0,0.0,0.0,0.0,true,false,S2-982143571,source2
S1-17433619,2,0,0,0,0,0.0,0.0,0.0,true,false,S2-660062534,source2
S1-174390454,1,1,1,1,1,0.9974,0.0,0.9974,false,true,S3-511558180,source3
S1-174416924,45,0,0,0,0,0.0,0.0,0.0,true,false,S3-578653004,source3
S1-174534421,39,0,0,0,0,0.0,0.0,0.0,true,false,S2-41514279,source2
S1-174690843,30,0,0,0,0,0.0,0.0,0.0,true,false,S2-384616423,source2
S1-174806508,2,0,0,0,0,0.0004,0.0,0.0003,true,false,S2-866289116,source2
S1-17506850,36,0,0,0,0,0.0,0.0,0.0,true,false,S2-564112793,source2
S1-17508823,5,0,0,0,0,0.0001,0.0,0.0,true,false,S2-539778054,source2
S1-175116562,32,0,0,0,0,0.0,0.0,0.0,true,false,S2-547606225,source2
S1-175246082,1,0,0,0,0,0.0,0.0,0.0,true,false,S3-808615958,source3
S1-175285229,3,0,0,0,0,0.0001,0.0001,0.0,true,false,S2-77842733,source2
S1-175633133,1,0,0,0,0,0.0,0.0,0.0,true,false,S2-543982479,source2
S1-17573606,57,0,0,0,0,0.0,0.0,0.0,true,false,S2-930867842,source2
S1-17584702,1,0,0,0,0,0.0004,0.0,0.0004,true,false,S2-311239401,source2
S1-176129173,33,0,0,0,0,0.0,0.0,0.0,true,false,S2-707195048,source2
S1-176179158,72,0,0,0,0,0.0001,0.0001,0.0,true,false,S2-307228825,source2
S1-176467167,2,0,0,0,0,0.0,0.0,0.0,true,false,S2-65646154,source2
S1-176478926,32,0,0,0,0,0.0,0.0,0.0,true,false,S3-648667607,source3
S1-176480775,1,0,0,0,0,0.0002,0.0,0.0002,true,false,S2-481361992,source2
S1-176496041,29,0,0,0,0,0.0,0.0,0.0,true,false,S2-811170742,source2
S1-176518192,30,0,0,0,0,0.0,0.0,0.0,true,false,S3-863463356,source3
S1-176567267,1,1,1,1,1,0.9997,0.0,0.9997,false,true,S3-998772595,source3
S1-176607451,57,0,0,0,0,0.0001,0.0,0.0001,true,false,S2-232784264,source2
S1-176646555,7,0,0,0,0,0.0001,0.0,0.0001,true,false,S2-110239007,source2
S1-17666546,1,0,0,0,0,0.0,0.0,0.0,true,false,S2-48970936,source2
S1-176727388,35,0,0,0,0,0.0,0.0,0.0,true,false,S3-464507572,source3
S1-177035204,43,0,0,0,0,0.0001,0.0001,0.0,true,false,S3-629710261,source3
S1-177087905,27,0,0,0,0,0.0001,0.0,0.0001,true,false,S3-352590211,source3
S1-177380392,41,0,0,0,0,0.0,0.0,0.0,true,false,S2-928052985,source2
S1-177476491,1,0,0,0,0,0.0,0.0,0.0,true,false,S2-496217073,source2
S1-177483439,57,0,0,0,0,0.3606,0.0002,0.3604,true,false,S2-619558626,source2
S1-177610112,2,0,0,0,0,0.0001,0.0,0.0001,true,false,S3-779637191,source3
S1-177614351,1,0,0,0,0,0.0,0.0,0.0,true,false,S2-929548017,source2
S1-177724223,45,0,0,0,0,0.0,0.0,0.0,true,false,S3-384492697,source3
S1-177778525,2,0,0,0,0,0.0,0.0,0.0,true,false,S3-714504878,source3
S1-177820806,5,1,1,1,1,0.9994,0.0,0.9994,false,true,S3-836188734,source3
S1-177869118,32,0,0,0,0,0.0,0.0,0.0,true,false,S3-796331989,source3
S1-177869576,1,0,0,0,0,0.0001,0.0,0.0001,true,false,S3-735478027,source3
S1-178189126,1,0,0,0,0,0.0,0.0,0.0,true,false,S2-247560956,source2
S1-178206037,1,1,0,0,0,0.1256,0.0,0.1256,false,true,S2-238463399,source2
S1-178268871,61,0,0,0,0,0.0,0.0,0.0,true,false,S2-922011742,source2
S1-178294692,1,0,0,0,0,0.0,0.0,0.0,true,false,S2-456957169,source2
S1-178374124,1,0,0,0,0,0.0,0.0,0.0,true,false,S2-914695228,source2
S1-1785366,2,0,0,0,0,0.0,0.0,0.0,true,false,S2-778392968,source2
S1-178601343,2,0,0,0,0,0.0,0.0,0.0,true,false,S3-764535846,source3
S1-178742485,33,0,0,0,0,0.0,0.0,0.0,true,false,S3-355419233,source3
S1-178843203,89,0,0,0,0,0.0005,0.0001,0.0004,true,false,S2-771673505,source2
S1-178875010,35,0,0,0,0,0.0,0.0,0.0,true,false,S3-52408285,source3
S1-178921025,1,1,0,0,0,0.1444,0.0,0.1444,false,true,S3-156709896,source3
S1-17897099,1,0,0,0,0,0.0003,0.0,0.0003,true,false,S3-267506665,source3
S1-179075655,4,0,0,0,0,0.0,0.0,0.0,true,false,S3-757893143,source3
S1-179153448,4,0,0,0,0,0.0,0.0,0.0,true,false,S3-323496999,source3
S1-179157721,2,0,0,0,0,0.0,0.0,0.0,true,false,S2-749976610,source2
S1-179170260,2,0,0,0,0,0.0001,0.0,0.0,true,false,S2-608974264,source2
S1-179236617,8,0,0,0,0,0.0,0.0,0.0,true,false,S3-125400582,source3
S1-179413306,2,0,0,0,0,0.0,0.0,0.0,true,false,S2-198973860,source2
S1-179474563,1,1,1,1,1,0.9577,0.0,0.9577,false,true,S3-243714711,source3
S1-179510755,38,0,0,0,0,0.0001,0.0,0.0001,true,false,S3-836827818,source3
S1-179556323,1,0,0,0,0,0.0,0.0,0.0,true,false,S3-147421166,source3
S1-179658924,33,0,0,0,0,0.0,0.0,0.0,true,false,S2-118267125,source2
S1-179706984,2,0,0,0,0,0.0001,0.0,0.0,true,false,S3-998521958,source3
S1-179775267,2,0,0,0,0,0.0,0.0,0.0,true,false,S2-948016596,source2
S1-179790769,5,0,0,0,0,0.0,0.0,0.0,true,false,S3-334712826,source3
S1-179804186,2,0,0,0,0,0.0001,0.0,0.0001,true,false,S2-197263264,source2
S1-179832084,1,0,0,0,0,0.0001,0.0,0.0001,true,false,S2-315339788,source2
S1-179891617,1,0,0,0,0,0.0,0.0,0.0,true,false,S3-682296382,source3
S1-179979275,36,0,0,0,0,0.0,0.0,0.0,true,false,S2-984305497,source2
S1-180033839,1,0,0,0,0,0.0001,0.0,0.0001,true,false,S3-266311852,source3
S1-180117020,1,0,0,0,0,0.0,0.0,0.0,true,false,S3-554579834,source3
S1-180130122,1,0,0,0,0,0.0,0.0,0.0,true,false,S3-646624812,source3
S1-180280589,2,0,0,0,0,0.0,0.0,0.0,true,false,S2-185160727,source2
S1-180397536,1,0,0,0,0,0.0,0.0,0.0,true,false,S3-227304694,source3
S1-180642662,1,0,0,0,0,0.0,0.0,0.0,true,false,S2-442542829,source2
S1-180811452,38,0,0,0,0,0.0,0.0,0.0,true,false,S2-91305348,source2
S1-180853590,3,0,0,0,0,0.0506,0.0001,0.0506,true,false,S2-544993889,source2
S1-181044596,40,0,0,0,0,0.0,0.0,0.0,true,false,S3-12777054,source3
S1-181187335,61,0,0,0,0,0.0002,0.0002,0.0,true,false,S2-976689122,source2
S1-181244462,2,0,0,0,0,0.0,0.0,0.0,true,false,S2-444608328,source2
S1-181290919,53,0,0,0,0,0.0,0.0,0.0,true,false,S3-36084402,source3
S1-181342318,59,0,0,0,0,0.0,0.0,0.0,true,false,S2-815268224,source2
S1-181345207,10,0,0,0,0,0.0,0.0,0.0,true,false,S2-456559794,source2
S1-181358816,2,0,0,0,0,0.0,0.0,0.0,true,false,S3-335672741,source3
S1-181369338,2,0,0,0,0,0.0,0.0,0.0,true,false,S3-63900487,source3
S1-181567927,1,1,1,0,0,0.8252,0.0,0.8252,false,true,S3-422529315,source3
S1-181605529,1,0,0,0,0,0.0,0.0,0.0,true,false,S2-272803585,source2
S1-181648645,5,0,0,0,0,0.0,0.0,0.0,true,false,S2-220428443,source2
S1-181655880,51,0,0,0,0,0.0,0.0,0.0,true,false,S3-20009193,source3
S1-18173845,1,0,0,0,0,0.0,0.0,0.0,true,false,S3-88341122,source3
S1-181768827,1,0,0,0,0,0.0,0.0,0.0,true,false,S3-364163089,source3
S1-181780308,2,0,0,0,0,0.0,0.0,0.0,true,false,S3-267687413,source3
S1-181855061,48,0,0,0,0,0.0001,0.0,0.0,true,false,S2-77796439,source2
S1-181900498,1,0,0,0,0,0.0,0.0,0.0,true,false,S2-864224511,source2
S1-181907213,3,0,0,0,0,0.0,0.0,0.0,true,false,S2-579955101,source2
S1-181955761,39,0,0,0,0,0.0,0.0,0.0,true,false,S3-802467763,source3
S1-181963191,2,0,0,0,0,0.0,0.0,0.0,true,false,S3-951006804,source3
S1-182019170,30,0,0,0,0,0.0005,0.0,0.0005,true,false,S3-397518552,source3
S1-182136219,24,0,0,0,0,0.0,0.0,0.0,true,false,S2-157848047,source2
S1-182374802,45,0,0,0,0,0.0001,0.0,0.0001,true,false,S3-794790437,source3
S1-182662840,53,0,0,0,0,0.0,0.0,0.0,true,false,S2-757071629,source2
S1-182793930,2,0,0,0,0,0.0,0.0,0.0,true,false,S2-714937043,source2
S1-182840480,36,0,0,0,0,0.0,0.0,0.0,true,false,S3-931855762,source3
S1-182947044,2,0,0,0,0,0.0,0.0,0.0,true,false,S3-493482128,source3
S1-182989353,1,0,0,0,0,0.0,0.0,0.0,true,false,S2-193458242,source2
S1-183043283,2,0,0,0,0,0.0,0.0,0.0,true,false,S2-397065527,source2
S1-183109134,1,0,0,0,0,0.0,0.0,0.0,true,false,S3-911533374,source3
S1-183226178,1,0,0,0,0,0.0,0.0,0.0,true,false,S2-490757090,source2
S1-183233338,1,0,0,0,0,0.0,0.0,0.0,true,false,S3-306377805,source3
S1-183268082,3,0,0,0,0,0.0,0.0,0.0,true,false,S3-889770828,source3
S1-183283123,1,0,0,0,0,0.0,0.0,0.0,true,false,S3-675818857,source3
S1-183313387,3,0,0,0,0,0.0001,0.0,0.0001,true,false,S2-347221560,source2
S1-183328086,4,0,0,0,0,0.0,0.0,0.0,true,false,S3-168900346,source3
S1-183363639,1,0,0,0,0,0.0,0.0,0.0,true,false,S2-631104870,source2
S1-18341117,1,0,0,0,0,0.0001,0.0,0.0001,true,false,S2-454776644,source2
S1-183433043,4,0,0,0,0,0.0,0.0,0.0,true,false,S3-671891516,source3
S1-183461698,4,0,0,0,0,0.0,0.0,0.0,true,false,S3-352223512,source3
S1-183683731,1,1,0,0,0,0.1604,0.0,0.1604,false,true,S2-138033509,source2
S1-183760590,1,0,0,0,0,0.0,0.0,0.0,true,false,S3-982423001,source3
S1-183884441,1,0,0,0,0,0.0,0.0,0.0,true,false,S2-168803049,source2
S1-183965821,41,0,0,0,0,0.0,0.0,0.0,true,false,S2-970560912,source2
S1-18405025,2,0,0,0,0,0.0001,0.0,0.0,true,false,S2-723153530,source2
S1-184112494,33,0,0,0,0,0.0,0.0,0.0,true,false,S2-866698206,source2
S1-184112833,1,0,0,0,0,0.7774,0.0,0.7774,true,false,S2-112422248,source2
S1-184141692,35,0,0,0,0,0.0,0.0,0.0,true,false,S3-355476685,source3
S1-184167907,32,0,0,0,0,0.0232,0.0,0.0232,true,false,S3-51661,source3
S1-18420258,1,0,0,0,0,0.0,0.0,0.0,true,false,S3-330286440,source3
S1-184276220,24,0,0,0,0,0.0,0.0,0.0,true,false,S3-862867548,source3
S1-184332804,1,0,0,0,0,0.0001,0.0,0.0001,true,false,S3-966820543,source3
S1-184468312,1,0,0,0,0,0.0,0.0,0.0,true,false,S3-566125768,source3
S1-184591289,47,0,0,0,0,0.0001,0.0,0.0001,true,false,S2-473533690,source2
S1-184673022,1,0,0,0,0,0.0,0.0,0.0,true,false,S2-122170914,source2
S1-184682857,1,0,0,0,0,0.0,0.0,0.0,true,false,S3-15778046,source3
S1-184693603,2,0,0,0,0,0.0001,0.0,0.0001,true,false,S2-889587153,source2
S1-184778904,37,0,0,0,0,0.0001,0.0,0.0,true,false,S3-782900218,source3
S1-184794725,1,0,0,0,0,0.0,0.0,0.0,true,false,S2-819681837,source2
S1-184850496,1,0,0,0,0,0.0001,0.0,0.0001,true,false,S3-802612422,source3
S1-184883568,1,0,0,0,0,0.0007,0.0,0.0007,true,false,S3-249973327,source3
S1-185055467,25,0,0,0,0,0.0266,0.0179,0.0087,true,false,S3-850428491,source3
S1-185275719,1,0,0,0,0,0.0,0.0,0.0,true,false,S2-926996577,source2
S1-185349777,58,0,0,0,0,0.0003,0.0,0.0002,true,false,S2-571050569,source2
S1-185455021,1,0,0,0,0,0.0,0.0,0.0,true,false,S2-856513822,source2
S1-185461178,49,0,0,0,0,0.0,0.0,0.0,true,false,S3-4086513,source3
S1-18553955,6,0,0,0,0,0.0,0.0,0.0,true,false,S2-699771268,source2
S1-185556361,3,0,0,0,0,0.2172,0.0001,0.2171,true,false,S2-463914306,source2
S1-185557895,1,0,0,0,0,0.0001,0.0,0.0001,true,false,S2-630772014,source2
S1-18557885,37,0,0,0,0,0.0,0.0,0.0,true,false,S2-138622990,source2
S1-185677985,2,0,0,0,0,0.0001,0.0001,0.0,true,false,S3-455373073,source3
S1-1857137,45,0,0,0,0,0.0001,0.0001,0.0,true,false,S3-579483118,source3
S1-185724001,7,0,0,0,0,0.0,0.0,0.0,true,false,S2-250755722,source2
S1-18582658,2,0,0,0,0,0.0,0.0,0.0,true,false,S3-306707562,source3
S1-185860216,51,0,0,0,0,0.0,0.0,0.0,true,false,S2-124775552,source2
S1-186022238,42,0,0,0,0,0.0,0.0,0.0,true,false,S3-736466793,source3
S1-186281585,40,0,0,0,0,0.0,0.0,0.0,true,false,S2-40290289,source2
S1-186421225,3,0,0,0,0,0.0,0.0,0.0,true,false,S3-428702926,source3
S1-18643055,24,0,0,0,0,0.0,0.0,0.0,true,false,S2-865273323,source2
S1-186487137,1,0,0,0,0,0.0,0.0,0.0,true,false,S3-443157033,source3
S1-186748283,2,0,0,0,0,0.0,0.0,0.0,true,false,S3-665204796,source3
S1-186761262,2,0,0,0,0,0.0,0.0,0.0,true,false,S2-958678717,source2
S1-186770131,1,0,0,0,0,0.0,0.0,0.0,true,false,S3-665971498,source3
S1-186789617,1,0,0,0,0,0.0,0.0,0.0,true,false,S2-779046920,source2
S1-18691314,1,0,0,0,0,0.0,0.0,0.0,true,false,S2-900541165,source2
S1-187004387,2,0,0,0,0,0.0498,0.0,0.0498,true,false,S3-960532968,source3
S1-187016515,62,0,0,0,0,0.0002,0.0001,0.0001,true,false,S2-495926087,source2
S1-187058094,2,0,0,0,0,0.0,0.0,0.0,true,false,S2-301148637,source2
S1-187073899,25,0,0,0,0,0.0,0.0,0.0,true,false,S3-876203491,source3
S1-187243551,1,1,1,1,1,0.9986,0.0,0.9986,false,true,S3-961746479,source3
S1-18726359,53,0,0,0,0,0.0,0.0,0.0,true,false,S3-115644013,source3
S1-187278509,67,0,0,0,0,0.0,0.0,0.0,true,false,S3-167994845,source3
S1-187328997,75,0,0,0,0,0.0001,0.0,0.0,true,false,S2-712343515,source2
S1-187538828,44,0,0,0,0,0.0,0.0,0.0,true,false,S2-946872072,source2
S1-187558029,50,0,0,0,0,0.0007,0.0003,0.0005,true,false,S3-796866273,source3
S1-187690902,16,1,1,1,1,0.9995,0.0001,0.9995,false,true,S3-188063360,source3
S1-187797893,6,0,0,0,0,0.0001,0.0,0.0,true,false,S2-856506069,source2
S1-187913417,5,0,0,0,0,0.0005,0.0002,0.0004,true,false,S2-804948682,source2
S1-187932653,1,0,0,0,0,0.0001,0.0,0.0001,true,false,S3-332220114,source3
S1-188185100,30,0,0,0,0,0.0,0.0,0.0,true,false,S2-460064158,source2
S1-188592004,1,0,0,0,0,0.0,0.0,0.0,true,false,S2-715495712,source2
S1-188604146,46,0,0,0,0,0.0,0.0,0.0,true,false,S3-447686166,source3
S1-188660583,1,0,0,0,0,0.0002,0.0,0.0002,true,false,S3-679368070,source3
S1-18884857,1,0,0,0,0,0.0,0.0,0.0,true,false,S2-651025657,source2
S1-188948995,1,0,0,0,0,0.0,0.0,0.0,true,false,S2-107989721,source2
S1-189254015,1,0,0,0,0,0.0,0.0,0.0,true,false,S2-193580546,source2
S1-189291013,1,0,0,0,0,0.0,0.0,0.0,true,false,S3-672606168,source3
S1-189339592,1,0,0,0,0,0.0,0.0,0.0,true,false,S2-490300604,source2
S1-189422675,22,0,0,0,0,0.0,0.0,0.0,true,false,S2-682178941,source2
S1-189663295,1,0,0,0,0,0.0,0.0,0.0,true,false,S2-523546751,source2
S1-189698956,6,1,1,1,1,0.9998,0.0001,0.9997,false,true,S3-418735190,source3
S1-189754401,1,0,0,0,0,0.0,0.0,0.0,true,false,S3-837401488,source3
S1-189776996,1,0,0,0,0,0.0,0.0,0.0,true,false,S2-611369177,source2
S1-189831319,58,0,0,0,0,0.0,0.0,0.0,true,false,S2-124085055,source2
S1-18996893,8,0,0,0,0,0.0001,0.0,0.0001,true,false,S3-974464312,source3
S1-190259754,2,0,0,0,0,0.0,0.0,0.0,true,false,S2-496643581,source2
S1-190364952,3,0,0,0,0,0.0035,0.0001,0.0034,true,false,S2-163555319,source2
S1-19053820,3,0,0,0,0,0.0,0.0,0.0,true,false,S2-893657382,source2
S1-190619328,2,0,0,0,0,0.0001,0.0,0.0001,true,false,S3-305123414,source3
S1-190705285,33,0,0,0,0,0.0,0.0,0.0,true,false,S3-895371174,source3
S1-190912897,30,0,0,0,0,0.0,0.0,0.0,true,false,S3-549523415,source3
S1-190940670,1,0,0,0,0,0.0,0.0,0.0,true,false,S3-940381838,source3
S1-191024261,12,1,1,1,1,0.9866,0.0002,0.9864,false,true,S2-122244394,source2
S1-191027979,1,0,0,0,0,0.0,0.0,0.0,true,false,S2-580324551,source2
S1-191183109,1,0,0,0,0,0.0,0.0,0.0,true,false,S2-133609214,source2
S1-191223867,1,0,0,0,0,0.0,0.0,0.0,true,false,S2-802612654,source2
S1-191289280,6,0,0,0,0,0.0,0.0,0.0,true,false,S3-102426495,source3
S1-191437639,43,0,0,0,0,0.0214,0.0044,0.017,true,false,S2-599195929,source2
S1-191517171,1,0,0,0,0,0.0,0.0,0.0,true,false,S3-246192942,source3
S1-191617315,1,0,0,0,0,0.0,0.0,0.0,true,false,S3-920441994,source3
S1-191622331,1,0,0,0,0,0.0392,0.0,0.0392,true,false,S3-905730232,source3
S1-191703447,1,0,0,0,0,0.0,0.0,0.0,true,false,S2-150245563,source2
S1-191756474,39,0,0,0,0,0.0,0.0,0.0,true,false,S3-29266240,source3
S1-191792501,33,0,0,0,0,0.0,0.0,0.0,true,false,S2-438490281,source2
S1-191874708,32,0,0,0,0,0.0,0.0,0.0,true,false,S2-110920126,source2
S1-191917402,1,0,0,0,0,0.0005,0.0,0.0005,true,false,S2-368179645,source2
S1-191922414,9,0,0,0,0,0.0003,0.0001,0.0002,true,false,S2-622381127,source2
S1-191985182,44,0,0,0,0,0.0,0.0,0.0,true,false,S2-88773721,source2
S1-191997878,54,0,0,0,0,0.0,0.0,0.0,true,false,S3-451118302,source3
S1-19205900,83,0,0,0,0,0.0001,0.0001,0.0,true,false,S3-203665984,source3
S1-192247023,1,0,0,0,0,0.0,0.0,0.0,true,false,S2-418256463,source2
S1-192345497,2,0,0,0,0,0.0001,0.0,0.0,true,false,S2-878656408,source2
S1-192381489,47,0,0,0,0,0.0002,0.0,0.0002,true,false,S3-392719373,source3
S1-192464263,6,0,0,0,0,0.0001,0.0001,0.0,true,false,S2-916897819,source2
S1-192497829,4,0,0,0,0,0.0001,0.0001,0.0,true,false,S2-689746895,source2
S1-192530794,1,0,0,0,0,0.0,0.0,0.0,true,false,S3-567168481,source3
S1-192944864,25,0,0,0,0,0.0,0.0,0.0,true,false,S2-8253948,source2
S1-193283749,2,1,1,1,1,0.9878,0.0001,0.9877,false,true,S3-558363533,source3
S1-193414269,13,0,0,0,0,0.0,0.0,0.0,true,false,S3-436198662,source3
S1-193418405,42,0,0,0,0,0.0,0.0,0.0,true,false,S3-891901989,source3
S1-193524792,1,0,0,0,0,0.0,0.0,0.0,true,false,S2-416955900,source2
S1-193589073,1,1,1,1,1,0.9958,0.0,0.9958,false,true,S2-494133473,source2
S1-193678413,1,0,0,0,0,0.0,0.0,0.0,true,false,S2-508590948,source2
S1-193824903,2,0,0,0,0,0.0,0.0,0.0,true,false,S3-954595244,source3
S1-193827002,2,0,0,0,0,0.0081,0.0027,0.0053,true,false,S2-580923234,source2
S1-19400879,2,0,0,0,0,0.0,0.0,0.0,true,false,S2-49913694,source2
S1-194187427,1,1,0,0,0,0.462,0.0,0.462,false,true,S3-843421850,source3
S1-194308733,1,0,0,0,0,0.0,0.0,0.0,true,false,S2-218203548,source2
S1-194340421,53,0,0,0,0,0.0001,0.0,0.0,true,false,S3-550678454,source3
S1-194467315,1,0,0,0,0,0.0,0.0,0.0,true,false,S2-489348478,source2
S1-194536912,1,0,0,0,0,0.0,0.0,0.0,true,false,S3-646496239,source3
S1-194559781,34,0,0,0,0,0.0,0.0,0.0,true,false,S3-363354629,source3
S1-194606702,3,0,0,0,0,0.0001,0.0001,0.0001,true,false,S2-143927820,source2
S1-194712690,2,0,0,0,0,0.0,0.0,0.0,true,false,S2-922477258,source2
S1-194718394,2,1,1,1,1,0.9988,0.0,0.9988,false,true,S2-644231577,source2
S1-194812326,2,0,0,0,0,0.0001,0.0,0.0,true,false,S3-629526913,source3
S1-194955748,1,0,0,0,0,0.0,0.0,0.0,true,false,S3-25743607,source3
S1-194982474,2,0,0,0,0,0.0,0.0,0.0,true,false,S3-8239057,source3
S1-195185666,1,0,0,0,0,0.0,0.0,0.0,true,false,S2-483538525,source2
S1-19530715,1,0,0,0,0,0.0001,0.0,0.0001,true,false,S3-850596301,source3
S1-195366089,2,0,0,0,0,0.0,0.0,0.0,true,false,S2-505350828,source2
S1-195381333,18,0,0,0,0,0.0,0.0,0.0,true,false,S3-145457240,source3
S1-195543907,43,0,0,0,0,0.0,0.0,0.0,true,false,S3-950660541,source3
S1-195663138,1,1,1,1,1,0.9998,0.0,0.9998,false,true,S3-880399551,source3
S1-195750897,2,0,0,0,0,0.01,0.0008,0.0092,true,false,S2-207318112,source2
S1-195761303,2,0,0,0,0,0.0,0.0,0.0,true,false,S3-389706893,source3
S1-195939775,2,0,0,0,0,0.0001,0.0,0.0001,true,false,S3-967450305,source3
S1-196053754,1,0,0,0,0,0.0,0.0,0.0,true,false,S2-178627497,source2
S1-196090442,1,0,0,0,0,0.0001,0.0,0.0001,true,false,S2-407335048,source2
S1-196267878,2,0,0,0,0,0.0372,0.0,0.0372,true,false,S3-666110895,source3
S1-196369936,81,0,0,0,0,0.0,0.0,0.0,true,false,S2-865386312,source2
S1-196411364,1,0,0,0,0,0.0,0.0,0.0,true,false,S3-431547167,source3
S1-196459131,27,0,0,0,0,0.0,0.0,0.0,true,false,S3-356032800,source3
S1-19658350,3,0,0,0,0,0.0001,0.0,0.0,true,false,S3-284065542,source3
S1-196698447,1,0,0,0,0,0.0,0.0,0.0,true,false,S2-885153394,source2
S1-196747008,58,1,1,1,1,0.9557,0.0001,0.9556,false,true,S3-765157352,source3
S1-196821991,39,0,0,0,0,0.0,0.0,0.0,true,false,S3-437496593,source3
S1-196900598,1,0,0,0,0,0.0,0.0,0.0,true,false,S2-540841303,source2
S1-197197167,1,0,0,0,0,0.0,0.0,0.0,true,false,S3-997443239,source3
S1-197201679,35,0,0,0,0,0.0003,0.0003,0.0,true,false,S2-371523403,source2
S1-197213235,2,0,0,0,0,0.0,0.0,0.0,true,false,S2-192361431,source2
S1-197230704,1,0,0,0,0,0.0,0.0,0.0,true,false,S3-294722684,source3
S1-197781546,3,0,0,0,0,0.0,0.0,0.0,true,false,S3-475393989,source3
S1-19791439,2,0,0,0,0,0.0,0.0,0.0,true,false,S2-607639863,source2
S1-197952819,21,0,0,0,0,0.0,0.0,0.0,true,false,S2-718775157,source2
S1-198026451,1,0,0,0,0,0.0,0.0,0.0,true,false,S3-493323706,source3
S1-198062620,1,0,0,0,0,0.0,0.0,0.0,true,false,S3-251339137,source3
S1-198277831,1,0,0,0,0,0.0001,0.0,0.0001,true,false,S3-894878221,source3
S1-198373619,3,0,0,0,0,0.0,0.0,0.0,true,false,S3-648102632,source3
S1-198529975,1,1,0,0,0,0.4364,0.0,0.4364,false,true,S3-128614243,source3
S1-198536254,30,0,0,0,0,0.0,0.0,0.0,true,false,S3-848410215,source3
S1-198832266,1,0,0,0,0,0.0,0.0,0.0,true,false,S2-198086950,source2
S1-199048304,1,1,1,1,1,0.9995,0.0,0.9995,false,true,S3-782925974,source3
S1-199195055,1,1,1,1,1,0.9968,0.0,0.9968,false,true,S3-302626466,source3
S1-199600377,1,1,1,1,1,0.9997,0.0,0.9997,false,true,S2-716446274,source2
S1-199719839,1,0,0,0,0,0.0,0.0,0.0,true,false,S3-186424033,source3
S1-199878589,1,0,0,0,0,0.0147,0.0,0.0147,true,false,S2-638025972,source2
S1-199937523,36,0,0,0,0,0.0003,0.0,0.0003,true,false,S2-664587003,source2
S1-200004381,1,0,0,0,0,0.0001,0.0,0.0001,true,false,S2-29424513,source2
S1-200155923,2,0,0,0,0,0.0,0.0,0.0,true,false,S3-159583358,source3
S1-200199271,1,0,0,0,0,0.0,0.0,0.0,true,false,S2-416187243,source2
S1-200201405,67,0,0,0,0,0.0002,0.0,0.0001,true,false,S3-942582211,source3
S1-200216173,21,0,0,0,0,0.0,0.0,0.0,true,false,S2-992870717,source2
S1-20023045,52,0,0,0,0,0.0001,0.0,0.0,true,false,S3-495112266,source3
S1-200430045,29,0,0,0,0,0.0,0.0,0.0,true,false,S2-291604657,source2
S1-200490547,10,0,0,0,0,0.0,0.0,0.0,true,false,S3-784625849,source3
S1-200558166,1,0,0,0,0,0.0127,0.0,0.0127,true,false,S2-439716521,source2
S1-200594257,3,0,0,0,0,0.0002,0.0001,0.0001,true,false,S3-346799181,source3
S1-200683717,1,0,0,0,0,0.0,0.0,0.0,true,false,S3-615900852,source3
S1-200805126,2,0,0,0,0,0.0001,0.0,0.0001,true,false,S2-283455451,source2
S1-20091285,32,0,0,0,0,0.0,0.0,0.0,true,false,S2-792060456,source2
S1-200994478,66,0,0,0,0,0.0,0.0,0.0,true,false,S2-469595679,source2
S1-201057548,2,0,0,0,0,0.0,0.0,0.0,true,false,S3-968982534,source3
S1-201155500,1,0,0,0,0,0.0,0.0,0.0,true,false,S2-380134736,source2
S1-201395394,1,0,0,0,0,0.0,0.0,0.0,true,false,S3-633173104,source3
S1-201480849,1,0,0,0,0,0.0002,0.0,0.0002,true,false,S2-228917785,source2
S1-201585261,1,0,0,0,0,0.0,0.0,0.0,true,false,S3-915998778,source3
S1-201640649,1,1,1,1,1,0.987,0.0,0.987,false,true,S3-106739113,source3
S1-201665675,2,0,0,0,0,0.0,0.0,0.0,true,false,S2-681020849,source2
S1-201683540,6,0,0,0,0,0.0003,0.0001,0.0002,true,false,S2-655597234,source2
S1-20174891,1,0,0,0,0,0.0,0.0,0.0,true,false,S2-416317388,source2
S1-201820814,1,0,0,0,0,0.0005,0.0,0.0005,true,false,S3-664823084,source3
S1-201824603,2,0,0,0,0,0.0001,0.0,0.0001,true,false,S2-763379556,source2
S1-20187416,1,0,0,0,0,0.0,0.0,0.0,true,false,S3-840024533,source3
S1-201953835,11,0,0,0,0,0.0,0.0,0.0,true,false,S2-290466046,source2
S1-202066432,13,0,0,0,0,0.0,0.0,0.0,true,false,S3-805197347,source3
S1-202087460,7,0,0,0,0,0.0003,0.0,0.0003,true,false,S2-159918016,source2
S1-202112057,3,0,0,0,0,0.0001,0.0001,0.0,true,false,S2-418049164,source2
S1-202136395,1,0,0,0,0,0.0,0.0,0.0,true,false,S2-243782054,source2
S1-20223083,1,0,0,0,0,0.0,0.0,0.0,true,false,S2-885699604,source2
S1-202259258,1,0,0,0,0,0.0,0.0,0.0,true,false,S3-435177689,source3
S1-202314478,1,0,0,0,0,0.0,0.0,0.0,true,false,S3-517968732,source3
S1-202326108,2,0,0,0,0,0.0,0.0,0.0,true,false,S3-783632803,source3
S1-202400958,1,0,0,0,0,0.0,0.0,0.0,true,false,S2-223038034,source2
S1-202434240,3,0,0,0,0,0.0,0.0,0.0,true,false,S2-74901870,source2
S1-202480603,47,0,0,0,0,0.0,0.0,0.0,true,false,S2-961102638,source2
S1-202490639,4,0,0,0,0,0.0019,0.0,0.0019,true,false,S3-285650811,source3
S1-202582080,2,0,0,0,0,0.0002,0.0001,0.0001,true,false,S3-341396087,source3
S1-202909837,1,0,0,0,0,0.0001,0.0,0.0001,true,false,S2-848909665,source2
S1-20306842,1,0,0,0,0,0.0,0.0,0.0,true,false,S3-159047045,source3
S1-203093949,1,1,1,1,1,0.9987,0.0,0.9987,false,true,S2-779083369,source2
S1-203175918,1,1,1,1,1,0.9971,0.0,0.9971,false,true,S2-701044977,source2
S1-203284869,1,0,0,0,0,0.0372,0.0,0.0372,true,false,S3-950660541,source3
S1-203300289,1,0,0,0,0,0.0011,0.0,0.0011,true,false,S3-872752642,source3
S1-203460032,2,0,0,0,0,0.0,0.0,0.0,true,false,S2-431013,source2
S1-203497386,11,0,0,0,0,0.0752,0.0011,0.0741,true,false,S2-308372235,source2
S1-203535998,19,0,0,0,0,0.0003,0.0002,0.0001,true,false,S2-887595379,source2
S1-203627672,3,0,0,0,0,0.0846,0.0,0.0845,true,false,S2-795896132,source2
S1-203924219,1,0,0,0,0,0.0,0.0,0.0,true,false,S3-568617496,source3
S1-203925563,1,0,0,0,0,0.0001,0.0,0.0001,true,false,S2-511214877,source2
S1-204253349,1,0,0,0,0,0.0932,0.0,0.0932,true,false,S3-182370493,source3
S1-204254701,3,0,0,0,0,0.0,0.0,0.0,true,false,S2-414923736,source2
S1-204324930,1,0,0,0,0,0.0,0.0,0.0,true,false,S2-368478519,source2
S1-204656333,1,0,0,0,0,0.0,0.0,0.0,true,false,S2-897233441,source2
S1-204747469,1,0,0,0,0,0.0,0.0,0.0,true,false,S3-746487312,source3
S1-204764244,1,0,0,0,0,0.0,0.0,0.0,true,false,S3-964998085,source3
S1-204794934,1,0,0,0,0,0.0,0.0,0.0,true,false,S2-704779076,source2
S1-204858681,74,0,0,0,0,0.0001,0.0001,0.0,true,false,S2-65887700,source2
S1-204894476,1,0,0,0,0,0.0,0.0,0.0,true,false,S2-271664933,source2
S1-204918476,2,1,0,0,0,0.4846,0.0001,0.4846,false,true,S3-126016415,source3
S1-204919619,1,0,0,0,0,0.0,0.0,0.0,true,false,S3-667118203,source3
S1-204964187,2,0,0,0,0,0.0,0.0,0.0,true,false,S2-635437893,source2
S1-205103751,2,0,0,0,0,0.0001,0.0,0.0,true,false,S3-999335322,source3
S1-205363679,1,0,0,0,0,0.0,0.0,0.0,true,false,S2-850291474,source2
S1-205548600,1,0,0,0,0,0.0,0.0,0.0,true,false,S3-615512571,source3
S1-20584631,3,0,0,0,0,0.0001,0.0001,0.0,true,false,S2-895674743,source2
S1-205894984,4,0,0,0,0,0.0001,0.0001,0.0,true,false,S2-521247473,source2
S1-205997046,40,0,0,0,0,0.0001,0.0,0.0001,true,false,S2-835441368,source2
S1-20606812,47,0,0,0,0,0.0,0.0,0.0,true,false,S2-804860148,source2
S1-206084869,1,0,0,0,0,0.0,0.0,0.0,true,false,S3-109678718,source3
S1-206315514,5,0,0,0,0,0.0002,0.0,0.0001,true,false,S2-11711112,source2
S1-206392790,37,0,0,0,0,0.0,0.0,0.0,true,false,S3-292167119,source3
S1-20646164,1,1,1,1,1,0.9999,0.0,0.9999,false,true,S2-161212023,source2
S1-206477802,1,0,0,0,0,0.0,0.0,0.0,true,false,S2-962402709,source2
S1-206499309,1,1,0,0,0,0.0146,0.0,0.0146,false,true,S3-284599852,source3
S1-206524887,1,1,1,1,1,0.9815,0.0,0.9815,false,true,S3-777589259,source3
S1-206766036,32,0,0,0,0,0.2804,0.0,0.2803,true,false,S2-289656809,source2
S1-20679780,53,0,0,0,0,0.0,0.0,0.0,true,false,S3-995989225,source3
S1-206960885,1,1,1,1,1,0.9978,0.0,0.9978,false,true,S3-817749067,source3
S1-207311787,1,0,0,0,0,0.0,0.0,0.0,true,false,S2-65301879,source2
S1-207408931,1,0,0,0,0,0.0,0.0,0.0,true,false,S3-352295331,source3
S1-207489316,81,0,0,0,0,0.0001,0.0,0.0,true,false,S3-587542982,source3
S1-207518844,3,0,0,0,0,0.0088,0.0,0.0088,true,false,S3-628537689,source3
S1-207739668,38,0,0,0,0,0.0,0.0,0.0,true,false,S3-944910577,source3
S1-207792150,1,0,0,0,0,0.0,0.0,0.0,true,false,S3-395318782,source3
S1-208031709,40,0,0,0,0,0.0001,0.0,0.0,true,false,S2-394257658,source2
S1-208050357,38,0,0,0,0,0.0,0.0,0.0,true,false,S3-911802188,source3
S1-208079805,2,0,0,0,0,0.0,0.0,0.0,true,false,S3-879765626,source3
S1-208080517,4,0,0,0,0,0.0,0.0,0.0,true,false,S3-245987435,source3
S1-208085691,2,0,0,0,0,0.0,0.0,0.0,true,false,S3-910389077,source3
S1-208123691,1,0,0,0,0,0.0,0.0,0.0,true,false,S3-425726784,source3
S1-208166983,1,0,0,0,0,0.0,0.0,0.0,true,false,S3-696321738,source3
S1-208184541,2,0,0,0,0,0.0,0.0,0.0,true,false,S2-755730090,source2
S1-208259086,5,0,0,0,0,0.0003,0.0,0.0002,true,false,S2-28135445,source2
S1-208298370,1,0,0,0,0,0.0742,0.0,0.0742,true,false,S3-173018580,source3
S1-208314092,4,0,0,0,0,0.0,0.0,0.0,true,false,S2-208945187,source2
S1-208338659,2,0,0,0,0,0.0,0.0,0.0,true,false,S3-756290760,source3
S1-208449695,1,0,0,0,0,0.0,0.0,0.0,true,false,S2-578603986,source2
S1-208604333,1,0,0,0,0,0.0,0.0,0.0,true,false,S3-90762742,source3
S1-208710975,1,0,0,0,0,0.0,0.0,0.0,true,false,S3-838295649,source3
S1-208767878,1,0,0,0,0,0.0184,0.0,0.0184,true,false,S3-473069104,source3
S1-208866809,23,0,0,0,0,0.0001,0.0,0.0,true,false,S2-392583336,source2
S1-208911369,4,0,0,0,0,0.7451,0.0001,0.745,true,false,S3-885111183,source3
S1-208936906,1,0,0,0,0,0.0,0.0,0.0,true,false,S2-507486280,source2
S1-208962735,2,0,0,0,0,0.0001,0.0,0.0,true,false,S2-460741532,source2
S1-209005262,2,0,0,0,0,0.0,0.0,0.0,true,false,S3-537325505,source3
S1-209032763,2,0,0,0,0,0.0,0.0,0.0,true,false,S3-733627150,source3
S1-209045181,5,0,0,0,0,0.0,0.0,0.0,true,false,S2-992332736,source2
S1-209121151,16,0,0,0,0,0.0082,0.0003,0.0079,true,false,S2-918422876,source2
S1-209156607,1,0,0,0,0,0.0,0.0,0.0,true,false,S2-60332086,source2
S1-209167995,2,1,1,1,1,0.9877,0.0,0.9877,false,true,S3-811547904,source3
S1-209201866,2,0,0,0,0,0.0,0.0,0.0,true,false,S2-93064308,source2
S1-209387469,2,0,0,0,0,0.0,0.0,0.0,true,false,S3-733521092,source3
S1-209679799,5,0,0,0,0,0.0,0.0,0.0,true,false,S2-79035894,source2
S1-209714870,2,0,0,0,0,0.0002,0.0,0.0001,true,false,S2-668391247,source2
S1-209847999,43,0,0,0,0,0.0001,0.0001,0.0001,true,false,S2-701497223,source2
S1-209922971,3,0,0,0,0,0.0002,0.0001,0.0001,true,false,S2-911723309,source2
S1-210007069,1,1,1,1,1,0.9986,0.0,0.9986,false,true,S2-696868200,source2
S1-21024399,1,0,0,0,0,0.0,0.0,0.0,true,false,S2-80594092,source2
S1-210245110,57,0,0,0,0,0.0,0.0,0.0,true,false,S3-419447747,source3
S1-210342540,2,0,0,0,0,0.0,0.0,0.0,true,false,S2-138702507,source2
S1-210351093,1,0,0,0,0,0.002,0.0,0.002,true,false,S2-436282991,source2
S1-210438081,1,0,0,0,0,0.0,0.0,0.0,true,false,S3-736731518,source3
S1-210502292,55,0,0,0,0,0.0001,0.0,0.0001,true,false,S3-615929632,source3
S1-2106291,1,0,0,0,0,0.0,0.0,0.0,true,false,S2-490757090,source2
S1-21084577,4,0,0,0,0,0.0001,0.0,0.0001,true,false,S2-124299928,source2
S1-210849781,19,1,1,1,1,0.9996,0.0004,0.9993,false,true,S2-845708664,source2
S1-211043717,1,0,0,0,0,0.0,0.0,0.0,true,false,S2-754070605,source2
S1-211147486,3,0,0,0,0,0.0,0.0,0.0,true,false,S3-558325632,source3
S1-21124952,18,0,0,0,0,0.0,0.0,0.0,true,false,S3-496359703,source3
S1-211252202,1,0,0,0,0,0.0,0.0,0.0,true,false,S2-420465590,source2
S1-211305746,2,0,0,0,0,0.0,0.0,0.0,true,false,S2-459758045,source2
S1-21158439,2,0,0,0,0,0.0001,0.0,0.0001,true,false,S3-706274705,source3
S1-211678907,1,0,0,0,0,0.0,0.0,0.0,true,false,S2-605988353,source2
S1-211704512,1,0,0,0,0,0.0,0.0,0.0,true,false,S3-551148968,source3
S1-211841489,1,1,1,1,1,0.996,0.0,0.996,false,true,S3-587534206,source3
S1-211910567,11,0,0,0,0,0.0005,0.0001,0.0004,true,false,S2-525390784,source2
S1-212058441,1,1,1,1,1,0.9969,0.0,0.9969,false,true,S2-665652910,source2
S1-212195834,1,0,0,0,0,0.0001,0.0,0.0001,true,false,S2-878994980,source2
S1-212282653,39,1,0,0,0,0.3025,0.0001,0.3024,false,true,S3-720531480,source3
S1-2123145,1,0,0,0,0,0.0,0.0,0.0,true,false,S3-220688026,source3
S1-212332469,1,0,0,0,0,0.0,0.0,0.0,true,false,S3-866526597,source3
S1-212363226,17,0,0,0,0,0.0001,0.0,0.0,true,false,S2-918422876,source2
S1-212421850,1,0,0,0,0,0.0,0.0,0.0,true,false,S2-741940589,source2
S1-212492937,1,1,0,0,0,0.3505,0.0,0.3505,false,true,S2-272214985,source2
S1-212511748,23,0,0,0,0,0.0089,0.0001,0.0088,true,false,S2-441938596,source2
S1-212530448,1,0,0,0,0,0.0,0.0,0.0,true,false,S2-873164426,source2
S1-212572135,1,0,0,0,0,0.0,0.0,0.0,true,false,S3-852507009,source3
S1-212632055,1,0,0,0,0,0.0,0.0,0.0,true,false,S3-337845390,source3
S1-212643178,1,0,0,0,0,0.0,0.0,0.0,true,false,S2-927243116,source2
S1-212732484,1,1,1,1,1,0.9935,0.0,0.9935,false,true,S3-525004388,source3
S1-212810559,49,0,0,0,0,0.0,0.0,0.0,true,false,S2-87129115,source2
S1-212949733,1,0,0,0,0,0.0,0.0,0.0,true,false,S2-946560554,source2
S1-213094534,7,0,0,0,0,0.0001,0.0001,0.0,true,false,S2-545940068,source2
S1-213277014,36,0,0,0,0,0.0,0.0,0.0,true,false,S2-522788968,source2
S1-213301344,2,0,0,0,0,0.0,0.0,0.0,true,false,S2-459292686,source2
S1-213354959,2,0,0,0,0,0.0,0.0,0.0,true,false,S3-851230181,source3
S1-213635162,1,0,0,0,0,0.0,0.0,0.0,true,false,S2-577092968,source2
S1-213636984,43,0,0,0,0,0.0002,0.0001,0.0001,true,false,S3-588670988,source3
S1-213641769,3,1,1,1,1,0.9982,0.0,0.9981,false,true,S2-853799526,source2
S1-213669154,1,0,0,0,0,0.0,0.0,0.0,true,false,S3-289849242,source3
S1-213689674,1,0,0,0,0,0.0437,0.0,0.0437,true,false,S2-999793401,source2
S1-213737276,48,0,0,0,0,0.0,0.0,0.0,true,false,S3-997262493,source3
S1-21376915,58,0,0,0,0,0.0,0.0,0.0,true,false,S3-795731316,source3
S1-213848060,38,0,0,0,0,0.0,0.0,0.0,true,false,S3-671431144,source3
S1-213979959,1,0,0,0,0,0.0,0.0,0.0,true,false,S2-251694915,source2
S1-21401731,4,0,0,0,0,0.0,0.0,0.0,true,false,S3-574711844,source3
S1-214189301,1,1,1,1,1,0.9681,0.0,0.9681,false,true,S2-164086509,source2
S1-214294242,1,0,0,0,0,0.0,0.0,0.0,true,false,S2-81613635,source2
S1-214362568,38,0,0,0,0,0.0,0.0,0.0,true,false,S3-347929707,source3
S1-214429155,60,0,0,0,0,0.0002,0.0,0.0001,true,false,S2-68942340,source2
S1-214432606,2,1,0,0,0,0.6173,0.0,0.6172,false,true,S3-891618576,source3
S1-214440814,2,0,0,0,0,0.0,0.0,0.0,true,false,S2-390522740,source2
S1-214457238,51,0,0,0,0,0.0001,0.0,0.0001,true,false,S3-579140349,source3
S1-214482427,1,0,0,0,0,0.0003,0.0,0.0003,true,false,S2-914695228,source2
S1-214600888,43,0,0,0,0,0.0,0.0,0.0,true,false,S3-378404825,source3
S1-214762124,37,0,0,0,0,0.0,0.0,0.0,true,false,S3-110630740,source3
S1-214849631,3,0,0,0,0,0.0,0.0,0.0,true,false,S2-840637471,source2
S1-214865326,29,0,0,0,0,0.0,0.0,0.0,true,false,S2-554374028,source2
S1-21488592,10,0,0,0,0,0.0,0.0,0.0,true,false,S3-55777802,source3
S1-214903253,1,0,0,0,0,0.0273,0.0,0.0273,true,false,S2-564112793,source2
S1-214934694,2,0,0,0,0,0.0,0.0,0.0,true,false,S2-187379771,source2
S1-215008769,24,0,0,0,0,0.0,0.0,0.0,true,false,S3-642098678,source3
S1-215221037,3,0,0,0,0,0.0001,0.0,0.0001,true,false,S2-871071444,source2
S1-215347381,2,0,0,0,0,0.0,0.0,0.0,true,false,S3-330566869,source3
S1-215429166,1,0,0,0,0,0.0001,0.0,0.0001,true,false,S3-772499479,source3
S1-215484990,12,0,0,0,0,0.0,0.0,0.0,true,false,S3-874344144,source3
S1-215512727,2,0,0,0,0,0.0,0.0,0.0,true,false,S3-80447541,source3
S1-215535943,35,0,0,0,0,0.0,0.0,0.0,true,false,S2-303696091,source2
S1-215619710,29,0,0,0,0,0.0,0.0,0.0,true,false,S3-355303825,source3
S1-215715996,2,0,0,0,0,0.0,0.0,0.0,true,false,S3-698360162,source3
S1-215782765,1,0,0,0,0,0.0002,0.0,0.0002,true,false,S2-955372286,source2
S1-215902540,1,0,0,0,0,0.0,0.0,0.0,true,false,S2-518561014,source2
S1-21590818,1,0,0,0,0,0.0,0.0,0.0,true,false,S2-857119864,source2
S1-215910600,53,0,0,0,0,0.0001,0.0001,0.0,true,false,S3-414691670,source3
S1-216005924,2,0,0,0,0,0.0,0.0,0.0,true,false,S2-225147088,source2
S1-216015431,1,1,1,1,1,0.9877,0.0,0.9877,false,true,S3-102937819,source3
S1-216127848,1,0,0,0,0,0.0,0.0,0.0,true,false,S2-528652724,source2
S1-2161902,2,0,0,0,0,0.0,0.0,0.0,true,false,S2-802837546,source2
S1-216190823,2,0,0,0,0,0.0,0.0,0.0,true,false,S2-398772289,source2
S1-216274630,2,0,0,0,0,0.0,0.0,0.0,true,false,S3-936751977,source3
S1-216386305,2,0,0,0,0,0.0,0.0,0.0,true,false,S2-414945046,source2
S1-21649526,49,0,0,0,0,0.0,0.0,0.0,true,false,S3-385223230,source3
S1-216511119,67,0,0,0,0,0.0001,0.0,0.0001,true,false,S2-985259076,source2
S1-216649997,1,0,0,0,0,0.0,0.0,0.0,true,false,S3-282080763,source3
S1-216766662,3,0,0,0,0,0.0,0.0,0.0,true,false,S2-988580711,source2
S1-216798356,26,0,0,0,0,0.0001,0.0,0.0001,true,false,S3-398251567,source3
S1-216820992,1,1,1,1,1,0.9954,0.0,0.9954,false,true,S2-663893871,source2
S1-216829564,3,0,0,0,0,0.0,0.0,0.0,true,false,S3-551037408,source3
S1-217080529,51,0,0,0,0,0.0,0.0,0.0,true,false,S3-149811263,source3
S1-21732564,2,0,0,0,0,0.7162,0.0,0.7162,true,false,S2-857993643,source2
S1-217386636,5,0,0,0,0,0.0,0.0,0.0,true,false,S3-545377325,source3
S1-21746995,4,0,0,0,0,0.0,0.0,0.0,true,false,S3-22883187,source3
S1-217571332,1,0,0,0,0,0.0,0.0,0.0,true,false,S2-162987266,source2
S1-217640176,1,0,0,0,0,0.0,0.0,0.0,true,false,S2-595099737,source2
S1-217702552,1,0,0,0,0,0.0,0.0,0.0,true,false,S2-896695160,source2
S1-217870846,1,0,0,0,0,0.0,0.0,0.0,true,false,S3-38080595,source3
S1-217959785,89,0,0,0,0,0.0003,0.0002,0.0001,true,false,S2-788704650,source2
S1-218038043,1,0,0,0,0,0.0,0.0,0.0,true,false,S2-311188021,source2
S1-21807117,1,0,0,0,0,0.0,0.0,0.0,true,false,S2-841748287,source2
S1-21812019,2,0,0,0,0,0.0,0.0,0.0,true,false,S2-663906477,source2
S1-218123382,10,0,0,0,0,0.0001,0.0001,0.0,true,false,S2-605104022,source2
S1-218194020,2,0,0,0,0,0.0,0.0,0.0,true,false,S3-285650811,source3
S1-218244810,49,0,0,0,0,0.0001,0.0001,0.0,true,false,S3-348918040,source3
S1-218393221,14,0,0,0,0,0.0005,0.0004,0.0001,true,false,S2-597591142,source2
S1-218458177,1,0,0,0,0,0.0,0.0,0.0,true,false,S2-546637260,source2
S1-218490190,1,0,0,0,0,0.0001,0.0,0.0001,true,false,S3-905092148,source3
S1-218518704,1,0,0,0,0,0.0,0.0,0.0,true,false,S2-863443451,source2
S1-218575774,1,0,0,0,0,0.0,0.0,0.0,true,false,S2-277032270,source2
S1-218669423,4,0,0,0,0,0.0,0.0,0.0,true,false,S2-308141200,source2
S1-218685314,1,0,0,0,0,0.0288,0.0,0.0288,true,false,S3-172380390,source3
S1-218948566,37,0,0,0,0,0.0001,0.0,0.0001,true,false,S3-309656009,source3
S1-219022508,1,0,0,0,0,0.0,0.0,0.0,true,false,S3-28808434,source3
S1-21909579,30,0,0,0,0,0.0,0.0,0.0,true,false,S3-464315983,source3
S1-219109068,39,0,0,0,0,0.0,0.0,0.0,true,false,S3-768860948,source3
S1-219162816,42,0,0,0,0,0.0,0.0,0.0,true,false,S2-560449715,source2
S1-219231565,16,0,0,0,0,0.5248,0.0001,0.5247,true,false,S3-433238891,source3
S1-219369192,4,0,0,0,0,0.0002,0.0001,0.0001,true,false,S2-392958095,source2
S1-219411718,1,0,0,0,0,0.0,0.0,0.0,true,false,S2-71494459,source2
S1-219518763,37,0,0,0,0,0.0001,0.0,0.0001,true,false,S2-121631689,source2
S1-219656099,1,0,0,0,0,0.7651,0.0,0.7651,true,false,S2-213811542,source2
S1-219662853,1,1,1,1,1,0.9877,0.0,0.9877,false,true,S2-328673064,source2
S1-219779866,1,0,0,0,0,0.0,0.0,0.0,true,false,S3-570788314,source3
S1-219944832,3,0,0,0,0,0.0,0.0,0.0,true,false,S3-647538758,source3
S1-220020462,4,0,0,0,0,0.0004,0.0001,0.0003,true,false,S2-172397416,source2
S1-220072593,51,0,0,0,0,0.0001,0.0,0.0001,true,false,S2-799240813,source2
S1-220101478,1,0,0,0,0,0.0,0.0,0.0,true,false,S2-91689152,source2
S1-220292467,70,0,0,0,0,0.0001,0.0,0.0001,true,false,S3-516727609,source3
S1-220334720,21,0,0,0,0,0.0,0.0,0.0,true,false,S2-718775157,source2
S1-220398342,1,0,0,0,0,0.0,0.0,0.0,true,false,S3-29591234,source3
S1-220435494,2,0,0,0,0,0.0,0.0,0.0,true,false,S2-962425485,source2
S1-220475576,1,0,0,0,0,0.0,0.0,0.0,true,false,S2-681076867,source2
S1-220493955,3,0,0,0,0,0.0033,0.0001,0.0032,true,false,S3-698704990,source3
S1-220610226,3,0,0,0,0,0.0,0.0,0.0,true,false,S2-752363850,source2
S1-220643930,1,0,0,0,0,0.0,0.0,0.0,true,false,S2-170979256,source2
S1-220740192,1,0,0,0,0,0.0001,0.0,0.0001,true,false,S2-896190136,source2
S1-220765764,3,1,1,1,1,0.9997,0.0001,0.9996,false,true,S3-969314019,source3
S1-220769767,2,0,0,0,0,0.0004,0.0,0.0003,true,false,S3-961158827,source3
S1-220825875,89,0,0,0,0,0.0001,0.0,0.0,true,false,S3-896006612,source3
S1-221036028,1,0,0,0,0,0.0,0.0,0.0,true,false,S3-360469136,source3
S1-221089899,1,0,0,0,0,0.0,0.0,0.0,true,false,S2-187144864,source2
S1-221175497,1,0,0,0,0,0.0,0.0,0.0,true,false,S3-735831513,source3
S1-221225453,51,0,0,0,0,0.0,0.0,0.0,true,false,S3-615913952,source3
S1-221384458,1,0,0,0,0,0.0001,0.0,0.0001,true,false,S3-494372643,source3
S1-221505691,58,0,0,0,0,0.0,0.0,0.0,true,false,S3-577472264,source3
S1-221529835,6,0,0,0,0,0.0119,0.0001,0.0118,true,false,S2-690112842,source2
S1-221542476,1,0,0,0,0,0.0,0.0,0.0,true,false,S2-219471842,source2
S1-221644615,30,0,0,0,0,0.0,0.0,0.0,true,false,S2-715600705,source2
S1-221862346,113,0,0,0,0,0.0,0.0,0.0,true,false,S2-412866359,source2
S1-22190500,1,0,0,0,0,0.0,0.0,0.0,true,false,S2-599925857,source2
S1-222101899,36,0,0,0,0,0.0,0.0,0.0,true,false,S3-55691336,source3
S1-222208388,2,0,0,0,0,0.0,0.0,0.0,true,false,S3-559128614,source3
S1-222328971,3,0,0,0,0,0.0,0.0,0.0,true,false,S3-572768463,source3
S1-222341225,29,0,0,0,0,0.0,0.0,0.0,true,false,S3-355303825,source3
S1-222512558,1,0,0,0,0,0.0001,0.0,0.0001,true,false,S2-25834199,source2
S1-222532596,44,0,0,0,0,0.0152,0.0094,0.0058,true,false,S2-774426640,source2
S1-222587463,1,1,1,1,1,0.994,0.0,0.994,false,true,S3-879771908,source3
S1-222638419,2,0,0,0,0,0.0002,0.0001,0.0001,true,false,S2-848995836,source2
S1-22267193,1,0,0,0,0,0.0306,0.0,0.0306,true,false,S2-407017000,source2
S1-222768762,16,0,0,0,0,0.0,0.0,0.0,true,false,S3-665328177,source3
S1-222772588,4,0,0,0,0,0.0045,0.0006,0.0039,true,false,S3-191111170,source3
S1-22278405,1,0,0,0,0,0.0,0.0,0.0,true,false,S2-28135445,source2
S1-222806068,43,0,0,0,0,0.0,0.0,0.0,true,false,S3-185808197,source3
S1-222890187,2,0,0,0,0,0.0,0.0,0.0,true,false,S3-449688690,source3
S1-22305073,1,0,0,0,0,0.0,0.0,0.0,true,false,S3-362794602,source3
S1-223085874,1,0,0,0,0,0.0,0.0,0.0,true,false,S3-252813590,source3
S1-223097022,3,0,0,0,0,0.0,0.0,0.0,true,false,S3-669692059,source3
S1-223494807,61,0,0,0,0,0.0006,0.0001,0.0005,true,false,S3-250762056,source3
S1-22356534,37,0,0,0,0,0.0001,0.0,0.0001,true,false,S2-138622990,source2
S1-223580004,3,0,0,0,0,0.0,0.0,0.0,true,false,S3-442301546,source3
S1-223805146,2,0,0,0,0,0.0,0.0,0.0,true,false,S3-606557139,source3
S1-223900404,4,0,0,0,0,0.0002,0.0,0.0002,true,false,S3-46061439,source3
S1-223965310,1,0,0,0,0,0.0,0.0,0.0,true,false,S2-999360955,source2
S1-223980284,1,1,1,1,1,0.9995,0.0,0.9995,false,true,S2-949603202,source2
S1-224202445,1,0,0,0,0,0.0001,0.0,0.0001,true,false,S3-385012160,source3
S1-224229841,1,0,0,0,0,0.0,0.0,0.0,true,false,S2-149166866,source2
S1-224326275,1,0,0,0,0,0.0,0.0,0.0,true,false,S3-804650155,source3
S1-22432739,1,0,0,0,0,0.0,0.0,0.0,true,false,S3-308024590,source3
S1-224345335,1,1,1,1,1,0.9962,0.0,0.9962,false,true,S2-878019030,source2
S1-224368219,1,0,0,0,0,0.0003,0.0,0.0003,true,false,S3-230018768,source3
S1-224435755,56,0,0,0,0,0.0,0.0,0.0,true,false,S3-83146056,source3
S1-224464977,30,0,0,0,0,0.0,0.0,0.0,true,false,S2-630482935,source2
S1-2244812,1,0,0,0,0,0.0,0.0,0.0,true,false,S3-972806376,source3
S1-224529988,2,0,0,0,0,0.5841,0.0002,0.5839,true,false,S3-746626252,source3
S1-224564089,1,0,0,0,0,0.006,0.0,0.006,true,false,S3-713864177,source3
S1-224729402,5,0,0,0,0,0.0,0.0,0.0,true,false,S3-744842122,source3
S1-224765595,1,0,0,0,0,0.0001,0.0,0.0001,true,false,S3-570792572,source3
S1-224822121,66,0,0,0,0,0.0001,0.0001,0.0001,true,false,S2-897385920,source2
S1-224996845,35,0,0,0,0,0.0,0.0,0.0,true,false,S2-55421595,source2
S1-225158067,1,1,1,1,1,0.9973,0.0,0.9973,false,true,S3-675606143,source3
S1-225220325,1,0,0,0,0,0.0,0.0,0.0,true,false,S3-180760583,source3
S1-225366194,2,0,0,0,0,0.0,0.0,0.0,true,false,S2-571506106,source2
S1-225385782,3,0,0,0,0,0.0001,0.0001,0.0,true,false,S2-630700904,source2
S1-225403766,2,0,0,0,0,0.0004,0.0,0.0003,true,false,S3-877371575,source3
S1-225428444,41,0,0,0,0,0.2754,0.0001,0.2754,true,false,S3-745325990,source3
S1-225432191,1,0,0,0,0,0.0,0.0,0.0,true,false,S2-435465237,source2
S1-225931323,1,0,0,0,0,0.0001,0.0,0.0001,true,false,S2-773683084,source2
S1-226110219,20,0,0,0,0,0.0011,0.0002,0.0009,true,false,S2-499914480,source2
S1-22612015,42,0,0,0,0,0.0,0.0,0.0,true,false,S2-69965969,source2
S1-226121258,1,0,0,0,0,0.0,0.0,0.0,true,false,S2-771659054,source2
S1-226275475,1,0,0,0,0,0.0,0.0,0.0,true,false,S2-320338854,source2
S1-226502726,38,0,0,0,0,0.0,0.0,0.0,true,false,S2-543459874,source2
S1-226564818,7,0,0,0,0,0.0001,0.0001,0.0,true,false,S3-317527561,source3
S1-226657243,11,0,0,0,0,0.0002,0.0,0.0002,true,false,S3-250762056,source3
S1-226677638,1,0,0,0,0,0.0001,0.0,0.0001,true,false,S2-978606166,source2
S1-226731020,1,0,0,0,0,0.0,0.0,0.0,true,false,S3-786140352,source3
S1-226817070,66,0,0,0,0,0.0,0.0,0.0,true,false,S2-495238985,source2
S1-227011208,48,0,0,0,0,0.0,0.0,0.0,true,false,S3-401129624,source3
S1-227075728,28,0,0,0,0,0.0,0.0,0.0,true,false,S2-577088819,source2
S1-227176635,1,0,0,0,0,0.0,0.0,0.0,true,false,S2-457286391,source2
S1-227187617,1,0,0,0,0,0.0,0.0,0.0,true,false,S3-638153798,source3
S1-227259029,1,0,0,0,0,0.0042,0.0,0.0042,true,false,S2-33362686,source2
S1-227270919,1,0,0,0,0,0.0,0.0,0.0,true,false,S2-990786679,source2
S1-227439701,58,0,0,0,0,0.0,0.0,0.0,true,false,S2-243072146,source2
S1-227488977,1,0,0,0,0,0.0,0.0,0.0,true,false,S2-482448268,source2
S1-22754779,54,0,0,0,0,0.0,0.0,0.0,true,false,S3-579135170,source3
S1-227584911,1,0,0,0,0,0.0,0.0,0.0,true,false,S2-957382659,source2
S1-227628354,1,0,0,0,0,0.0001,0.0,0.0001,true,false,S3-242757071,source3
S1-227650066,11,1,1,1,1,0.9996,0.0,0.9996,false,true,S3-134767355,source3
S1-227866694,1,0,0,0,0,0.0002,0.0,0.0002,true,false,S2-775563537,source2
S1-227980557,47,0,0,0,0,0.0003,0.0001,0.0002,true,false,S2-445599893,source2
S1-228004101,1,0,0,0,0,0.0,0.0,0.0,true,false,S3-338769649,source3
S1-228091943,74,0,0,0,0,0.0001,0.0001,0.0,true,false,S2-348173686,source2
S1-228152695,1,0,0,0,0,0.0001,0.0,0.0001,true,false,S3-222829358,source3
S1-228432450,6,0,0,0,0,0.0001,0.0001,0.0,true,false,S3-521465920,source3
S1-228438777,14,0,0,0,0,0.0002,0.0001,0.0001,true,false,S2-168976669,source2
S1-228546334,8,0,0,0,0,0.0,0.0,0.0,true,false,S2-265560572,source2
S1-228583124,1,0,0,0,0,0.0,0.0,0.0,true,false,S3-936052702,source3
S1-228678189,39,0,0,0,0,0.0004,0.0,0.0004,true,false,S3-434372550,source3
S1-228769852,2,0,0,0,0,0.0,0.0,0.0,true,false,S3-491740712,source3
S1-22878966,1,0,0,0,0,0.0,0.0,0.0,true,false,S3-211065266,source3
S1-228855536,1,0,0,0,0,0.0,0.0,0.0,true,false,S2-591406663,source2
S1-22888672,17,0,0,0,0,0.0001,0.0,0.0,true,false,S3-648122702,source3
S1-229131902,1,0,0,0,0,0.1339,0.0,0.1339,true,false,S2-843937862,source2
S1-229209969,1,0,0,0,0,0.0,0.0,0.0,true,false,S2-691703381,source2
S1-229210375,54,0,0,0,0,0.0001,0.0,0.0001,true,false,S3-911859927,source3
S1-229258416,42,0,0,0,0,0.0002,0.0,0.0002,true,false,S2-680839450,source2
S1-229269890,2,0,0,0,0,0.0,0.0,0.0,true,false,S3-149896895,source3
S1-229300707,38,1,0,0,0,0.3025,0.0,0.3025,false,true,S2-388698583,source2
S1-229342220,1,0,0,0,0,0.0,0.0,0.0,true,false,S3-983769284,source3
S1-229464659,51,0,0,0,0,0.0002,0.0001,0.0001,true,false,S3-322016417,source3
S1-22951762,32,0,0,0,0,0.0,0.0,0.0,true,false,S3-554806679,source3
S1-229733370,1,0,0,0,0,0.002,0.0,0.002,true,false,S3-352325036,source3
S1-22973786,36,0,0,0,0,0.0,0.0,0.0,true,false,S2-378054793,source2
S1-229845254,1,0,0,0,0,0.0,0.0,0.0,true,false,S3-886209974,source3
S1-23003265,2,0,0,0,0,0.0,0.0,0.0,true,false,S3-633460960,source3
S1-230097339,37,0,0,0,0,0.0001,0.0,0.0,true,false,S3-851527802,source3
S1-230162829,3,0,0,0,0,0.0,0.0,0.0,true,false,S2-680824396,source2
S1-230171622,3,0,0,0,0,0.0,0.0,0.0,true,false,S3-713088471,source3
S1-230220787,1,1,1,1,1,0.9733,0.0,0.9733,false,true,S2-789435066,source2
S1-23041389,1,0,0,0,0,0.0,0.0,0.0,true,false,S2-494619950,source2
S1-230535070,36,0,0,0,0,0.0036,0.0002,0.0034,true,false,S2-605538607,source2
S1-230591537,40,0,0,0,0,0.0001,0.0,0.0001,true,false,S3-93402322,source3
S1-23060107,1,0,0,0,0,0.0,0.0,0.0,true,false,S3-614225541,source3
S1-230723127,10,0,0,0,0,0.0007,0.0,0.0007,true,false,S2-557634773,source2
S1-230816642,53,0,0,0,0,0.0637,0.0,0.0637,true,false,S3-697768715,source3
S1-230835943,3,0,0,0,0,0.0001,0.0,0.0001,true,false,S3-69542509,source3
S1-230856351,6,0,0,0,0,0.0,0.0,0.0,true,false,S2-690782043,source2
S1-231040002,1,0,0,0,0,0.0,0.0,0.0,true,false,S2-887900458,source2
S1-231107825,77,0,0,0,0,0.0,0.0,0.0,true,false,S3-1977697,source3
S1-231134792,1,0,0,0,0,0.0,0.0,0.0,true,false,S2-196145343,source2
S1-231150153,34,0,0,0,0,0.0,0.0,0.0,true,false,S2-115146211,source2
S1-231171085,1,0,0,0,0,0.0,0.0,0.0,true,false,S3-178331542,source3
S1-23118994,1,0,0,0,0,0.0,0.0,0.0,true,false,S2-167245478,source2
S1-231214095,39,0,0,0,0,0.0,0.0,0.0,true,false,S3-720531480,source3
S1-231274269,38,0,0,0,0,0.0,0.0,0.0,true,false,S3-984815109,source3
S1-231416129,1,0,0,0,0,0.0,0.0,0.0,true,false,S3-597275991,source3
S1-231535229,52,0,0,0,0,0.0,0.0,0.0,true,false,S2-569967225,source2
S1-23180298,3,0,0,0,0,0.0002,0.0001,0.0001,true,false,S3-376394183,source3
S1-231859208,3,0,0,0,0,0.0,0.0,0.0,true,false,S2-398785897,source2
S1-231954195,1,0,0,0,0,0.0,0.0,0.0,true,false,S3-406413261,source3
S1-231960371,77,0,0,0,0,0.0002,0.0,0.0002,true,false,S2-244669227,source2
S1-231972259,1,0,0,0,0,0.0,0.0,0.0,true,false,S3-41551499,source3
S1-232001296,1,0,0,0,0,0.0,0.0,0.0,true,false,S2-516216793,source2
S1-232028157,58,0,0,0,0,0.0001,0.0001,0.0,true,false,S2-33834401,source2
S1-232082545,1,0,0,0,0,0.0,0.0,0.0,true,false,S3-133569825,source3
S1-232131364,1,0,0,0,0,0.0,0.0,0.0,true,false,S3-531607640,source3
S1-232137023,1,0,0,0,0,0.0003,0.0,0.0003,true,false,S3-905975636,source3
S1-232181523,1,0,0,0,0,0.0,0.0,0.0,true,false,S3-354825255,source3
S1-232355894,1,0,0,0,0,0.0,0.0,0.0,true,false,S2-453666489,source2
S1-232383675,2,0,0,0,0,0.0,0.0,0.0,true,false,S2-343303551,source2
S1-232440430,1,0,0,0,0,0.0,0.0,0.0,true,false,S2-137589861,source2
S1-232480965,2,0,0,0,0,0.0,0.0,0.0,true,false,S2-561871104,source2
S1-23259130,1,0,0,0,0,0.0026,0.0,0.0026,true,false,S2-471441474,source2
S1-232728224,113,0,0,0,0,0.0,0.0,0.0,true,false,S3-89813743,source3
S1-232824478,41,0,0,0,0,0.0001,0.0,0.0001,true,false,S3-927878560,source3
S1-232894896,2,0,0,0,0,0.0,0.0,0.0,true,false,S3-724969378,source3
S1-232902553,49,0,0,0,0,0.0,0.0,0.0,true,false,S3-529740278,source3
S1-232999426,43,0,0,0,0,0.0,0.0,0.0,true,false,S3-185808197,source3
S1-233040222,30,0,0,0,0,0.0,0.0,0.0,true,false,S2-340882825,source2
S1-233268367,1,0,0,0,0,0.0,0.0,0.0,true,false,S3-698370676,source3
S1-233296344,1,0,0,0,0,0.0,0.0,0.0,true,false,S2-699029532,source2
S1-233462577,33,0,0,0,0,0.0,0.0,0.0,true,false,S2-190715482,source2
S1-233557961,2,0,0,0,0,0.0,0.0,0.0,true,false,S2-524977898,source2
S1-233657985,53,0,0,0,0,0.0,0.0,0.0,true,false,S3-61436435,source3
S1-233981657,1,0,0,0,0,0.0,0.0,0.0,true,false,S2-734304603,source2
S1-234017312,1,0,0,0,0,0.0,0.0,0.0,true,false,S2-596520145,source2
S1-234022883,30,0,0,0,0,0.0,0.0,0.0,true,false,S3-945059269,source3
S1-234058668,2,0,0,0,0,0.0001,0.0,0.0001,true,false,S3-296610709,source3
S1-23416515,2,0,0,0,0,0.0,0.0,0.0,true,false,S3-587839305,source3
S1-234223484,66,0,0,0,0,0.0028,0.0001,0.0027,true,false,S3-731413053,source3
S1-234364027,34,0,0,0,0,0.0001,0.0001,0.0,true,false,S3-146572169,source3
S1-234434940,40,0,0,0,0,0.0,0.0,0.0,true,false,S3-490534908,source3
S1-23447075,1,0,0,0,0,0.0,0.0,0.0,true,false,S2-961318602,source2
S1-234494703,68,0,0,0,0,0.0001,0.0001,0.0,true,false,S2-791017237,source2
S1-234572442,57,1,1,1,1,0.9983,0.0,0.9983,false,true,S2-972505815,source2
S1-234587231,27,0,0,0,0,0.0,0.0,0.0,true,false,S2-916513698,source2
S1-234587272,1,0,0,0,0,0.0,0.0,0.0,true,false,S2-115874728,source2
S1-234663676,4,0,0,0,0,0.0922,0.0001,0.0921,true,false,S3-495958250,source3
S1-234698005,6,0,1,1,1,0.9554,0.0,0.9554,true,false,S2-687002698,source2
S1-234830328,1,0,0,0,0,0.0,0.0,0.0,true,false,S2-943730639,source2
S1-234974591,32,0,0,0,0,0.0,0.0,0.0,true,false,S2-97997258,source2
S1-235106542,42,0,0,0,0,0.0,0.0,0.0,true,false,S2-621450423,source2
S1-235115766,35,0,0,0,0,0.0238,0.0,0.0238,true,false,S2-676718427,source2
S1-235258587,2,0,0,0,0,0.0,0.0,0.0,true,false,S2-108701810,source2
S1-235284819,49,0,0,0,0,0.0003,0.0,0.0003,true,false,S3-446292108,source3
S1-235286038,57,0,0,0,0,0.0,0.0,0.0,true,false,S3-942277224,source3
S1-235335372,3,2,2,1,1,0.9555,0.8632,0.0923,false,true,S2-455781685,source2
S1-235360444,1,1,1,1,1,0.9844,0.0,0.9844,false,true,S2-437064652,source2
S1-235482644,66,0,0,0,0,0.0,0.0,0.0,true,false,S3-849983410,source3
S1-235586975,1,0,1,1,0,0.9477,0.0,0.9477,true,false,S2-631028550,source2
S1-235635292,44,0,0,0,0,0.0001,0.0001,0.0,true,false,S2-139515004,source2
S1-235705784,2,0,0,0,0,0.0,0.0,0.0,true,false,S3-213681128,source3
S1-235736106,61,0,0,0,0,0.0,0.0,0.0,true,false,S2-708194147,source2
S1-235764385,1,1,1,1,1,0.9996,0.0,0.9996,false,true,S3-623089811,source3
S1-235777084,1,0,0,0,0,0.0,0.0,0.0,true,false,S2-69861679,source2
S1-235827905,2,0,0,0,0,0.0,0.0,0.0,true,false,S2-22913222,source2
S1-235972768,1,0,0,0,0,0.0001,0.0,0.0001,true,false,S2-170979256,source2
S1-235987330,15,0,0,0,0,0.0001,0.0,0.0001,true,false,S2-56631800,source2
S1-236295728,1,0,0,0,0,0.0,0.0,0.0,true,false,S2-498950292,source2
S1-23631127,18,0,0,0,0,0.0,0.0,0.0,true,false,S2-937918854,source2
S1-236397740,27,0,0,0,0,0.0004,0.0,0.0004,true,false,S3-762805987,source3
S1-236529471,1,0,0,0,0,0.0001,0.0,0.0001,true,false,S2-228797905,source2
S1-236591981,46,0,0,0,0,0.0,0.0,0.0,true,false,S2-926816852,source2
S1-23667410,1,0,0,0,0,0.0,0.0,0.0,true,false,S3-442918760,source3
S1-236675292,2,0,0,0,0,0.0002,0.0001,0.0001,true,false,S3-200027100,source3
S1-23669343,2,0,0,0,0,0.0,0.0,0.0,true,false,S3-469353211,source3
S1-236718539,1,0,0,0,0,0.0,0.0,0.0,true,false,S2-381130751,source2
S1-236758456,52,0,0,0,0,0.0001,0.0,0.0,true,false,S3-279598098,source3
S1-236760975,42,0,0,0,0,0.0,0.0,0.0,true,false,S3-44210422,source3
S1-236773345,51,0,0,0,0,0.0,0.0,0.0,true,false,S2-454365445,source2
S1-236968847,2,0,0,0,0,0.072,0.0001,0.072,true,false,S3-435682417,source3
S1-237496469,1,0,0,0,0,0.0,0.0,0.0,true,false,S3-411616232,source3
S1-237534098,2,0,0,0,0,0.0001,0.0,0.0001,true,false,S2-963186955,source2
S1-237598356,1,0,0,0,0,0.0,0.0,0.0,true,false,S2-535968227,source2
S1-23767,1,1,1,1,1,0.9882,0.0,0.9882,false,true,S3-494495420,source3
S1-237670057,45,0,0,0,0,0.0,0.0,0.0,true,false,S2-936252332,source2
S1-237716459,44,0,0,0,0,0.0,0.0,0.0,true,false,S3-753663048,source3
S1-237782086,1,0,0,0,0,0.0,0.0,0.0,true,false,S3-708499699,source3
S1-237840651,3,0,0,0,0,0.0,0.0,0.0,true,false,S2-505041950,source2
S1-237875412,11,0,0,0,0,0.0197,0.0005,0.0192,true,false,S3-141506690,source3
S1-237960497,3,1,1,1,1,0.9996,0.0,0.9996,false,true,S3-152668629,source3
S1-238106423,10,0,0,0,0,0.0001,0.0,0.0,true,false,S3-784625849,source3
S1-23811360,1,1,1,1,1,0.9996,0.0,0.9996,false,true,S2-485490291,source2
S1-238200430,1,0,0,0,0,0.0001,0.0,0.0001,true,false,S3-163730901,source3
S1-238319738,10,0,0,0,0,0.0084,0.001,0.0074,true,false,S3-416127783,source3
S1-238919855,1,0,0,0,0,0.0,0.0,0.0,true,false,S2-71307122,source2
S1-238930224,2,0,0,0,0,0.0002,0.0,0.0002,true,false,S3-768329123,source3
S1-239030095,11,0,0,0,0,0.0002,0.0,0.0002,true,false,S2-418033252,source2
S1-239070338,38,0,0,0,0,0.0,0.0,0.0,true,false,S3-91050383,source3
S1-239172760,27,0,0,0,0,0.0,0.0,0.0,true,false,S3-309039978,source3
S1-239207785,1,1,0,0,0,0.6194,0.0,0.6194,false,true,S3-306553751,source3
S1-239408016,1,0,0,0,0,0.0,0.0,0.0,true,false,S2-309741049,source2
S1-239414283,39,0,0,0,0,0.0,0.0,0.0,true,false,S3-659918656,source3
S1-239458079,1,0,0,0,0,0.0,0.0,0.0,true,false,S2-735061691,source2
S1-239494591,1,1,1,1,1,0.991,0.0,0.991,false,true,S2-103989275,source2
S1-239627648,3,0,0,0,0,0.0001,0.0,0.0,true,false,S2-823617666,source2
S1-23979328,1,0,0,0,0,0.0,0.0,0.0,true,false,S2-358756737,source2
S1-239986792,34,0,0,0,0,0.0,0.0,0.0,true,false,S3-368576718,source3
S1-240050566,1,0,0,0,0,0.0001,0.0,0.0001,true,false,S3-30795245,source3
S1-240055457,58,0,0,0,0,0.0,0.0,0.0,true,false,S2-44010204,source2
S1-240171889,42,0,0,0,0,0.0006,0.0003,0.0003,true,false,S2-610426009,source2
S1-240298259,1,0,0,0,0,0.0,0.0,0.0,true,false,S3-860514544,source3
S1-24037948,1,0,0,0,0,0.0,0.0,0.0,true,false,S2-813216870,source2
S1-240457534,1,0,0,0,0,0.0391,0.0,0.0391,true,false,S2-590658003,source2
S1-240507601,1,0,0,0,0,0.1339,0.0,0.1339,true,false,S3-931203120,source3
S1-240605467,1,0,0,0,0,0.0,0.0,0.0,true,false,S3-389428533,source3
S1-240633284,1,0,0,0,0,0.0,0.0,0.0,true,false,S3-968989952,source3
S1-240872995,1,1,1,1,1,0.993,0.0,0.993,false,true,S3-552371062,source3
S1-240902157,32,0,0,0,0,0.0001,0.0,0.0001,true,false,S3-924761937,source3
S1-240951879,6,0,0,0,0,0.0,0.0,0.0,true,false,S2-177330221,source2
S1-241010130,1,0,0,0,0,0.0,0.0,0.0,true,false,S2-35770533,source2
S1-24115094,26,0,0,0,0,0.0,0.0,0.0,true,false,S2-678108659,source2
S1-241152750,2,0,0,0,0,0.0,0.0,0.0,true,false,S3-272639488,source3
S1-241233304,4,0,0,0,0,0.0,0.0,0.0,true,false,S3-574711844,source3
S1-241610774,3,1,1,1,1,0.9778,0.0,0.9778,false,true,S2-623239717,source2
S1-241678218,1,0,0,0,0,0.0,0.0,0.0,true,false,S2-727796564,source2
S1-242059179,41,0,0,0,0,0.0,0.0,0.0,true,false,S3-641673654,source3
S1-242106547,4,0,0,0,0,0.0001,0.0001,0.0,true,false,S2-771562363,source2
S1-242122709,1,0,0,0,0,0.0,0.0,0.0,true,false,S2-410273582,source2
S1-242195439,30,0,0,0,0,0.0,0.0,0.0,true,false,S3-926388121,source3
S1-242199364,2,0,0,0,0,0.0,0.0,0.0,true,false,S3-734111268,source3
S1-242214870,37,0,0,0,0,0.0,0.0,0.0,true,false,S3-292167119,source3
S1-242385665,3,0,0,0,0,0.0,0.0,0.0,true,false,S2-129250585,source2
S1-242533887,73,0,0,0,0,0.0004,0.0001,0.0003,true,false,S3-937822487,source3
S1-242542887,41,0,0,0,0,0.0005,0.0002,0.0003,true,false,S3-135056785,source3
S1-242590831,3,0,0,0,0,0.0,0.0,0.0,true,false,S3-951460831,source3
S1-242704915,61,0,0,0,0,0.0006,0.0001,0.0005,true,false,S3-354306550,source3
S1-242706067,1,1,1,1,1,0.9935,0.0,0.9935,false,true,S2-521879965,source2
S1-242725844,27,0,0,0,0,0.0,0.0,0.0,true,false,S3-131489754,source3
S1-242736881,2,0,0,0,0,0.0001,0.0,0.0,true,false,S2-512237933,source2
S1-242837520,1,0,0,0,0,0.0,0.0,0.0,true,false,S2-315927317,source2
S1-242858881,1,0,0,0,0,0.0,0.0,0.0,true,false,S2-192504329,source2
S1-243087825,3,0,0,0,0,0.0013,0.0001,0.0012,true,false,S2-409910382,source2
S1-243120605,81,0,0,0,0,0.0,0.0,0.0,true,false,S2-585072354,source2
S1-243140298,1,0,0,0,0,0.0,0.0,0.0,true,false,S3-989899979,source3
S1-243527550,38,0,0,0,0,0.0001,0.0,0.0,true,false,S3-824497287,source3
S1-243643499,1,0,0,0,0,0.0,0.0,0.0,true,false,S2-108351460,source2
S1-243675239,30,0,0,0,0,0.0,0.0,0.0,true,false,S2-775797539,source2
S1-24372291,1,0,0,0,0,0.0,0.0,0.0,true,false,S2-898637428,source2
S1-243742248,33,0,0,0,0,0.0,0.0,0.0,true,false,S3-423417646,source3
S1-243745944,1,1,1,1,1,0.9937,0.0,0.9937,false,true,S2-361731375,source2
S1-243992644,4,0,0,0,0,0.0,0.0,0.0,true,false,S2-842271794,source2
S1-244132712,2,0,0,0,0,0.0,0.0,0.0,true,false,S2-656823918,source2
S1-244165879,1,0,0,0,0,0.0,0.0,0.0,true,false,S2-510571997,source2
S1-244210172,32,0,0,0,0,0.0001,0.0,0.0,true,false,S3-664629547,source3
S1-244359835,2,0,0,0,0,0.0001,0.0,0.0001,true,false,S2-865286567,source2
S1-244411872,4,0,0,0,0,0.0001,0.0001,0.0,true,false,S3-103082085,source3
S1-244454509,44,0,0,0,0,0.0,0.0,0.0,true,false,S2-405314585,source2
S1-24456369,1,0,0,0,0,0.0,0.0,0.0,true,false,S3-269741250,source3
S1-244667914,1,0,0,0,0,0.0,0.0,0.0,true,false,S3-107372106,source3
S1-244890000,1,0,0,0,0,0.0001,0.0,0.0001,true,false,S3-326567962,source3
S1-244915536,15,0,0,0,0,0.0001,0.0,0.0,true,false,S2-699425439,source2
S1-244940240,46,0,0,0,0,0.0001,0.0,0.0,true,false,S2-111262131,source2
S1-244950267,1,0,0,0,0,0.0,0.0,0.0,true,false,S2-759870327,source2
S1-245080115,41,0,0,0,0,0.0,0.0,0.0,true,false,S2-577177177,source2
S1-245125164,1,0,0,0,0,0.0,0.0,0.0,true,false,S2-995695120,source2
S1-245131798,68,0,0,0,0,0.0,0.0,0.0,true,false,S3-905313869,source3
S1-24519478,38,0,0,0,0,0.0038,0.0002,0.0037,true,false,S3-195823221,source3
S1-245306259,3,0,0,0,0,0.0,0.0,0.0,true,false,S2-949015444,source2
S1-245370117,3,0,0,0,0,0.0001,0.0,0.0,true,false,S2-25703437,source2
S1-245462690,5,0,0,0,0,0.0001,0.0,0.0,true,false,S2-236737068,source2
S1-24554244,10,0,0,0,0,0.0,0.0,0.0,true,false,S3-670677682,source3
S1-245599344,29,0,0,0,0,0.0,0.0,0.0,true,false,S3-178548895,source3
S1-245625547,1,0,0,0,0,0.0,0.0,0.0,true,false,S2-919494113,source2
S1-245641873,2,1,1,1,1,0.9996,0.0,0.9996,false,true,S3-119777987,source3
S1-245736163,1,0,0,0,0,0.0001,0.0,0.0001,true,false,S3-13532619,source3
S1-245984026,32,0,0,0,0,0.0009,0.0,0.0009,true,false,S3-445638797,source3
S1-246074347,1,0,0,0,0,0.0001,0.0,0.0001,true,false,S2-696676120,source2
S1-246156830,90,0,0,0,0,0.0001,0.0,0.0,true,false,S2-19689896,source2
S1-246162461,1,0,0,0,0,0.0,0.0,0.0,true,false,S3-929845484,source3
S1-246216000,44,0,0,0,0,0.0,0.0,0.0,true,false,S3-457645040,source3
S1-24621936,3,0,0,0,0,0.0,0.0,0.0,true,false,S2-579954529,source2
S1-246348720,1,0,0,0,0,0.0002,0.0,0.0002,true,false,S3-125463115,source3
S1-246478198,29,0,0,0,0,0.0,0.0,0.0,true,false,S3-603410948,source3
S1-246600709,2,0,0,0,0,0.0001,0.0,0.0,true,false,S3-182461679,source3
S1-246732269,2,0,0,0,0,0.0,0.0,0.0,true,false,S3-363790515,source3
S1-246829400,51,0,0,0,0,0.0,0.0,0.0,true,false,S3-263192742,source3
S1-246835885,3,0,0,0,0,0.0,0.0,0.0,true,false,S2-62602590,source2
S1-246963651,8,0,0,0,0,0.0,0.0,0.0,true,false,S2-741800035,source2
S1-247966327,53,0,0,0,0,0.0,0.0,0.0,true,false,S3-462161762,source3
S1-248002500,1,0,0,0,0,0.0,0.0,0.0,true,false,S2-838635486,source2
S1-248026142,1,0,0,0,0,0.0,0.0,0.0,true,false,S3-270802165,source3
S1-248171647,2,0,0,0,0,0.0,0.0,0.0,true,false,S2-224964792,source2
S1-248187215,1,0,0,0,0,0.0,0.0,0.0,true,false,S3-454085095,source3
S1-248323151,42,0,0,0,0,0.0,0.0,0.0,true,false,S2-560449715,source2
S1-248343937,2,0,0,0,0,0.0001,0.0,0.0001,true,false,S2-711262370,source2
S1-248395616,2,0,0,0,0,0.0,0.0,0.0,true,false,S2-225254974,source2
S1-248452181,2,0,0,0,0,0.0,0.0,0.0,true,false,S3-251553981,source3
S1-249011016,1,0,0,0,0,0.0,0.0,0.0,true,false,S3-783462106,source3
S1-249060554,1,1,1,1,1,0.9999,0.0,0.9999,false,true,S2-438235722,source2
S1-249100850,34,0,0,0,0,0.0,0.0,0.0,true,false,S3-252290686,source3
S1-249107242,2,0,0,0,0,0.0,0.0,0.0,true,false,S3-514717307,source3
S1-249179779,5,0,0,0,0,0.0001,0.0,0.0,true,false,S3-777900828,source3
S1-24927956,2,0,0,0,0,0.0001,0.0,0.0,true,false,S2-366906658,source2
S1-249292645,39,0,0,0,0,0.0,0.0,0.0,true,false,S2-350847418,source2
S1-249319405,1,0,0,0,0,0.0001,0.0,0.0001,true,false,S3-139976947,source3
S1-249331459,2,0,0,0,0,0.0001,0.0,0.0001,true,false,S2-96800016,source2
S1-249355446,1,0,0,0,0,0.0001,0.0,0.0001,true,false,S3-326742973,source3
S1-249425756,1,0,0,0,0,0.0,0.0,0.0,true,false,S3-655132698,source3
S1-249478876,46,1,1,1,1,0.9967,0.0,0.9967,false,true,S3-211843256,source3
S1-249623663,2,0,0,0,0,0.0002,0.0,0.0002,true,false,S3-828431171,source3
S1-249860789,4,0,0,0,0,0.0,0.0,0.0,true,false,S3-753376976,source3
S1-249997880,1,1,1,1,1,0.9997,0.0,0.9997,false,true,S3-964620688,source3
S1-250141992,3,0,0,0,0,0.0001,0.0001,0.0,true,false,S2-305059441,source2
S1-250233735,1,0,0,0,0,0.0,0.0,0.0,true,false,S3-34310550,source3
S1-250416265,1,0,0,0,0,0.0,0.0,0.0,true,false,S2-310772102,source2
S1-25042400,2,0,0,0,0,0.0,0.0,0.0,true,false,S2-16423658,source2
S1-250530040,10,0,0,0,0,0.0016,0.0002,0.0014,true,false,S2-557634773,source2
S1-250561899,1,0,0,0,0,0.0001,0.0,0.0001,true,false,S2-81613635,source2
S1-250733108,2,0,0,0,0,0.0001,0.0,0.0001,true,false,S3-285650811,source3
S1-250844261,3,0,0,0,0,0.0,0.0,0.0,true,false,S2-750426664,source2
S1-251007435,43,0,0,0,0,0.0,0.0,0.0,true,false,S2-131899197,source2
S1-251188916,28,0,0,0,0,0.0,0.0,0.0,true,false,S2-143539323,source2
S1-251486302,35,0,0,0,0,0.0,0.0,0.0,true,false,S2-75518285,source2
S1-251550490,77,0,0,0,0,0.0,0.0,0.0,true,false,S3-1253685,source3
S1-251789888,3,0,0,0,0,0.3612,0.0,0.3612,true,false,S2-494655227,source2
S1-25179165,1,0,0,0,0,0.0,0.0,0.0,true,false,S3-841533233,source3
S1-251804181,2,0,0,0,0,0.0,0.0,0.0,true,false,S2-431628800,source2
S1-251815493,1,0,0,0,0,0.0,0.0,0.0,true,false,S2-233604075,source2
S1-252029868,30,0,0,0,0,0.0,0.0,0.0,true,false,S2-458377596,source2
S1-252191063,3,0,0,0,0,0.0001,0.0,0.0,true,false,S2-373275726,source2
S1-252217827,1,0,0,0,0,0.0,0.0,0.0,true,false,S2-27899845,source2
S1-252380850,1,0,0,0,0,0.0,0.0,0.0,true,false,S2-419705366,source2
S1-252419667,1,0,0,0,0,0.0,0.0,0.0,true,false,S2-691068482,source2
S1-252469031,1,0,0,0,0,0.0,0.0,0.0,true,false,S3-285367611,source3
S1-252495749,1,0,0,0,0,0.0,0.0,0.0,true,false,S3-861928507,source3
S1-252519381,1,1,1,1,1,0.9743,0.0,0.9743,false,true,S2-741145174,source2
S1-252644636,29,0,0,0,0,0.0,0.0,0.0,true,false,S3-527462447,source3
S1-252774102,1,0,0,0,0,0.0,0.0,0.0,true,false,S2-407963448,source2
S1-252827320,29,0,0,0,0,0.0001,0.0,0.0001,true,false,S2-876180111,source2
S1-252832899,1,0,0,0,0,0.0,0.0,0.0,true,false,S3-860310373,source3
S1-252842639,4,0,0,0,0,0.0,0.0,0.0,true,false,S2-621089690,source2
S1-252844817,36,0,0,0,0,0.0,0.0,0.0,true,false,S2-558847223,source2
S1-252861226,1,0,0,0,0,0.0,0.0,0.0,true,false,S3-209328191,source3
S1-25288082,1,0,0,0,0,0.0001,0.0,0.0001,true,false,S3-326742973,source3
S1-252899377,1,0,0,0,0,0.0,0.0,0.0,true,false,S3-314382942,source3
S1-253185653,2,0,0,0,0,0.0,0.0,0.0,true,false,S2-858341708,source2
S1-253331448,2,0,0,0,0,0.0,0.0,0.0,true,false,S2-900278230,source2
S1-253424710,1,0,0,0,0,0.0002,0.0,0.0002,true,false,S2-189723704,source2
S1-253492384,1,1,1,1,1,0.9997,0.0,0.9997,false,true,S3-785242567,source3
S1-253502207,74,0,0,0,0,0.0002,0.0,0.0001,true,false,S2-689834927,source2
S1-253565247,43,0,0,0,0,0.0,0.0,0.0,true,false,S3-999981215,source3
S1-253633038,3,0,0,0,0,0.0,0.0,0.0,true,false,S2-275076108,source2
S1-25374562,1,0,0,0,0,0.0,0.0,0.0,true,false,S2-750341081,source2
S1-253909402,1,0,0,0,0,0.0034,0.0,0.0034,true,false,S2-210665033,source2
S1-253986098,2,0,0,0,0,0.0,0.0,0.0,true,false,S3-347196515,source3
S1-253988161,8,0,0,0,0,0.0001,0.0001,0.0,true,false,S3-797455572,source3
S1-254264310,1,0,0,0,0,0.0,0.0,0.0,true,false,S3-716277601,source3
S1-254442231,38,0,0,0,0,0.0,0.0,0.0,true,false,S2-11807248,source2
S1-254555114,1,0,0,0,0,0.0,0.0,0.0,true,false,S2-842022317,source2
S1-254567858,41,0,0,0,0,0.0,0.0,0.0,true,false,S3-190061558,source3
S1-254753234,47,0,0,0,0,0.0,0.0,0.0,true,false,S2-650817671,source2
S1-254753785,34,0,0,0,0,0.0,0.0,0.0,true,false,S3-360302156,source3
S1-254804716,1,0,0,0,0,0.0,0.0,0.0,true,false,S2-969994182,source2
S1-254881539,1,0,0,0,0,0.0,0.0,0.0,true,false,S2-31854557,source2
S1-254886069,4,0,0,0,0,0.0,0.0,0.0,true,false,S3-819627597,source3
S1-255007137,3,0,0,0,0,0.0,0.0,0.0,true,false,S2-145123713,source2
S1-255022363,67,0,0,0,0,0.0,0.0,0.0,true,false,S3-980004046,source3
S1-255065121,1,0,0,0,0,0.0,0.0,0.0,true,false,S3-330286440,source3
S1-255090320,1,0,0,0,0,0.0,0.0,0.0,true,false,S3-899498474,source3
S1-255281922,1,0,0,0,0,0.0,0.0,0.0,true,false,S3-91265991,source3
S1-255418441,6,0,0,0,0,0.0,0.0,0.0,true,false,S2-837069807,source2
S1-255687648,1,0,0,0,0,0.0001,0.0,0.0001,true,false,S3-813314301,source3
S1-255849621,1,0,0,0,0,0.0,0.0,0.0,true,false,S2-374775009,source2
S1-255852454,4,0,0,0,0,0.0,0.0,0.0,true,false,S3-412836972,source3
S1-255941721,2,0,0,0,0,0.0007,0.0,0.0007,true,false,S3-986695535,source3
S1-256031956,22,0,0,0,0,0.0,0.0,0.0,true,false,S3-802364232,source3
S1-25605340,1,0,0,0,0,0.0,0.0,0.0,true,false,S2-794855049,source2
S1-256070418,1,0,0,0,0,0.0001,0.0,0.0001,true,false,S2-516277024,source2
S1-25632331,5,0,0,0,0,0.0001,0.0,0.0,true,false,S3-423928586,source3
S1-256333682,1,0,0,0,0,0.0,0.0,0.0,true,false,S3-103516776,source3
S1-25646035,1,0,0,0,0,0.0,0.0,0.0,true,false,S3-518125467,source3
S1-256480068,1,0,0,0,0,0.0,0.0,0.0,true,false,S2-220149259,source2
S1-256542131,1,0,0,0,0,0.0,0.0,0.0,true,false,S2-789550703,source2
S1-256650150,1,0,0,0,0,0.0,0.0,0.0,true,false,S2-379831439,source2
S1-25668469,1,0,0,0,0,0.0001,0.0,0.0001,true,false,S3-18401711,source3
S1-256724336,11,0,0,0,0,0.0,0.0,0.0,true,false,S2-119947975,source2
S1-256794501,1,0,0,0,0,0.0,0.0,0.0,true,false,S2-266621238,source2
S1-256882797,54,0,0,0,0,0.0001,0.0,0.0001,true,false,S3-28808434,source3
S1-256934234,1,0,0,0,0,0.0,0.0,0.0,true,false,S3-82759769,source3
S1-25704648,2,0,0,0,0,0.0,0.0,0.0,true,false,S3-226475150,source3
S1-257057513,1,0,0,0,0,0.0,0.0,0.0,true,false,S3-533193854,source3
S1-257069664,1,0,0,0,0,0.0,0.0,0.0,true,false,S3-324819210,source3
S1-257233242,41,0,0,0,0,0.0,0.0,0.0,true,false,S2-119438150,source2
S1-257517195,3,0,0,0,0,0.0,0.0,0.0,true,false,S3-320866143,source3
S1-257588493,36,0,0,0,0,0.0,0.0,0.0,true,false,S3-177365809,source3
S1-257726745,6,0,0,0,0,0.0001,0.0001,0.0,true,false,S3-12180492,source3
S1-257734845,1,0,0,0,0,0.0,0.0,0.0,true,false,S2-496681066,source2
S1-257752252,1,0,0,0,0,0.0,0.0,0.0,true,false,S3-201586276,source3
S1-257812703,2,1,0,0,0,0.0181,0.0,0.0181,false,true,S3-725123230,source3
S1-257923459,1,0,0,0,0,0.0,0.0,0.0,true,false,S2-990254719,source2
S1-257958863,1,0,0,0,0,0.0,0.0,0.0,true,false,S2-521964883,source2
S1-257982684,2,0,0,0,0,0.0,0.0,0.0,true,false,S2-464499457,source2
S1-258153983,2,0,0,0,0,0.0,0.0,0.0,true,false,S3-638470146,source3
S1-258326217,37,0,0,0,0,0.0001,0.0,0.0,true,false,S3-71051397,source3
S1-25832815,1,0,0,0,0,0.0,0.0,0.0,true,false,S3-510717285,source3
S1-258367632,2,0,0,0,0,0.0,0.0,0.0,true,false,S2-48963502,source2
S1-2584146,3,0,0,0,0,0.0,0.0,0.0,true,false,S3-226265232,source3
S1-258440092,3,0,0,0,0,0.0,0.0,0.0,true,false,S3-636244466,source3
S1-258462846,4,0,0,0,0,0.0,0.0,0.0,true,false,S3-21232715,source3
S1-258463054,3,0,0,0,0,0.0001,0.0001,0.0,true,false,S2-450278740,source2
S1-258529973,1,0,0,0,0,0.0,0.0,0.0,true,false,S3-133190112,source3
S1-25867054,1,0,0,0,0,0.0,0.0,0.0,true,false,S2-918341194,source2
S1-258750574,1,0,0,0,0,0.0001,0.0,0.0001,true,false,S2-588951856,source2
S1-258883380,73,0,0,0,0,0.0001,0.0,0.0,true,false,S2-588940457,source2
S1-25889688,1,1,1,0,0,0.8777,0.0,0.8777,false,true,S2-864388646,source2
S1-259011562,37,0,0,0,0,0.0,0.0,0.0,true,false,S2-154479629,source2
S1-259051460,56,0,0,0,0,0.0,0.0,0.0,true,false,S3-301461097,source3
S1-259452306,1,1,0,0,0,0.0285,0.0,0.0285,false,true,S3-787015231,source3
S1-25954264,1,1,1,0,0,0.8831,0.0,0.8831,false,true,S2-763070599,source2
S1-259566176,9,0,0,0,0,0.0001,0.0,0.0,true,false,S3-576445657,source3
S1-259640953,1,0,0,0,0,0.0,0.0,0.0,true,false,S2-706134851,source2
S1-25965321,1,0,0,0,0,0.0,0.0,0.0,true,false,S2-644481235,source2
S1-25983407,56,0,0,0,0,0.0,0.0,0.0,true,false,S3-153038155,source3
S1-259895813,1,0,0,0,0,0.0,0.0,0.0,true,false,S3-897097057,source3
S1-259910169,35,0,0,0,0,0.0,0.0,0.0,true,false,S3-355476685,source3
S1-259912372,1,0,0,0,0,0.0001,0.0,0.0001,true,false,S3-872704617,source3
S1-259981843,2,0,0,0,0,0.0,0.0,0.0,true,false,S2-776453544,source2
S1-259998187,4,0,0,0,0,0.0001,0.0001,0.0,true,false,S2-683429209,source2
S1-260108763,1,0,0,0,0,0.0,0.0,0.0,true,false,S2-740574723,source2
S1-26022839,11,0,0,0,0,0.0001,0.0001,0.0,true,false,S2-585050764,source2
S1-260260547,3,0,0,0,0,0.0001,0.0,0.0,true,false,S2-636826764,source2
S1-260304899,1,0,0,0,0,0.0,0.0,0.0,true,false,S3-464746244,source3
S1-260404059,2,0,0,0,0,0.0,0.0,0.0,true,false,S3-345310211,source3
S1-260493115,2,0,0,0,0,0.0001,0.0,0.0001,true,false,S3-902990249,source3
S1-260511638,1,0,0,0,0,0.0,0.0,0.0,true,false,S3-71051397,source3
S1-260551786,43,0,0,0,0,0.0,0.0,0.0,true,false,S3-338695418,source3
S1-260841339,11,0,0,0,0,0.0001,0.0001,0.0,true,false,S2-997466736,source2
S1-260845665,1,0,0,0,0,0.0,0.0,0.0,true,false,S2-684679844,source2
S1-260944862,1,0,0,0,0,0.0,0.0,0.0,true,false,S2-535108453,source2
S1-261133992,33,0,0,0,0,0.0,0.0,0.0,true,false,S2-656530182,source2
S1-261345307,1,0,0,0,0,0.0,0.0,0.0,true,false,S2-968774114,source2
S1-261350505,2,0,0,0,0,0.0001,0.0001,0.0,true,false,S2-101488070,source2
S1-261357149,1,0,0,0,0,0.0,0.0,0.0,true,false,S2-310920873,source2
S1-261391700,2,0,0,0,0,0.0,0.0,0.0,true,false,S2-834433448,source2
S1-261426391,61,0,0,0,0,0.0001,0.0,0.0,true,false,S2-622570580,source2
S1-261549694,32,0,0,0,0,0.0,0.0,0.0,true,false,S3-648667607,source3
S1-261705265,1,1,1,1,1,0.9993,0.0,0.9993,false,true,S3-906873651,source3
S1-261719473,35,0,0,0,0,0.0,0.0,0.0,true,false,S2-440566451,source2
S1-261777340,4,0,0,0,0,0.0,0.0,0.0,true,false,S3-597928722,source3
S1-261805336,18,0,0,0,0,0.0,0.0,0.0,true,false,S2-214610368,source2
S1-261811696,46,0,0,0,0,0.0,0.0,0.0,true,false,S2-360065271,source2
S1-262283374,57,0,0,0,0,0.0,0.0,0.0,true,false,S3-245442262,source3
S1-26228689,3,0,0,0,0,0.0002,0.0001,0.0001,true,false,S2-579891932,source2
S1-26230435,5,0,0,0,0,0.0001,0.0001,0.0,true,false,S2-901785576,source2
S1-26245924,28,0,0,0,0,0.0,0.0,0.0,true,false,S3-942335984,source3
S1-262498701,2,0,0,0,0,0.0,0.0,0.0,true,false,S2-149993837,source2
S1-262658142,42,0,0,0,0,0.0,0.0,0.0,true,false,S2-227490072,source2
S1-262704191,47,0,0,0,0,0.0017,0.0,0.0017,true,false,S2-804860148,source2
S1-262730194,44,0,0,0,0,0.0002,0.0001,0.0001,true,false,S3-444781328,source3
S1-262885067,2,0,0,0,0,0.0,0.0,0.0,true,false,S3-637652102,source3
S1-263030284,39,0,0,0,0,0.0001,0.0001,0.0,true,false,S3-994696917,source3
S1-263212321,2,0,0,0,0,0.0,0.0,0.0,true,false,S2-53536529,source2
S1-26334883,2,0,0,0,0,0.0001,0.0001,0.0,true,false,S2-536133490,source2
S1-26364690,56,0,0,0,0,0.0,0.0,0.0,true,false,S2-61448449,source2
S1-263724589,1,0,0,0,0,0.0,0.0,0.0,true,false,S3-273939716,source3
S1-263752693,51,0,0,0,0,0.0,0.0,0.0,true,false,S2-117959388,source2
S1-263844803,3,0,0,0,0,0.0,0.0,0.0,true,false,S3-480592795,source3
S1-263894381,2,0,0,0,0,0.0001,0.0,0.0001,true,false,S2-339610900,source2
S1-263994317,29,0,0,0,0,0.0,0.0,0.0,true,false,S2-144118900,source2
S1-264163570,37,0,0,0,0,0.0,0.0,0.0,true,false,S2-23752133,source2
S1-264272517,59,0,0,0,0,0.0003,0.0001,0.0002,true,false,S3-984720712,source3
S1-264325374,4,0,0,0,0,0.0001,0.0001,0.0,true,false,S2-760601325,source2
S1-264349186,3,0,0,0,0,0.0,0.0,0.0,true,false,S3-211425138,source3
S1-264478482,7,0,0,0,0,0.0177,0.0001,0.0176,true,false,S3-464507572,source3
S1-264560282,41,0,0,0,0,0.0,0.0,0.0,true,false,S3-896629674,source3
S1-264663287,37,0,0,0,0,0.0,0.0,0.0,true,false,S2-183956953,source2
S1-264834403,1,0,0,0,0,0.0,0.0,0.0,true,false,S3-956631896,source3
S1-264846887,12,0,0,0,0,0.0002,0.0001,0.0001,true,false,S3-120632939,source3
S1-264869930,7,0,0,0,0,0.0,0.0,0.0,true,false,S3-576445657,source3
S1-264894054,4,0,1,1,1,0.9968,0.0009,0.9958,true,false,S3-348528084,source3
S1-264917249,1,0,0,0,0,0.0001,0.0,0.0001,true,false,S2-298066218,source2
S1-265000576,6,0,0,0,0,0.0001,0.0,0.0,true,false,S2-427517709,source2
S1-265007680,1,0,0,0,0,0.0,0.0,0.0,true,false,S3-682860703,source3
S1-265287489,2,0,0,0,0,0.0,0.0,0.0,true,false,S3-413831659,source3
S1-265378776,1,1,1,1,1,0.9964,0.0,0.9964,false,true,S3-996378880,source3
S1-265425988,52,0,0,0,0,0.0001,0.0001,0.0001,true,false,S2-569967225,source2
S1-265458576,1,0,0,0,0,0.0001,0.0,0.0001,true,false,S2-274323360,source2
S1-265848869,1,1,0,0,0,0.0341,0.0,0.0341,false,true,S2-274692733,source2
S1-266087117,11,0,0,0,0,0.0,0.0,0.0,true,false,S3-21448108,source3
S1-266197627,1,1,1,1,1,0.9997,0.0,0.9997,false,true,S2-453317682,source2
S1-266203312,37,0,0,0,0,0.0,0.0,0.0,true,false,S3-786824233,source3
S1-266224571,2,0,0,0,0,0.0217,0.0,0.0217,true,false,S2-610487117,source2
S1-266268114,1,0,0,0,0,0.0,0.0,0.0,true,false,S2-978908864,source2
S1-2663794,36,0,0,0,0,0.0001,0.0,0.0001,true,false,S3-146982142,source3
S1-266420942,69,0,0,0,0,0.0,0.0,0.0,true,false,S3-771162629,source3
S1-266427419,1,0,0,0,0,0.0001,0.0,0.0001,true,false,S2-613012191,source2
S1-266456459,2,0,0,0,0,0.0,0.0,0.0,true,false,S3-692778080,source3
S1-266470238,36,0,0,0,0,0.0,0.0,0.0,true,false,S2-66924417,source2
S1-266659912,1,0,0,0,0,0.0,0.0,0.0,true,false,S2-686944656,source2
S1-266862904,2,0,0,0,0,0.0,0.0,0.0,true,false,S3-359394062,source3
S1-267027496,13,0,0,0,0,0.0203,0.0098,0.0105,true,false,S3-254490394,source3
S1-267245946,46,0,0,0,0,0.1815,0.0,0.1815,true,false,S2-607897017,source2
S1-267386761,24,0,0,0,0,0.0,0.0,0.0,true,false,S3-996494780,source3
S1-267465386,43,0,0,0,0,0.0,0.0,0.0,true,false,S2-944263805,source2
S1-267566731,1,0,0,0,0,0.0,0.0,0.0,true,false,S2-864548311,source2
S1-267714475,2,1,1,1,1,0.9968,0.0,0.9968,false,true,S2-486149949,source2
S1-26794063,1,0,0,0,0,0.0,0.0,0.0,true,false,S2-958352718,source2
S1-267987235,1,0,0,0,0,0.0,0.0,0.0,true,false,S3-195867122,source3
S1-268099268,36,0,0,0,0,0.0,0.0,0.0,true,false,S3-144528526,source3
S1-268149339,1,0,0,0,0,0.0,0.0,0.0,true,false,S3-939834036,source3
S1-268169736,42,0,0,0,0,0.0,0.0,0.0,true,false,S2-334502614,source2
S1-268199608,30,0,0,0,0,0.0001,0.0,0.0001,true,false,S2-56550641,source2
S1-268259709,1,0,0,0,0,0.0,0.0,0.0,true,false,S2-463489454,source2
S1-268317178,2,1,0,0,0,0.0386,0.0,0.0386,false,true,S3-177365809,source3
S1-268426904,1,0,0,0,0,0.0,0.0,0.0,true,false,S2-921202375,source2
S1-268533940,1,0,0,0,0,0.0,0.0,0.0,true,false,S3-573349389,source3
S1-268535542,2,0,0,0,0,0.0,0.0,0.0,true,false,S3-288412678,source3
S1-268700893,2,1,0,0,0,0.0146,0.0,0.0146,false,true,S2-654622206,source2
S1-268705328,1,0,0,0,0,0.0,0.0,0.0,true,false,S2-991843540,source2
S1-268845491,3,0,0,0,0,0.0,0.0,0.0,true,false,S3-757261143,source3
S1-268879333,1,0,0,0,0,0.0,0.0,0.0,true,false,S3-139270369,source3
S1-268911340,1,0,0,0,0,0.0,0.0,0.0,true,false,S3-173449142,source3
S1-269028949,72,0,0,0,0,0.0001,0.0001,0.0,true,false,S3-854077551,source3
S1-269039848,3,0,0,0,0,0.0088,0.0001,0.0087,true,false,S2-190273831,source2
S1-269046216,2,0,0,0,0,0.0,0.0,0.0,true,false,S2-254821816,source2
S1-269276644,1,1,1,1,1,0.9889,0.0,0.9889,false,true,S3-568942984,source3
S1-269442618,29,0,0,0,0,0.0003,0.0,0.0003,true,false,S2-576887041,source2
S1-269479245,13,0,0,0,0,0.0,0.0,0.0,true,false,S2-278869075,source2
S1-269512174,32,0,0,0,0,0.0,0.0,0.0,true,false,S3-154898268,source3
S1-269600463,2,0,0,0,0,0.0,0.0,0.0,true,false,S3-505521774,source3
S1-269715797,6,0,0,0,0,0.0,0.0,0.0,true,false,S3-311169432,source3
S1-26989708,39,0,0,0,0,0.0,0.0,0.0,true,false,S3-183349350,source3
S1-269908623,2,0,0,0,0,0.0,0.0,0.0,true,false,S2-731089793,source2
S1-269993694,40,0,0,0,0,0.0,0.0,0.0,true,false,S3-575021389,source3
S1-270087351,1,0,0,0,0,0.0,0.0,0.0,true,false,S2-97351227,source2
S1-270092084,1,1,0,0,0,0.0728,0.0,0.0728,false,true,S3-452834909,source3
S1-270124844,1,0,0,0,0,0.0006,0.0,0.0006,true,false,S3-504415809,source3
S1-270259901,1,0,0,0,0,0.0,0.0,0.0,true,false,S2-210074707,source2
S1-27029362,1,0,0,0,0,0.0,0.0,0.0,true,false,S2-165707418,source2
S1-270354192,54,0,0,0,0,0.0,0.0,0.0,true,false,S2-414623921,source2
S1-2704529,12,0,0,0,0,0.0001,0.0001,0.0,true,false,S3-77873882,source3
S1-270543443,1,0,0,0,0,0.0,0.0,0.0,true,false,S3-919817931,source3
S1-270609465,1,0,0,0,0,0.116,0.0,0.116,true,false,S3-457764913,source3
S1-270643653,1,0,0,0,0,0.0,0.0,0.0,true,false,S2-228949819,source2
S1-270702264,2,0,0,0,0,0.0,0.0,0.0,true,false,S2-808928137,source2
S1-270831263,2,0,0,0,0,0.0,0.0,0.0,true,false,S2-835569462,source2
S1-270944415,1,0,0,0,0,0.0,0.0,0.0,true,false,S3-625487184,source3
S1-270957316,1,0,0,0,0,0.0,0.0,0.0,true,false,S2-837936134,source2
S1-271308320,1,0,0,0,0,0.0,0.0,0.0,true,false,S2-178968077,source2
S1-271322041,1,0,0,0,0,0.0002,0.0,0.0002,true,false,S3-205583601,source3
S1-271322252,2,0,0,0,0,0.0,0.0,0.0,true,false,S3-926211300,source3
S1-271585788,51,0,0,0,0,0.0,0.0,0.0,true,false,S2-1649032,source2
S1-271941324,24,0,0,0,0,0.0,0.0,0.0,true,false,S3-578427624,source3
S1-272024750,1,0,0,0,0,0.0,0.0,0.0,true,false,S2-540216733,source2
S1-272119764,8,0,0,0,0,0.0001,0.0,0.0001,true,false,S3-213354897,source3
S1-272155191,42,0,0,0,0,0.0,0.0,0.0,true,false,S3-189988966,source3
S1-272228314,1,0,0,0,0,0.0001,0.0,0.0001,true,false,S3-442196848,source3
S1-272368234,5,0,0,0,0,0.0001,0.0,0.0,true,false,S3-281249730,source3
S1-272547459,1,0,0,0,0,0.0,0.0,0.0,true,false,S3-938248713,source3
S1-272584547,1,0,0,0,0,0.0,0.0,0.0,true,false,S2-294890128,source2
S1-272610077,1,0,0,0,0,0.0,0.0,0.0,true,false,S2-132401217,source2
S1-272610902,12,0,0,0,0,0.0,0.0,0.0,true,false,S2-59874644,source2
S1-272684712,69,0,0,0,0,0.0855,0.0,0.0855,true,false,S3-796479873,source3
S1-272827848,1,0,0,0,0,0.0,0.0,0.0,true,false,S3-996297070,source3
S1-272862947,1,0,0,0,0,0.0,0.0,0.0,true,false,S2-106693191,source2
S1-272955781,1,0,0,0,0,0.0001,0.0,0.0001,true,false,S2-969816827,source2
S1-272995165,3,0,0,0,0,0.0001,0.0001,0.0,true,false,S3-695597084,source3
S1-273008311,38,0,0,0,0,0.0,0.0,0.0,true,false,S3-32362055,source3
S1-273011400,2,0,0,0,0,0.0001,0.0,0.0001,true,false,S3-460838034,source3
S1-273150296,1,0,0,0,0,0.0001,0.0,0.0001,true,false,S3-736616685,source3
S1-273534049,38,0,0,0,0,0.0001,0.0,0.0001,true,false,S2-159122487,source2
S1-273729059,1,0,0,0,0,0.0,0.0,0.0,true,false,S3-944253180,source3
S1-273778523,1,0,0,0,0,0.0,0.0,0.0,true,false,S2-221255479,source2
S1-27379226,1,0,0,0,0,0.0,0.0,0.0,true,false,S2-77923546,source2
S1-27382393,2,1,1,1,1,0.9747,0.0,0.9747,false,true,S2-315733563,source2
S1-273883005,1,0,0,0,0,0.0,0.0,0.0,true,false,S3-119875437,source3
S1-273901785,2,0,0,0,0,0.0001,0.0,0.0001,true,false,S2-791429680,source2
S1-273962469,38,0,0,0,0,0.0,0.0,0.0,true,false,S3-15424481,source3
S1-273979066,1,1,1,1,1,0.9941,0.0,0.9941,false,true,S3-559811063,source3
S1-274090278,3,0,0,0,0,0.0002,0.0001,0.0001,true,false,S3-803062649,source3
S1-274102380,17,0,0,0,0,0.0001,0.0001,0.0,true,false,S2-459614531,source2
S1-274144331,1,0,0,0,0,0.0,0.0,0.0,true,false,S2-42939429,source2
S1-274160536,2,0,0,0,0,0.0001,0.0,0.0,true,false,S2-329363451,source2
S1-274269086,54,0,0,0,0,0.0001,0.0,0.0,true,false,S2-598020651,source2
S1-274518428,2,0,0,0,0,0.0,0.0,0.0,true,false,S2-260445047,source2
S1-27454241,36,0,0,0,0,0.0006,0.0001,0.0006,true,false,S2-663227434,source2
S1-27455843,45,0,0,0,0,0.0,0.0,0.0,true,false,S3-264296798,source3
S1-274574637,43,0,0,0,0,0.0008,0.0007,0.0001,true,false,S3-492997904,source3
S1-274646138,39,0,0,0,0,0.0001,0.0001,0.0,true,false,S3-183349350,source3
S1-274758214,81,0,0,0,0,0.0,0.0,0.0,true,false,S3-31278704,source3
S1-27482341,39,0,0,0,0,0.0,0.0,0.0,true,false,S2-898753638,source2
S1-274835577,2,0,0,0,0,0.0,0.0,0.0,true,false,S2-770024759,source2
S1-274890127,32,0,0,0,0,0.0001,0.0,0.0,true,false,S2-792060456,source2
S1-274914965,89,0,0,0,0,0.0001,0.0001,0.0,true,false,S2-788704650,source2
S1-274921544,1,0,0,0,0,0.0,0.0,0.0,true,false,S2-681162979,source2
S1-274935492,1,0,0,0,0,0.0,0.0,0.0,true,false,S2-50222960,source2
S1-274967953,1,1,1,0,0,0.8757,0.0,0.8757,false,true,S2-160371417,source2
S1-275051993,26,0,0,0,0,0.0,0.0,0.0,true,false,S2-591330597,source2
S1-275101586,4,0,0,0,0,0.0,0.0,0.0,true,false,S2-405268162,source2
S1-275228042,19,0,0,0,0,0.0004,0.0003,0.0002,true,false,S3-496739837,source3
S1-275355070,7,0,0,0,0,0.0001,0.0001,0.0001,true,false,S3-226695521,source3
S1-275435143,4,0,0,0,0,0.0,0.0,0.0,true,false,S2-607283719,source2
S1-275444673,1,0,0,0,0,0.0,0.0,0.0,true,false,S3-771962034,source3
S1-27545640,1,0,0,0,0,0.0,0.0,0.0,true,false,S3-449030829,source3
S1-275514964,2,2,2,2,2,0.9994,0.9943,0.005,false,true,S3-610211830,source3
S1-275671856,1,0,0,0,0,0.0,0.0,0.0,true,false,S2-576945482,source2
S1-275729898,54,0,0,0,0,0.001,0.0002,0.0007,true,false,S2-986565478,source2
S1-275734532,4,0,0,0,0,0.0004,0.0002,0.0002,true,false,S2-39872851,source2
S1-275756531,39,0,0,0,0,0.0,0.0,0.0,true,false,S3-151970321,source3
S1-275795923,89,0,0,0,0,0.0037,0.0001,0.0037,true,false,S3-231373175,source3
S1-276132619,2,0,1,1,1,0.9991,0.0,0.999,true,false,S2-426117404,source2
S1-276201279,1,0,0,0,0,0.0,0.0,0.0,true,false,S3-797599609,source3
S1-276249701,32,0,0,0,0,0.0,0.0,0.0,true,false,S3-760477501,source3
S1-27645925,1,0,0,0,0,0.0,0.0,0.0,true,false,S3-88462460,source3
S1-276644910,1,0,0,0,0,0.005,0.0,0.005,true,false,S3-552762137,source3
S1-27677530,59,0,0,0,0,0.0185,0.0001,0.0184,true,false,S2-246142078,source2
S1-27688921,1,1,1,1,1,0.9959,0.0,0.9959,false,true,S3-12695447,source3
S1-276894109,6,0,0,0,0,0.0,0.0,0.0,true,false,S3-493741940,source3
S1-276964967,5,0,0,0,0,0.0002,0.0001,0.0001,true,false,S2-59761546,source2
S1-277007189,24,1,0,0,0,0.7143,0.0,0.7143,false,true,S2-215173585,source2
S1-277072715,33,0,0,0,0,0.0,0.0,0.0,true,false,S3-252214014,source3
S1-277178626,21,0,0,0,0,0.0,0.0,0.0,true,false,S3-794448513,source3
S1-277293645,1,0,0,0,0,0.0,0.0,0.0,true,false,S2-566318762,source2
S1-277375862,44,0,0,0,0,0.0001,0.0001,0.0,true,false,S2-62685360,source2
S1-277391322,46,0,0,0,0,0.0,0.0,0.0,true,false,S2-982774434,source2
S1-277477827,1,0,0,0,0,0.0,0.0,0.0,true,false,S2-356891570,source2
S1-277482709,2,0,0,0,0,0.0,0.0,0.0,true,false,S3-879525248,source3
S1-277506760,49,0,0,0,0,0.0001,0.0,0.0001,true,false,S3-547360753,source3
S1-277534575,2,0,0,0,0,0.0004,0.0003,0.0001,true,false,S3-352487898,source3
S1-277667244,1,0,0,0,0,0.0,0.0,0.0,true,false,S2-568866729,source2
S1-277834693,1,0,0,0,0,0.0,0.0,0.0,true,false,S2-712303318,source2
S1-27813324,5,0,0,0,0,0.0001,0.0,0.0001,true,false,S2-350012872,source2
S1-278136697,1,0,0,0,0,0.0,0.0,0.0,true,false,S2-899451449,source2
S1-278209695,2,0,0,0,0,0.0002,0.0,0.0001,true,false,S3-674061062,source3
S1-278244769,2,0,0,0,0,0.0001,0.0,0.0,true,false,S3-126016415,source3
S1-278383088,1,0,0,0,0,0.0,0.0,0.0,true,false,S2-974160509,source2
S1-278416503,1,0,0,0,0,0.0,0.0,0.0,true,false,S3-561046732,source3
S1-278756630,1,0,0,0,0,0.0,0.0,0.0,true,false,S3-382256807,source3
S1-27876044,60,0,0,0,0,0.0,0.0,0.0,true,false,S3-90285063,source3
S1-27888893,31,0,0,0,0,0.0001,0.0,0.0,true,false,S3-459375850,source3
S1-279014952,2,0,0,0,0,0.0,0.0,0.0,true,false,S2-976257130,source2
S1-279071750,1,1,1,1,1,0.9996,0.0,0.9996,false,true,S3-364765041,source3
S1-279157594,31,0,0,0,0,0.0,0.0,0.0,true,false,S2-338696264,source2
S1-279200202,22,0,0,0,0,0.0003,0.0002,0.0001,true,false,S3-706437882,source3
S1-279287014,2,0,0,0,0,0.0,0.0,0.0,true,false,S3-355630626,source3
S1-279331523,1,0,0,0,0,0.0,0.0,0.0,true,false,S2-290767716,source2
S1-279376727,7,0,0,0,0,0.0002,0.0001,0.0001,true,false,S3-42671836,source3
S1-279661956,2,0,0,0,0,0.0001,0.0,0.0001,true,false,S2-760122386,source2
S1-279718509,1,0,0,0,0,0.0005,0.0,0.0005,true,false,S2-452511031,source2
S1-279736597,2,0,0,0,0,0.0,0.0,0.0,true,false,S2-376219470,source2
S1-279790003,1,0,0,0,0,0.0,0.0,0.0,true,false,S2-413468471,source2
S1-279841469,1,0,0,0,0,0.0,0.0,0.0,true,false,S3-381152755,source3
S1-279916985,1,0,0,0,0,0.0,0.0,0.0,true,false,S2-833726788,source2
S1-279978846,1,0,0,0,0,0.0,0.0,0.0,true,false,S2-157145218,source2
S1-280098777,1,0,0,0,0,0.0,0.0,0.0,true,false,S2-313177200,source2
S1-2801430,3,0,0,0,0,0.0001,0.0,0.0,true,false,S2-585835879,source2
S1-280188529,3,0,0,0,0,0.0,0.0,0.0,true,false,S2-29943724,source2
S1-280247498,4,0,0,0,0,0.0,0.0,0.0,true,false,S2-915738729,source2
S1-280282272,37,0,0,0,0,0.0,0.0,0.0,true,false,S3-739379278,source3
S1-280296313,42,0,0,0,0,0.0001,0.0,0.0001,true,false,S2-657142051,source2
S1-280398669,4,0,0,0,0,0.0001,0.0001,0.0,true,false,S2-760601325,source2
S1-280480940,30,0,0,0,0,0.0,0.0,0.0,true,false,S2-392983852,source2
S1-280508586,1,0,0,0,0,0.0,0.0,0.0,true,false,S2-897739968,source2
S1-28052141,1,1,1,1,1,0.964,0.0,0.964,false,true,S2-348551925,source2
S1-280525219,9,0,0,0,0,0.0002,0.0001,0.0001,true,false,S2-6194793,source2
S1-280564651,1,0,0,0,0,0.0,0.0,0.0,true,false,S2-42430156,source2
S1-280609787,1,0,0,0,0,0.0,0.0,0.0,true,false,S2-122983492,source2
S1-280616597,1,0,0,0,0,0.0023,0.0,0.0023,true,false,S3-454997369,source3
S1-28062312,39,0,0,0,0,0.0,0.0,0.0,true,false,S3-488609335,source3
S1-280715974,56,0,0,0,0,0.0,0.0,0.0,true,false,S3-839065424,source3
S1-280820084,3,0,0,0,0,0.0001,0.0,0.0001,true,false,S3-327123221,source3
S1-280869193,1,0,0,0,0,0.0,0.0,0.0,true,false,S3-891865433,source3
S1-281146694,1,0,0,0,0,0.0,0.0,0.0,true,false,S3-381152755,source3
S1-281218414,1,0,0,0,0,0.0,0.0,0.0,true,false,S3-863036893,source3
S1-281336694,29,0,0,0,0,0.0,0.0,0.0,true,false,S3-527462447,source3
S1-281354239,33,0,0,0,0,0.0,0.0,0.0,true,false,S3-169632360,source3
S1-281356776,1,0,0,0,0,0.0,0.0,0.0,true,false,S2-985300066,source2
S1-281427928,26,0,0,0,0,0.0,0.0,0.0,true,false,S3-213653542,source3
S1-281435696,4,0,0,0,0,0.0001,0.0,0.0,true,false,S2-206261147,source2
S1-281485564,1,0,0,0,0,0.0,0.0,0.0,true,false,S3-693452906,source3
S1-28155187,1,0,0,0,0,0.0,0.0,0.0,true,false,S2-16521240,source2
S1-281561810,1,0,0,0,0,0.0,0.0,0.0,true,false,S3-851552091,source3
S1-281569889,15,0,0,0,0,0.0001,0.0001,0.0,true,false,S3-607868996,source3
S1-281632943,2,0,0,0,0,0.0,0.0,0.0,true,false,S2-184585159,source2
S1-281725882,23,0,0,0,0,0.0,0.0,0.0,true,false,S2-330186762,source2
S1-281845627,1,0,0,0,0,0.0001,0.0,0.0001,true,false,S2-352506802,source2
S1-28185392,2,0,0,0,0,0.0,0.0,0.0,true,false,S2-387473662,source2
S1-281957543,5,0,0,0,0,0.0,0.0,0.0,true,false,S2-101919056,source2
S1-281993653,1,0,0,0,0,0.0001,0.0,0.0001,true,false,S2-257545778,source2
S1-282124306,41,0,0,0,0,0.0001,0.0,0.0,true,false,S2-397322475,source2
S1-282192329,1,0,0,0,0,0.0,0.0,0.0,true,false,S3-825250179,source3
S1-282230829,3,0,0,0,0,0.0001,0.0,0.0,true,false,S3-952159052,source3
S1-282235104,2,0,0,0,0,0.0,0.0,0.0,true,false,S3-159452674,source3
S1-282295416,29,0,0,0,0,0.0,0.0,0.0,true,false,S3-863463356,source3
S1-282375861,2,0,0,0,0,0.0,0.0,0.0,true,false,S2-152792248,source2
S1-282782199,10,0,0,0,0,0.0079,0.0002,0.0078,true,false,S3-784625849,source3
S1-282802597,2,0,0,0,0,0.0,0.0,0.0,true,false,S3-781733238,source3
S1-282814051,1,0,0,0,0,0.0,0.0,0.0,true,false,S3-270839425,source3
S1-282820418,1,0,0,0,0,0.0,0.0,0.0,true,false,S2-211725643,source2
S1-282875018,3,0,0,0,0,0.0,0.0,0.0,true,false,S2-680625322,source2
S1-282885470,1,0,0,0,0,0.0,0.0,0.0,true,false,S3-161051554,source3
S1-282911882,35,0,0,0,0,0.0002,0.0002,0.0,true,false,S3-122783366,source3
S1-282919455,1,0,0,0,0,0.0002,0.0,0.0002,true,false,S3-939834036,source3
S1-283117461,2,0,0,0,0,0.0001,0.0001,0.0,true,false,S2-722277731,source2
S1-283158663,10,0,0,0,0,0.0001,0.0001,0.0,true,false,S3-692396339,source3
S1-283322826,1,0,0,0,0,0.0,0.0,0.0,true,false,S2-765929286,source2
S1-283422831,1,0,0,0,0,0.0,0.0,0.0,true,false,S2-283541803,source2
S1-283446349,1,0,0,0,0,0.0,0.0,0.0,true,false,S2-73861215,source2
S1-283604109,41,0,0,0,0,0.0,0.0,0.0,true,false,S3-950288857,source3
S1-283630693,2,0,0,0,0,0.0001,0.0,0.0,true,false,S2-371913592,source2
S1-283881595,1,0,0,0,0,0.0,0.0,0.0,true,false,S3-81747959,source3
S1-283997355,2,0,0,0,0,0.0,0.0,0.0,true,false,S3-416355511,source3
S1-284034905,2,1,1,1,1,0.9891,0.0,0.9891,false,true,S2-455325987,source2
S1-284123016,1,0,0,0,0,0.0,0.0,0.0,true,false,S3-204854711,source3
S1-284187647,5,0,0,0,0,0.0,0.0,0.0,true,false,S3-173903467,source3
S1-284192016,1,1,0,0,0,0.6153,0.0,0.6153,false,true,S3-69691677,source3
S1-28420060,47,0,0,0,0,0.0001,0.0,0.0,true,false,S2-754678730,source2
S1-284209086,1,1,1,1,1,0.9997,0.0,0.9997,false,true,S3-323666433,source3
S1-284308279,1,0,0,0,0,0.0,0.0,0.0,true,false,S3-506048519,source3
S1-284547816,3,0,0,0,0,0.0003,0.0001,0.0002,true,false,S3-867211711,source3
S1-284554669,1,0,0,0,0,0.0,0.0,0.0,true,false,S3-72313239,source3
S1-284573479,29,0,0,0,0,0.0,0.0,0.0,true,false,S3-863463356,source3
S1-284603599,3,0,0,0,0,0.0001,0.0,0.0001,true,false,S3-522078524,source3
S1-284612111,3,0,0,0,0,0.0001,0.0001,0.0,true,false,S2-72964623,source2
S1-284665267,51,0,0,0,0,0.0,0.0,0.0,true,false,S3-555818589,source3
S1-284820266,44,0,0,0,0,0.0,0.0,0.0,true,false,S2-638660643,source2
S1-284878993,1,0,0,0,0,0.0,0.0,0.0,true,false,S2-566216800,source2
S1-285029977,1,0,0,0,0,0.0,0.0,0.0,true,false,S3-871669458,source3
S1-285120447,40,0,0,0,0,0.0,0.0,0.0,true,false,S3-677851804,source3
S1-285639517,1,1,1,1,1,0.9951,0.0,0.9951,false,true,S3-390563178,source3
S1-285752438,2,0,0,0,0,0.0003,0.0,0.0002,true,false,S2-613055081,source2
S1-285824797,1,0,0,0,0,0.0001,0.0,0.0001,true,false,S3-118948917,source3
S1-285842810,2,0,0,0,0,0.0,0.0,0.0,true,false,S3-542888329,source3
S1-286022248,1,0,0,0,0,0.0001,0.0,0.0001,true,false,S2-811366167,source2
S1-286172003,1,0,0,0,0,0.0,0.0,0.0,true,false,S2-268693867,source2
S1-286233028,1,0,0,0,0,0.0,0.0,0.0,true,false,S2-920340516,source2
S1-286258564,50,0,0,0,0,0.0001,0.0,0.0,true,false,S3-738947496,source3
S1-286265722,1,0,0,0,0,0.0,0.0,0.0,true,false,S3-125703968,source3
S1-286268691,1,0,0,0,0,0.0,0.0,0.0,true,false,S2-234380287,source2
S1-286277083,39,0,0,0,0,0.0017,0.0,0.0017,true,false,S2-285063282,source2
S1-286307220,1,0,0,0,0,0.0,0.0,0.0,true,false,S3-842445241,source3
S1-286406115,32,0,0,0,0,0.0,0.0,0.0,true,false,S2-881403826,source2
S1-286483212,2,1,1,1,1,0.9887,0.0,0.9887,false,true,S2-603618466,source2
S1-286630477,1,0,0,0,0,0.0,0.0,0.0,true,false,S3-615561499,source3
S1-286661549,2,0,0,0,0,0.0,0.0,0.0,true,false,S3-969531816,source3
S1-28678758,1,1,1,1,1,0.9985,0.0,0.9985,false,true,S2-35064309,source2
S1-286803490,2,0,0,0,0,0.0,0.0,0.0,true,false,S2-989301541,source2
S1-286936139,1,0,0,0,0,0.0,0.0,0.0,true,false,S2-244281922,source2
S1-287102309,42,0,0,0,0,0.0001,0.0,0.0001,true,false,S3-506726696,source3
S1-287397981,3,0,0,0,0,0.0,0.0,0.0,true,false,S2-84608328,source2
S1-28757932,1,0,0,0,0,0.0,0.0,0.0,true,false,S3-272000979,source3
S1-287580001,1,0,0,0,0,0.0,0.0,0.0,true,false,S2-104410319,source2
S1-287654159,4,0,0,0,0,0.0,0.0,0.0,true,false,S3-645442374,source3
S1-287666599,2,0,0,0,0,0.0,0.0,0.0,true,false,S2-51670773,source2
S1-287755517,39,0,0,0,0,0.0,0.0,0.0,true,false,S2-531871685,source2
S1-287873410,1,1,1,1,1,0.9996,0.0,0.9996,false,true,S2-87572982,source2
S1-287894463,2,0,0,0,0,0.0,0.0,0.0,true,false,S3-935541805,source3
S1-287955270,15,0,0,0,0,0.0,0.0,0.0,true,false,S3-846024710,source3
S1-287973551,12,0,0,0,0,0.0,0.0,0.0,true,false,S3-77873882,source3
S1-287981012,1,1,1,1,1,0.9997,0.0,0.9997,false,true,S2-223064898,source2
S1-288066363,1,1,1,1,1,0.9861,0.0,0.9861,false,true,S3-823992649,source3
S1-288444048,12,0,0,0,0,0.0002,0.0002,0.0,true,false,S2-344599432,source2
S1-288521591,1,0,0,0,0,0.0,0.0,0.0,true,false,S2-972677062,source2
S1-288523937,45,0,0,0,0,0.0,0.0,0.0,true,false,S3-272368498,source3
S1-288736364,3,0,0,0,0,0.0002,0.0,0.0002,true,false,S2-817519899,source2
S1-289048557,26,0,0,0,0,0.0,0.0,0.0,true,false,S2-473142058,source2
S1-289129046,1,0,0,0,0,0.0277,0.0,0.0277,true,false,S2-640099827,source2
S1-289669622,1,0,0,0,0,0.0001,0.0,0.0001,true,false,S3-665971498,source3
S1-289740952,1,0,0,0,0,0.0,0.0,0.0,true,false,S3-961861221,source3
S1-289806701,13,0,0,0,0,0.0,0.0,0.0,true,false,S2-80894318,source2
S1-289934085,1,0,0,0,0,0.0,0.0,0.0,true,false,S2-928122498,source2
S1-289936158,1,1,1,1,1,0.9714,0.0,0.9714,false,true,S3-711585426,source3
S1-290031077,43,0,0,0,0,0.0,0.0,0.0,true,false,S2-877637172,source2
S1-290132510,37,0,0,0,0,0.0,0.0,0.0,true,false,S2-885086841,source2
S1-290139018,64,0,0,0,0,0.013,0.0002,0.0128,true,false,S2-315925768,source2
S1-290142918,2,0,0,0,0,0.0001,0.0,0.0001,true,false,S2-823909473,source2
S1-290234865,20,0,0,0,0,0.0,0.0,0.0,true,false,S2-919472223,source2
S1-290288346,113,1,1,1,1,0.9995,0.0,0.9995,false,true,S2-514970066,source2
S1-290401849,2,0,0,0,0,0.0005,0.0,0.0004,true,false,S2-14068945,source2
S1-29049453,30,0,0,0,0,0.0,0.0,0.0,true,false,S2-216036643,source2
S1-290654255,7,0,0,0,0,0.0,0.0,0.0,true,false,S2-732627930,source2
S1-29077679,4,0,0,0,0,0.0,0.0,0.0,true,false,S2-580863209,source2
S1-290823704,30,0,0,0,0,0.0,0.0,0.0,true,false,S2-834746561,source2
S1-290831225,1,0,0,0,0,0.0,0.0,0.0,true,false,S3-432445294,source3
S1-290933897,2,0,0,0,0,0.0,0.0,0.0,true,false,S2-824950688,source2
S1-291010048,1,0,0,0,0,0.0,0.0,0.0,true,false,S3-642851576,source3
S1-291219991,30,0,0,0,0,0.0,0.0,0.0,true,false,S3-817885824,source3
S1-291340043,1,0,0,0,0,0.0,0.0,0.0,true,false,S2-210596993,source2
S1-291573803,42,0,0,0,0,0.0,0.0,0.0,true,false,S2-560449715,source2
S1-291615942,1,0,0,0,0,0.0,0.0,0.0,true,false,S2-408103895,source2
S1-29184675,4,0,0,0,0,0.0,0.0,0.0,true,false,S2-988530848,source2
S1-291952439,4,0,0,0,0,0.0,0.0,0.0,true,false,S2-772465522,source2
S1-291989464,1,1,1,1,1,0.9988,0.0,0.9988,false,true,S3-874296947,source3
S1-291993576,37,0,0,0,0,0.0,0.0,0.0,true,false,S3-200956306,source3
S1-292013713,1,0,0,0,0,0.0,0.0,0.0,true,false,S2-436225620,source2
S1-292022829,1,0,0,0,0,0.0,0.0,0.0,true,false,S3-57403722,source3
S1-292083139,73,0,0,0,0,0.0007,0.0001,0.0006,true,false,S2-588940457,source2
S1-292110993,36,0,0,0,0,0.0,0.0,0.0,true,false,S3-166069742,source3
S1-292393735,3,0,0,0,0,0.0001,0.0,0.0001,true,false,S2-498279964,source2
S1-29246929,1,0,0,0,0,0.0,0.0,0.0,true,false,S2-814052487,source2
S1-29251541,1,0,0,0,0,0.0,0.0,0.0,true,false,S3-921338348,source3
S1-292639194,2,0,0,0,0,0.0,0.0,0.0,true,false,S3-980453644,source3
S1-292649689,1,0,0,0,0,0.0,0.0,0.0,true,false,S2-667714043,source2
S1-292692907,1,1,1,1,1,0.9931,0.0,0.9931,false,true,S3-612029514,source3
S1-292713772,1,0,0,0,0,0.0001,0.0,0.0001,true,false,S3-309656009,source3
S1-292766321,4,0,0,0,0,0.0001,0.0,0.0,true,false,S3-580642144,source3
S1-29282621,1,0,0,0,0,0.0,0.0,0.0,true,false,S2-811079277,source2
S1-292950822,1,0,0,0,0,0.0,0.0,0.0,true,false,S2-159427941,source2
S1-293049146,32,0,0,0,0,0.0001,0.0,0.0,true,false,S3-620316094,source3
S1-293106735,1,0,0,0,0,0.0,0.0,0.0,true,false,S2-815206256,source2
S1-293176874,76,0,0,0,0,0.0003,0.0001,0.0002,true,false,S2-946938247,source2
S1-293202981,33,0,0,0,0,0.0,0.0,0.0,true,false,S3-698704990,source3
S1-293213816,1,0,0,0,0,0.0,0.0,0.0,true,false,S2-895820835,source2
S1-29321964,1,0,0,0,0,0.0,0.0,0.0,true,false,S2-662128178,source2
S1-293330633,30,0,0,0,0,0.0,0.0,0.0,true,false,S3-172089780,source3
S1-293389828,2,0,0,0,0,0.0,0.0,0.0,true,false,S2-445103019,source2
S1-293441859,1,0,0,0,0,0.0001,0.0,0.0001,true,false,S2-297147254,source2
S1-293558001,1,0,0,0,0,0.0,0.0,0.0,true,false,S2-762482264,source2
S1-293835110,1,0,0,0,0,0.0,0.0,0.0,true,false,S2-435791979,source2
S1-293856437,21,1,1,1,1,0.9912,0.0,0.9912,false,true,S2-867987091,source2
S1-293909320,2,0,0,0,0,0.0,0.0,0.0,true,false,S3-404435906,source3
S1-293933423,1,0,0,0,0,0.0,0.0,0.0,true,false,S3-102781518,source3
S1-294124151,44,0,0,0,0,0.0,0.0,0.0,true,false,S3-983809427,source3
S1-294150814,4,0,0,0,0,0.0,0.0,0.0,true,false,S3-992566394,source3
S1-294333645,1,0,0,0,0,0.0006,0.0,0.0006,true,false,S2-270527204,source2
S1-294383888,55,0,0,0,0,0.0,0.0,0.0,true,false,S3-723654225,source3
S1-294403745,1,1,1,1,1,0.989,0.0,0.989,false,true,S3-916181020,source3
S1-294434057,30,0,0,0,0,0.0,0.0,0.0,true,false,S2-400942794,source2
S1-294519049,1,0,0,0,0,0.5364,0.0,0.5364,true,false,S3-614117751,source3
S1-295020706,1,0,0,0,0,0.0001,0.0,0.0001,true,false,S2-561416780,source2
S1-295235503,32,0,0,0,0,0.0,0.0,0.0,true,false,S2-362449790,source2
S1-295364330,2,0,0,0,0,0.0009,0.0,0.0009,true,false,S3-547384781,source3
S1-295598404,2,0,0,0,0,0.0,0.0,0.0,true,false,S2-769136905,source2
S1-295601895,1,0,0,0,0,0.0018,0.0,0.0018,true,false,S2-820739985,source2
S1-295845591,4,0,0,0,0,0.0,0.0,0.0,true,false,S2-444302931,source2
S1-295937307,83,0,0,0,0,0.0001,0.0001,0.0001,true,false,S3-290982934,source3
S1-296035774,1,0,0,0,0,0.0001,0.0,0.0001,true,false,S3-41503491,source3
S1-296100859,1,0,0,0,0,0.0,0.0,0.0,true,false,S2-75437241,source2
S1-296204791,1,0,0,0,0,0.0,0.0,0.0,true,false,S3-403556509,source3
S1-296210227,2,0,0,0,0,0.0,0.0,0.0,true,false,S2-353714387,source2
S1-296216174,1,0,0,0,0,0.0001,0.0,0.0001,true,false,S3-541062426,source3
S1-29625546,1,0,0,0,0,0.0,0.0,0.0,true,false,S2-443502225,source2
S1-296323848,1,0,0,0,0,0.0,0.0,0.0,true,false,S3-603410948,source3
S1-296448605,2,0,0,0,0,0.0,0.0,0.0,true,false,S3-493482128,source3
S1-296614101,13,0,0,0,0,0.0,0.0,0.0,true,false,S2-707727698,source2
S1-296622049,33,0,0,0,0,0.0,0.0,0.0,true,false,S3-552230357,source3
S1-296658329,2,0,0,0,0,0.0,0.0,0.0,true,false,S3-602733513,source3
S1-296933220,1,1,0,0,0,0.2735,0.0,0.2735,false,true,S3-711138006,source3
S1-29696416,26,0,0,0,0,0.0,0.0,0.0,true,false,S2-247572689,source2
S1-297085983,36,0,0,0,0,0.0,0.0,0.0,true,false,S3-31833403,source3
S1-297177071,38,0,0,0,0,0.0,0.0,0.0,true,false,S3-126940365,source3
S1-297193724,2,0,0,0,0,0.0,0.0,0.0,true,false,S3-220982707,source3
S1-297525707,27,0,0,0,0,0.0,0.0,0.0,true,false,S2-42768325,source2
S1-297546492,1,1,1,1,1,0.9912,0.0,0.9912,false,true,S2-345936735,source2
S1-297706124,2,0,0,0,0,0.0001,0.0,0.0,true,false,S3-300885667,source3
S1-29772458,2,0,0,0,0,0.0,0.0,0.0,true,false,S2-775257870,source2
S1-298060551,73,0,0,0,0,0.0002,0.0,0.0001,true,false,S3-31622036,source3
S1-298091022,1,0,0,0,0,0.0,0.0,0.0,true,false,S2-72648497,source2
S1-298205273,1,1,1,1,1,0.9992,0.0,0.9992,false,true,S2-87760457,source2
S1-298223888,10,0,0,0,0,0.0003,0.0,0.0002,true,false,S3-545952595,source3
S1-298258650,66,0,0,0,0,0.0,0.0,0.0,true,false,S2-366696624,source2
S1-29828333,3,0,0,0,0,0.0409,0.0,0.0409,true,false,S2-55421595,source2
S1-298438366,37,0,0,0,0,0.0,0.0,0.0,true,false,S2-121631689,source2
S1-298479523,35,0,0,0,0,0.0,0.0,0.0,true,false,S2-864600696,source2
S1-298645743,1,0,0,0,0,0.0001,0.0,0.0001,true,false,S2-847374839,source2
S1-298753013,1,0,0,0,0,0.0,0.0,0.0,true,false,S2-693057577,source2
S1-298753893,43,0,0,0,0,0.0001,0.0,0.0001,true,false,S3-574675334,source3
S1-298877090,10,0,0,0,0,0.0006,0.0001,0.0005,true,false,S2-875063854,source2
S1-298947387,3,0,0,0,0,0.0002,0.0,0.0002,true,false,S3-249219315,source3
S1-299104211,1,0,0,0,0,0.0,0.0,0.0,true,false,S2-575365762,source2
S1-299182413,1,0,0,0,0,0.0,0.0,0.0,true,false,S3-178492633,source3
S1-299266160,2,0,0,0,0,0.0,0.0,0.0,true,false,S2-285272567,source2
S1-299277863,41,0,0,0,0,0.0,0.0,0.0,true,false,S3-828529196,source3
S1-299284730,2,0,0,0,0,0.0,0.0,0.0,true,false,S2-893669875,source2
S1-299302218,1,0,0,0,0,0.0,0.0,0.0,true,false,S2-811799202,source2
S1-299344362,1,0,0,0,0,0.0,0.0,0.0,true,false,S2-830783927,source2
S1-299434720,5,0,0,0,0,0.0001,0.0001,0.0,true,false,S3-654423808,source3
S1-299453262,1,0,0,0,0,0.0,0.0,0.0,true,false,S3-130528087,source3
S1-299511557,1,0,0,0,0,0.0004,0.0,0.0004,true,false,S2-248902651,source2
S1-299640596,6,0,0,0,0,0.0001,0.0001,0.0,true,false,S2-753864304,source2
S1-29965907,4,0,0,0,0,0.0,0.0,0.0,true,false,S3-875852999,source3
S1-299671381,3,0,0,0,0,0.0001,0.0,0.0,true,false,S2-983379660,source2
S1-299742816,72,1,1,1,1,0.962,0.0002,0.9618,false,true,S2-996332731,source2
S1-299843596,29,0,0,0,0,0.0,0.0,0.0,true,false,S2-841439774,source2
S1-29994503,2,0,0,0,0,0.7986,0.0,0.7986,true,false,S2-822162334,source2
S1-300031623,37,0,0,0,0,0.0035,0.0,0.0034,true,false,S2-670992606,source2
S1-300034658,1,0,0,0,0,0.0,0.0,0.0,true,false,S3-555984205,source3
S1-300090597,4,0,0,0,0,0.0012,0.0003,0.0009,true,false,S2-626674166,source2
S1-300229170,1,1,1,1,1,0.9986,0.0,0.9986,false,true,S3-298036632,source3
S1-300252793,1,0,0,0,0,0.0001,0.0,0.0001,true,false,S3-812671275,source3
S1-300261941,7,0,0,0,0,0.0,0.0,0.0,true,false,S2-452455336,source2
S1-300314880,1,0,0,0,0,0.0,0.0,0.0,true,false,S3-386020808,source3
S1-300372880,1,0,0,0,0,0.0,0.0,0.0,true,false,S2-318105691,source2
S1-300409023,1,0,0,0,0,0.0001,0.0,0.0001,true,false,S2-122170914,source2
S1-300437640,22,0,0,0,0,0.0,0.0,0.0,true,false,S3-625487184,source3
S1-300741121,22,0,0,0,0,0.0,0.0,0.0,true,false,S3-475509040,source3
S1-300816717,3,0,0,0,0,0.0,0.0,0.0,true,false,S3-879525248,source3
S1-300848581,66,0,0,0,0,0.0,0.0,0.0,true,false,S2-675086559,source2
S1-300906709,2,1,1,1,1,0.9969,0.0,0.9969,false,true,S3-647478511,source3
S1-300908970,1,0,0,0,0,0.0,0.0,0.0,true,false,S3-285748519,source3
S1-300956073,51,0,0,0,0,0.0,0.0,0.0,true,false,S3-169522525,source3
S1-30096936,31,0,0,0,0,0.0,0.0,0.0,true,false,S2-863089527,source2
S1-301004277,4,0,0,0,0,0.0002,0.0001,0.0001,true,false,S2-246014557,source2
S1-301057863,3,0,0,0,0,0.0001,0.0,0.0001,true,false,S2-358332930,source2
S1-301283839,1,0,0,0,0,0.0,0.0,0.0,true,false,S2-791684922,source2
S1-301534349,5,0,0,0,0,0.0,0.0,0.0,true,false,S3-608616565,source3
S1-30166617,2,0,0,0,0,0.0001,0.0,0.0,true,false,S3-93719324,source3
S1-301800906,11,0,0,0,0,0.0002,0.0001,0.0001,true,false,S2-384495892,source2
S1-301967281,37,0,0,0,0,0.0,0.0,0.0,true,false,S3-571042195,source3
S1-302045989,7,0,0,0,0,0.0,0.0,0.0,true,false,S2-931439970,source2
S1-302084543,1,0,0,0,0,0.0,0.0,0.0,true,false,S2-937918854,source2
S1-302103847,1,0,0,0,0,0.0,0.0,0.0,true,false,S3-609690044,source3
S1-302181969,1,0,0,0,0,0.0,0.0,0.0,true,false,S3-643407363,source3
S1-302443570,83,0,0,0,0,0.0,0.0,0.0,true,false,S2-888873504,source2
S1-302447911,1,0,0,0,0,0.0,0.0,0.0,true,false,S3-328453775,source3
S1-302526871,1,1,0,0,0,0.0237,0.0,0.0237,false,true,S3-387482318,source3
S1-302623297,1,0,0,0,0,0.0,0.0,0.0,true,false,S3-249868810,source3
S1-302643182,2,0,0,0,0,0.0,0.0,0.0,true,false,S2-590423527,source2
S1-302710833,1,0,0,0,0,0.0,0.0,0.0,true,false,S2-8842860,source2
S1-302712853,1,1,1,1,1,0.974,0.0,0.974,false,true,S3-210901662,source3
S1-30285423,9,0,0,0,0,0.0,0.0,0.0,true,false,S3-145845001,source3
S1-30287098,3,0,0,0,0,0.0,0.0,0.0,true,false,S3-498167339,source3
S1-302965645,2,0,0,0,0,0.0,0.0,0.0,true,false,S2-611334434,source2
S1-302973377,3,0,0,0,0,0.0,0.0,0.0,true,false,S3-491354048,source3
S1-302985165,1,0,0,0,0,0.0,0.0,0.0,true,false,S2-507361659,source2
S1-302999046,2,0,0,0,0,0.0001,0.0,0.0001,true,false,S3-133778700,source3
S1-303291975,1,0,0,0,0,0.0,0.0,0.0,true,false,S2-998394087,source2
S1-303430736,1,0,0,0,0,0.0,0.0,0.0,true,false,S3-813199364,source3
S1-303668940,1,0,0,0,0,0.0,0.0,0.0,true,false,S2-82155902,source2
S1-303671265,29,0,0,0,0,0.0001,0.0,0.0,true,false,S2-585117339,source2
S1-303691212,73,0,0,0,0,0.0205,0.0001,0.0204,true,false,S3-837585996,source3
S1-303701980,2,0,0,0,0,0.0001,0.0001,0.0,true,false,S2-779837321,source2
S1-304054545,2,0,0,0,0,0.0,0.0,0.0,true,false,S3-226018212,source3
S1-304184678,3,0,0,0,0,0.0,0.0,0.0,true,false,S3-545382533,source3
S1-304235697,4,0,0,0,0,0.0001,0.0,0.0,true,false,S3-451640145,source3
S1-304287596,7,0,0,0,0,0.0,0.0,0.0,true,false,S2-599450774,source2
S1-304297041,1,1,1,1,1,0.9993,0.0,0.9993,false,true,S3-11522767,source3
S1-304321304,3,0,0,0,0,0.0,0.0,0.0,true,false,S2-246185804,source2
S1-304697792,52,0,0,0,0,0.0,0.0,0.0,true,false,S2-569967225,source2
S1-304894691,39,0,0,0,0,0.0,0.0,0.0,true,false,S2-62736893,source2
S1-305011512,1,0,0,0,0,0.0,0.0,0.0,true,false,S2-861057183,source2
S1-305275349,2,0,0,0,0,0.0,0.0,0.0,true,false,S2-924122782,source2
S1-305403960,1,0,0,0,0,0.0,0.0,0.0,true,false,S3-131841806,source3
S1-305618376,73,0,0,0,0,0.0001,0.0,0.0,true,false,S2-76923389,source2
S1-305643083,25,0,0,0,0,0.093,0.0,0.093,true,false,S3-901201480,source3
S1-305766416,66,0,0,0,0,0.0,0.0,0.0,true,false,S2-170982129,source2
S1-306095185,3,0,0,0,0,0.0,0.0,0.0,true,false,S3-825011592,source3
S1-306116515,41,0,0,0,0,0.016,0.0005,0.0156,true,false,S3-458756772,source3
S1-306196734,53,0,0,0,0,0.0001,0.0001,0.0,true,false,S2-344599432,source2
S1-306354524,2,0,0,0,0,0.0,0.0,0.0,true,false,S3-321176768,source3
S1-306539338,35,0,0,0,0,0.0,0.0,0.0,true,false,S2-765815995,source2
S1-306670181,1,0,0,0,0,0.0001,0.0,0.0001,true,false,S2-358237238,source2
S1-306731860,1,0,0,0,0,0.0,0.0,0.0,true,false,S3-882032211,source3
S1-306751495,44,0,0,0,0,0.0001,0.0001,0.0001,true,false,S2-849565658,source2
S1-306869559,1,0,0,0,0,0.0,0.0,0.0,true,false,S2-739493544,source2
S1-306894417,42,0,0,0,0,0.0001,0.0,0.0,true,false,S3-130171641,source3
S1-306949675,3,0,0,0,0,0.0001,0.0,0.0,true,false,S2-215134403,source2
S1-306955088,39,0,0,0,0,0.0,0.0,0.0,true,false,S2-673651545,source2
S1-307037471,1,0,0,0,0,0.0358,0.0,0.0358,true,false,S3-585001451,source3
S1-307052167,1,0,0,0,0,0.0,0.0,0.0,true,false,S3-371154454,source3
S1-307056745,30,0,0,0,0,0.0,0.0,0.0,true,false,S2-789259630,source2
S1-307239527,3,0,0,0,0,0.0,0.0,0.0,true,false,S2-809023948,source2
S1-307429818,47,0,0,0,0,0.0,0.0,0.0,true,false,S2-75752139,source2
S1-307435590,1,0,0,0,0,0.0,0.0,0.0,true,false,S2-339853392,source2
S1-307537004,1,0,0,0,0,0.0,0.0,0.0,true,false,S2-702841384,source2
S1-30758585,1,0,0,0,0,0.0001,0.0,0.0001,true,false,S3-63472213,source3
S1-307616225,1,0,0,0,0,0.0,0.0,0.0,true,false,S3-119879276,source3
S1-3077068,1,0,0,0,0,0.0,0.0,0.0,true,false,S3-559344139,source3
S1-307823744,1,1,1,1,1,0.9992,0.0,0.9992,false,true,S2-407040766,source2
S1-307826956,1,0,0,0,0,0.0,0.0,0.0,true,false,S2-295952247,source2
S1-307913042,1,1,0,0,0,0.096,0.0,0.096,false,true,S2-968481229,source2
S1-308023694,2,0,0,0,0,0.0,0.0,0.0,true,false,S3-461387015,source3
S1-308065792,1,0,0,0,0,0.0,0.0,0.0,true,false,S2-34837906,source2
S1-308102508,1,1,1,1,1,0.9991,0.0,0.9991,false,true,S2-937523602,source2
S1-308206411,1,0,0,0,0,0.0,0.0,0.0,true,false,S2-37081703,source2
S1-30836889,6,0,0,0,0,0.0001,0.0001,0.0,true,false,S3-629187030,source3
S1-308516656,36,0,0,0,0,0.0,0.0,0.0,true,false,S2-363791215,source2
S1-308659987,4,0,0,0,0,0.0015,0.0,0.0015,true,false,S3-656956737,source3
S1-309069586,4,0,0,0,0,0.0,0.0,0.0,true,false,S2-580863209,source2
S1-309083965,3,0,0,0,0,0.0001,0.0001,0.0,true,false,S2-166637594,source2
S1-309101313,1,0,0,0,0,0.0,0.0,0.0,true,false,S3-522216574,source3
S1-309176243,3,1,1,1,1,0.9993,0.0,0.9993,false,true,S2-601337861,source2
S1-309204752,57,0,0,0,0,0.0,0.0,0.0,true,false,S3-689953056,source3
S1-309212199,1,1,1,0,0,0.8352,0.0,0.8352,false,true,S3-226039642,source3
S1-309454881,5,0,0,0,0,0.0,0.0,0.0,true,false,S2-154220920,source2
S1-309483496,32,0,0,0,0,0.0001,0.0,0.0001,true,false,S3-941605201,source3
S1-309524583,50,0,0,0,0,0.0002,0.0001,0.0001,true,false,S3-236390144,source3
S1-309556142,38,0,0,0,0,0.0,0.0,0.0,true,false,S2-17178786,source2
S1-309558535,2,0,0,0,0,0.0001,0.0,0.0001,true,false,S2-398357898,source2
S1-309567670,1,0,0,0,0,0.0,0.0,0.0,true,false,S2-772123424,source2
S1-309658496,4,0,0,0,0,0.0001,0.0001,0.0,true,false,S2-246014557,source2
S1-310004277,1,1,1,1,1,0.9615,0.0,0.9615,false,true,S3-486048270,source3
S1-310017139,1,0,0,0,0,0.0,0.0,0.0,true,false,S3-832312740,source3
S1-310029149,47,0,0,0,0,0.0,0.0,0.0,true,false,S2-378457898,source2
S1-310044750,1,0,0,0,0,0.0,0.0,0.0,true,false,S3-539705817,source3
S1-310230290,1,0,0,0,0,0.0,0.0,0.0,true,false,S2-353872072,source2
S1-310249535,1,0,0,0,0,0.0,0.0,0.0,true,false,S3-418331094,source3
S1-31032794,1,1,1,1,1,0.9993,0.0,0.9993,false,true,S2-125287492,source2
S1-31034323,71,0,0,0,0,0.0016,0.0005,0.0011,true,false,S3-139605026,source3
S1-310417614,1,0,0,0,0,0.0,0.0,0.0,true,false,S3-936052702,source3
S1-310432118,40,0,0,0,0,0.0002,0.0,0.0002,true,false,S3-300764673,source3
S1-310496790,1,1,1,1,1,0.9995,0.0,0.9995,false,true,S2-551679176,source2
S1-310529209,4,0,0,0,0,0.0,0.0,0.0,true,false,S3-840619160,source3
S1-310543990,3,0,0,0,0,0.0,0.0,0.0,true,false,S3-880365324,source3
S1-310744384,1,1,1,1,1,0.9951,0.0,0.9951,false,true,S3-186745443,source3
S1-310785151,2,0,0,0,0,0.0,0.0,0.0,true,false,S3-387334884,source3
S1-310850117,67,0,0,0,0,0.0001,0.0,0.0,true,false,S3-841954823,source3
S1-311023991,1,1,1,1,1,0.9998,0.0,0.9998,false,true,S2-384940943,source2
S1-311037889,14,0,0,0,0,0.0,0.0,0.0,true,false,S3-753291579,source3
S1-311138619,42,1,0,0,0,0.0037,0.0,0.0037,false,true,S2-227490072,source2
S1-311165192,1,1,1,1,1,0.982,0.0,0.982,false,true,S2-186516392,source2
S1-311167906,53,0,0,0,0,0.0,0.0,0.0,true,false,S3-726624236,source3
S1-311267829,1,0,0,0,0,0.0,0.0,0.0,true,false,S3-567033539,source3
S1-311355225,1,0,0,0,0,0.0,0.0,0.0,true,false,S2-599301332,source2
S1-311569835,1,0,0,0,0,0.0,0.0,0.0,true,false,S2-484849029,source2
S1-311625313,1,0,0,0,0,0.0042,0.0,0.0042,true,false,S3-802473872,source3
S1-311772615,1,0,0,0,0,0.8156,0.0,0.8156,true,false,S3-723899094,source3
S1-311847071,64,0,0,0,0,0.0001,0.0001,0.0,true,false,S3-521465920,source3
S1-312052186,4,0,0,0,0,0.0001,0.0001,0.0,true,false,S3-173870011,source3
S1-31205819,51,0,0,0,0,0.0002,0.0,0.0002,true,false,S3-579140349,source3
S1-312189980,3,0,0,0,0,0.0,0.0,0.0,true,false,S3-760915770,source3
S1-312219042,1,0,0,0,0,0.0,0.0,0.0,true,false,S3-470664770,source3
S1-312468980,1,0,0,0,0,0.0001,0.0,0.0001,true,false,S2-532227977,source2
S1-312473512,1,0,0,0,0,0.0,0.0,0.0,true,false,S3-995258220,source3
S1-312497517,3,0,0,0,0,0.0,0.0,0.0,true,false,S2-693145762,source2
S1-312640866,74,0,0,0,0,0.0,0.0,0.0,true,false,S2-922165473,source2
S1-312649165,1,0,0,0,0,0.0,0.0,0.0,true,false,S2-528408968,source2
S1-312705248,9,0,0,0,0,0.0,0.0,0.0,true,false,S2-614727790,source2
S1-312830638,54,0,0,0,0,0.0002,0.0,0.0001,true,false,S2-812894315,source2
S1-312854373,2,0,0,0,0,0.0001,0.0,0.0001,true,false,S3-363729403,source3
S1-313038842,1,0,0,0,0,0.0,0.0,0.0,true,false,S2-176718201,source2
S1-313047345,2,0,0,0,0,0.0001,0.0,0.0,true,false,S2-460741532,source2
S1-313054745,2,0,0,0,0,0.0,0.0,0.0,true,false,S3-761415496,source3
S1-313115959,1,1,0,0,0,0.746,0.0,0.746,false,true,S3-500926556,source3
S1-313311092,1,0,0,0,0,0.0,0.0,0.0,true,false,S3-865197035,source3
S1-313386776,1,0,0,0,0,0.0001,0.0,0.0001,true,false,S2-580451376,source2
S1-313432613,1,0,0,0,0,0.0,0.0,0.0,true,false,S3-382317031,source3
S1-313600572,49,0,0,0,0,0.0001,0.0,0.0,true,false,S3-961638579,source3
S1-313683310,1,0,0,0,0,0.0,0.0,0.0,true,false,S3-368192948,source3
S1-31373074,2,0,0,0,0,0.0179,0.0001,0.0179,true,false,S2-610487117,source2
S1-314038510,48,0,0,0,0,0.0,0.0,0.0,true,false,S3-445454974,source3
S1-314078167,1,0,0,0,0,0.0,0.0,0.0,true,false,S3-583996151,source3
S1-314207684,50,1,1,1,1,0.9951,0.0,0.9951,false,true,S3-647579160,source3
S1-314257791,4,0,0,0,0,0.0001,0.0,0.0,true,false,S2-761748949,source2
S1-314328455,78,0,0,0,0,0.0012,0.0006,0.0006,true,false,S3-779748135,source3
S1-314465044,36,0,0,0,0,0.0,0.0,0.0,true,false,S3-772540696,source3
S1-314520659,1,0,0,0,0,0.0,0.0,0.0,true,false,S2-209836259,source2
S1-314663859,35,0,0,0,0,0.0,0.0,0.0,true,false,S3-588120445,source3
S1-314696052,1,1,1,1,1,0.9881,0.0,0.9881,false,true,S3-953917024,source3
S1-314875238,7,0,0,0,0,0.0001,0.0,0.0,true,false,S3-322128613,source3
S1-314957460,35,0,0,0,0,0.0,0.0,0.0,true,false,S2-616512356,source2
S1-315062407,29,0,0,0,0,0.0,0.0,0.0,true,false,S3-100736467,source3
S1-315202057,1,0,0,0,0,0.0,0.0,0.0,true,false,S3-507734872,source3
S1-315271864,1,0,0,0,0,0.0002,0.0,0.0002,true,false,S2-501979662,source2
S1-315283814,3,0,0,0,0,0.0,0.0,0.0,true,false,S2-576405534,source2
S1-315367248,2,0,0,0,0,0.0,0.0,0.0,true,false,S2-976466718,source2
S1-315461446,1,0,0,0,0,0.0,0.0,0.0,true,false,S3-929398339,source3
S1-315519050,57,0,0,0,0,0.0001,0.0,0.0,true,false,S2-918589313,source2
S1-315617880,46,0,0,0,0,0.0,0.0,0.0,true,false,S2-756302651,source2
S1-315665087,1,0,0,0,0,0.0,0.0,0.0,true,false,S2-681990551,source2
S1-31575673,1,0,0,0,0,0.0,0.0,0.0,true,false,S2-695783597,source2
S1-315799506,1,0,0,0,0,0.0,0.0,0.0,true,false,S3-596655829,source3
S1-315810013,2,0,0,0,0,0.0001,0.0,0.0001,true,false,S2-413841442,source2
S1-315920146,2,0,0,0,0,0.0,0.0,0.0,true,false,S3-701434083,source3
S1-315923373,2,0,0,0,0,0.0003,0.0,0.0002,true,false,S3-866342507,source3
S1-315923772,36,0,0,0,0,0.0,0.0,0.0,true,false,S3-772217383,source3
S1-315937884,1,0,0,0,0,0.0,0.0,0.0,true,false,S3-953552320,source3
S1-316169377,37,0,0,0,0,0.0001,0.0,0.0,true,false,S2-851164966,source2
S1-316395518,1,0,0,0,0,0.0,0.0,0.0,true,false,S3-447978673,source3
S1-316441649,1,0,0,0,0,0.0001,0.0,0.0001,true,false,S3-801435061,source3
S1-316470068,1,0,0,0,0,0.0001,0.0,0.0001,true,false,S3-18691414,source3
S1-316795088,1,0,0,0,0,0.0001,0.0,0.0001,true,false,S3-149525331,source3
S1-316896235,33,0,0,0,0,0.0,0.0,0.0,true,false,S3-202445256,source3
S1-316928687,2,1,1,1,1,0.9991,0.0,0.9991,false,true,S2-163736434,source2
S1-317085559,38,0,0,0,0,0.0001,0.0001,0.0001,true,false,S2-823896752,source2
S1-317275444,29,0,0,0,0,0.0,0.0,0.0,true,false,S3-831226768,source3
S1-317351973,44,0,0,0,0,0.0018,0.0011,0.0007,true,false,S2-774426640,source2
S1-317420934,1,0,0,0,0,0.0,0.0,0.0,true,false,S2-283411412,source2
S1-317451335,1,1,1,1,1,0.9994,0.0,0.9994,false,true,S3-294276801,source3
S1-317472121,23,0,0,0,0,0.0,0.0,0.0,true,false,S2-741508060,source2
S1-317559115,1,1,1,1,1,0.9992,0.0,0.9992,false,true,S3-705386089,source3
S1-317579136,1,1,0,0,0,0.0409,0.0,0.0409,false,true,S2-999793401,source2
S1-317712974,1,0,0,0,0,0.0,0.0,0.0,true,false,S2-995066127,source2
S1-317813952,1,0,0,0,0,0.0,0.0,0.0,true,false,S2-537179721,source2
S1-317854633,2,0,0,0,0,0.0002,0.0,0.0001,true,false,S2-860414494,source2
S1-31805555,2,0,0,0,0,0.0,0.0,0.0,true,false,S2-300003463,source2
S1-318109178,1,0,0,0,0,0.0,0.0,0.0,true,false,S3-811232452,source3
S1-318116348,31,0,0,0,0,0.0001,0.0,0.0,true,false,S3-807213849,source3
S1-318170307,29,0,0,0,0,0.0,0.0,0.0,true,false,S3-545360116,source3
S1-318315533,2,0,0,0,0,0.0003,0.0,0.0002,true,false,S3-229608727,source3
S1-318477774,46,0,0,0,0,0.0,0.0,0.0,true,false,S3-44023687,source3
S1-31851842,1,0,0,0,0,0.0,0.0,0.0,true,false,S2-506270318,source2
S1-318589871,1,0,0,0,0,0.0,0.0,0.0,true,false,S3-346506599,source3
S1-318793512,22,0,0,0,0,0.0,0.0,0.0,true,false,S3-625513569,source3
S1-31890071,1,0,0,0,0,0.0,0.0,0.0,true,false,S2-101375453,source2
S1-318925848,2,1,1,1,1,0.9993,0.0,0.9993,false,true,S3-297571113,source3
S1-318948293,32,0,0,0,0,0.0,0.0,0.0,true,false,S2-792060456,source2
S1-31900942,1,0,0,0,0,0.0,0.0,0.0,true,false,S3-352358735,source3
S1-319060103,43,0,0,0,0,0.0,0.0,0.0,true,false,S3-288828229,source3
S1-319069335,2,0,0,0,0,0.0,0.0,0.0,true,false,S3-163908630,source3
S1-319124884,2,0,0,0,0,0.0,0.0,0.0,true,false,S2-838344101,source2
S1-319154580,1,0,0,0,0,0.0,0.0,0.0,true,false,S2-14658669,source2
S1-319196530,2,0,0,0,0,0.0,0.0,0.0,true,false,S3-38103023,source3
S1-31920944,1,0,0,0,0,0.0,0.0,0.0,true,false,S3-928869918,source3
S1-319383714,1,0,0,0,0,0.0,0.0,0.0,true,false,S2-442861595,source2
S1-319445922,25,0,0,0,0,0.0,0.0,0.0,true,false,S3-336895424,source3
S1-319573729,69,0,0,0,0,0.0,0.0,0.0,true,false,S3-773079459,source3
S1-319593801,1,0,0,0,0,0.0001,0.0,0.0001,true,false,S3-58091154,source3
S1-319610910,48,0,0,0,0,0.0,0.0,0.0,true,false,S3-114631761,source3
S1-320007986,2,0,0,0,0,0.0,0.0,0.0,true,false,S3-911797125,source3
S1-320181016,33,0,0,0,0,0.0002,0.0,0.0002,true,false,S3-563043948,source3
S1-320198412,54,0,0,0,0,0.0054,0.0,0.0054,true,false,S2-120684097,source2
S1-320229740,3,0,0,0,0,0.0,0.0,0.0,true,false,S3-956332162,source3
S1-320266633,36,0,0,0,0,0.0,0.0,0.0,true,false,S3-518783697,source3
S1-320547768,55,0,0,0,0,0.1518,0.0173,0.1345,true,false,S3-371084039,source3
S1-320732032,3,0,0,0,0,0.0001,0.0001,0.0,true,false,S2-394257658,source2
S1-320740955,1,0,0,0,0,0.0,0.0,0.0,true,false,S3-396449814,source3
S1-320913666,4,0,0,0,0,0.1495,0.0,0.1495,true,false,S3-472794916,source3
S1-321002892,1,0,0,0,0,0.0,0.0,0.0,true,false,S3-345111026,source3
S1-321042893,1,1,1,1,1,0.9994,0.0,0.9994,false,true,S2-426334381,source2
S1-321281281,3,0,0,0,0,0.0,0.0,0.0,true,false,S3-342553066,source3
S1-321314641,37,0,0,0,0,0.0001,0.0,0.0,true,false,S2-282210106,source2
S1-321367491,1,0,0,0,0,0.0,0.0,0.0,true,false,S3-622052071,source3
S1-321401809,1,0,0,0,0,0.0,0.0,0.0,true,false,S3-505124100,source3
S1-321449895,1,0,0,0,0,0.0,0.0,0.0,true,false,S3-504322737,source3
S1-321512184,2,0,0,0,0,0.0,0.0,0.0,true,false,S2-363534521,source2
S1-321549846,1,0,0,0,0,0.0,0.0,0.0,true,false,S3-179876617,source3
S1-321648485,1,0,0,0,0,0.0018,0.0,0.0018,true,false,S2-375083807,source2
S1-321692469,1,0,0,0,0,0.0,0.0,0.0,true,false,S2-235466873,source2
S1-321763914,36,0,0,0,0,0.0001,0.0,0.0,true,false,S2-522788968,source2
S1-321805538,1,0,0,0,0,0.0001,0.0,0.0001,true,false,S3-721826410,source3
S1-322017313,1,0,0,0,0,0.0301,0.0,0.0301,true,false,S2-319100992,source2
S1-322135140,47,0,0,0,0,0.0,0.0,0.0,true,false,S2-693745020,source2
S1-32214992,44,0,0,0,0,0.0,0.0,0.0,true,false,S3-759082898,source3
S1-322224666,1,0,0,0,0,0.0,0.0,0.0,true,false,S3-704001848,source3
S1-32232127,1,0,0,0,0,0.0,0.0,0.0,true,false,S2-583461418,source2
S1-322450738,48,0,0,0,0,0.0,0.0,0.0,true,false,S3-168606080,source3
S1-322482279,1,0,0,0,0,0.0,0.0,0.0,true,false,S3-443413686,source3
S1-322485846,42,0,0,0,0,0.0002,0.0,0.0002,true,false,S3-787880116,source3
S1-322621669,4,0,0,0,0,0.0007,0.0,0.0007,true,false,S2-550473891,source2
S1-322724100,1,1,1,1,1,0.953,0.0,0.953,false,true,S2-735096244,source2
S1-322851989,41,0,0,0,0,0.0,0.0,0.0,true,false,S3-175979786,source3
S1-322870651,53,0,0,0,0,0.0,0.0,0.0,true,false,S2-621153347,source2
S1-322912139,2,0,0,0,0,0.0,0.0,0.0,true,false,S3-154651212,source3
S1-322945717,2,0,0,0,0,0.0,0.0,0.0,true,false,S2-257062520,source2
S1-323046384,1,0,0,0,0,0.0,0.0,0.0,true,false,S3-114350819,source3
S1-323144686,1,0,0,0,0,0.0,0.0,0.0,true,false,S2-414971379,source2
S1-323177469,41,0,0,0,0,0.0003,0.0001,0.0002,true,false,S3-574270043,source3
S1-323199760,1,0,0,0,0,0.0,0.0,0.0,true,false,S2-538589097,source2
S1-323217419,2,0,0,0,0,0.0,0.0,0.0,true,false,S3-947625512,source3
S1-323228137,3,0,0,0,0,0.0,0.0,0.0,true,false,S3-148547894,source3
S1-323269368,2,0,0,0,0,0.0,0.0,0.0,true,false,S3-908076303,source3
S1-3233840,5,0,0,0,0,0.0,0.0,0.0,true,false,S3-901008763,source3
S1-323442844,113,0,0,0,0,0.0,0.0,0.0,true,false,S3-366569462,source3
S1-32363223,29,0,0,0,0,0.0001,0.0,0.0,true,false,S3-283664304,source3
S1-323831001,11,0,0,0,0,0.0002,0.0001,0.0002,true,false,S3-561428733,source3
S1-323868866,1,1,1,1,1,0.9996,0.0,0.9996,false,true,S2-873171560,source2
S1-324131268,1,0,0,0,0,0.0,0.0,0.0,true,false,S3-175557843,source3
S1-32453495,1,0,0,0,0,0.0,0.0,0.0,true,false,S3-313594358,source3
S1-324695381,1,1,1,1,1,0.9886,0.0,0.9886,false,true,S2-36572103,source2
S1-32483476,2,0,0,0,0,0.0187,0.0001,0.0186,true,false,S3-705405815,source3
S1-324847870,1,0,0,0,0,0.0,0.0,0.0,true,false,S3-609040434,source3
S1-325106163,1,0,0,0,0,0.0,0.0,0.0,true,false,S2-951429204,source2
S1-32524152,2,0,0,0,0,0.0,0.0,0.0,true,false,S2-307653298,source2
S1-325250785,1,0,0,0,0,0.0,0.0,0.0,true,false,S3-431134889,source3
S1-325330708,1,0,0,0,0,0.0,0.0,0.0,true,false,S2-315339788,source2
S1-325367940,2,1,1,1,0,0.9449,0.0001,0.9448,false,true,S3-640874070,source3
S1-325412426,2,0,0,0,0,0.0001,0.0,0.0,true,false,S3-502406880,source3
S1-325716817,2,1,0,0,0,0.5033,0.0,0.5033,false,true,S2-790626891,source2
S1-325812852,28,0,0,0,0,0.0,0.0,0.0,true,false,S3-582655813,source3
S1-325873958,3,0,0,0,0,0.0,0.0,0.0,true,false,S2-370927609,source2
S1-325894123,2,0,0,0,0,0.018,0.0,0.018,true,false,S2-261526984,source2
S1-325961681,24,0,0,0,0,0.0004,0.0,0.0004,true,false,S3-232725707,source3
S1-32600467,2,0,0,0,0,0.0,0.0,0.0,true,false,S2-6400357,source2
S1-326022348,5,0,0,0,0,0.0001,0.0,0.0,true,false,S3-683057568,source3
S1-326158082,1,0,0,0,0,0.0,0.0,0.0,true,false,S2-480847030,source2
S1-32620285,42,0,0,0,0,0.0,0.0,0.0,true,false,S3-899747602,source3
S1-326297661,5,0,0,0,0,0.0,0.0,0.0,true,false,S2-462856163,source2
S1-326360201,49,0,0,0,0,0.0,0.0,0.0,true,false,S2-579211832,source2
S1-326413021,16,0,0,0,0,0.0,0.0,0.0,true,false,S3-846649026,source3
S1-326497906,1,0,0,0,0,0.0,0.0,0.0,true,false,S2-932522589,source2
S1-326617290,3,0,0,0,0,0.0001,0.0001,0.0001,true,false,S2-818865818,source2
S1-326664108,47,0,0,0,0,0.0004,0.0,0.0004,true,false,S3-729804401,source3
S1-326704888,1,1,1,1,1,0.9984,0.0,0.9984,false,true,S3-746350501,source3
S1-326720358,3,0,0,0,0,0.0,0.0,0.0,true,false,S2-488826892,source2
S1-326888389,1,0,0,0,0,0.0,0.0,0.0,true,false,S3-975789636,source3
S1-326903505,2,1,0,0,0,0.3708,0.0,0.3708,false,true,S3-594048455,source3
S1-326952343,43,0,0,0,0,0.0008,0.0001,0.0007,true,false,S2-646930488,source2
S1-327172808,8,0,0,0,0,0.0476,0.0,0.0476,true,false,S2-730425537,source2
S1-327254114,55,0,0,0,0,0.0,0.0,0.0,true,false,S3-439802407,source3
S1-32735042,1,0,0,0,0,0.0,0.0,0.0,true,false,S2-585958436,source2
S1-327391340,2,0,0,0,0,0.0,0.0,0.0,true,false,S2-222090680,source2
S1-327405218,2,0,0,0,0,0.0,0.0,0.0,true,false,S2-703829945,source2
S1-327464495,18,0,0,0,0,0.0,0.0,0.0,true,false,S2-724434128,source2
S1-327505056,1,0,0,0,0,0.0,0.0,0.0,true,false,S3-556594182,source3
S1-327535290,3,0,0,0,0,0.0,0.0,0.0,true,false,S2-358521461,source2
S1-327546569,2,0,0,0,0,0.0,0.0,0.0,true,false,S3-477356832,source3
S1-327553650,6,0,0,0,0,0.0005,0.0002,0.0003,true,false,S2-691956246,source2
S1-327572612,1,0,0,0,0,0.0,0.0,0.0,true,false,S2-302419463,source2
S1-327788855,2,0,0,0,0,0.0,0.0,0.0,true,false,S3-422785674,source3
S1-327809534,57,0,0,0,0,0.0,0.0,0.0,true,false,S3-385262101,source3
S1-327872990,1,0,0,0,0,0.0001,0.0,0.0001,true,false,S3-752555885,source3
S1-327951743,30,0,0,0,0,0.0,0.0,0.0,true,false,S2-403858184,source2
S1-32798532,33,0,0,0,0,0.0,0.0,0.0,true,false,S3-356690295,source3
S1-328105321,3,0,0,0,0,0.0,0.0,0.0,true,false,S3-250766433,source3
S1-328237344,1,0,0,0,0,0.0,0.0,0.0,true,false,S2-309432497,source2
S1-328371553,1,0,0,0,0,0.0,0.0,0.0,true,false,S3-304939543,source3
S1-328579424,2,0,0,0,0,0.0,0.0,0.0,true,false,S3-956380427,source3
S1-328688637,2,0,0,0,0,0.0,0.0,0.0,true,false,S3-961861221,source3
S1-328713969,5,0,0,0,0,0.021,0.0001,0.0209,true,false,S2-36991383,source2
S1-328732787,2,0,0,0,0,0.0,0.0,0.0,true,false,S3-339679437,source3
S1-328778820,1,0,0,0,0,0.0,0.0,0.0,true,false,S3-349213775,source3
S1-328864149,25,0,0,0,0,0.0,0.0,0.0,true,false,S3-901201480,source3
S1-32902650,1,0,0,0,0,0.0001,0.0,0.0001,true,false,S2-476166183,source2
S1-329333457,1,1,1,1,1,0.9997,0.0,0.9997,false,true,S3-222305267,source3
S1-329375581,1,0,1,0,0,0.8203,0.0,0.8203,true,false,S2-970169752,source2
S1-329390432,2,0,0,0,0,0.0001,0.0,0.0001,true,false,S2-369512771,source2
S1-329437838,1,0,0,0,0,0.0002,0.0,0.0002,true,false,S3-895000056,source3
S1-329451585,2,0,0,0,0,0.0,0.0,0.0,true,false,S3-202533994,source3
S1-329474985,10,0,0,0,0,0.0,0.0,0.0,true,false,S3-385465549,source3
S1-329541680,1,0,0,0,0,0.0,0.0,0.0,true,false,S2-473425954,source2
S1-329696562,8,0,0,0,0,0.0003,0.0001,0.0002,true,false,S2-578952480,source2
S1-329965372,1,0,0,0,0,0.0,0.0,0.0,true,false,S2-701004710,source2
S1-330039904,1,0,0,0,0,0.0,0.0,0.0,true,false,S3-669414951,source3
S1-330134068,1,0,0,0,0,0.0,0.0,0.0,true,false,S3-567179171,source3
S1-33022604,3,0,0,0,0,0.0,0.0,0.0,true,false,S2-891839403,source2
S1-330310136,1,0,0,0,0,0.0,0.0,0.0,true,false,S3-332030995,source3
S1-330349680,21,0,0,0,0,0.4942,0.0001,0.4941,true,false,S2-510991878,source2
S1-330368818,4,0,0,0,0,0.0,0.0,0.0,true,false,S2-524273745,source2
S1-330420795,17,0,0,0,0,0.0002,0.0001,0.0001,true,false,S2-66524928,source2
S1-330440630,17,0,0,0,0,0.0001,0.0001,0.0,true,false,S3-475969579,source3
S1-330602939,27,0,0,0,0,0.0,0.0,0.0,true,false,S2-564777969,source2
S1-330655796,30,0,0,0,0,0.0007,0.0,0.0006,true,false,S2-400942794,source2
S1-330716594,1,1,1,1,1,0.9997,0.0,0.9997,false,true,S2-194436239,source2
S1-330781666,1,1,1,1,0,0.939,0.0,0.939,false,true,S2-416989736,source2
S1-330834670,1,0,0,0,0,0.0,0.0,0.0,true,false,S2-152926449,source2
S1-330841826,1,0,0,0,0,0.0001,0.0,0.0001,true,false,S2-24065445,source2
S1-330879075,1,0,0,0,0,0.0,0.0,0.0,true,false,S3-603795474,source3
S1-330887769,78,0,0,0,0,0.0,0.0,0.0,true,false,S2-578047769,source2
S1-330941418,32,0,0,0,0,0.0001,0.0,0.0001,true,false,S3-664629547,source3
S1-331009203,38,0,0,0,0,0.0,0.0,0.0,true,false,S3-782817216,source3
S1-331056879,36,0,0,0,0,0.0,0.0,0.0,true,false,S3-911955296,source3
S1-331415158,2,0,0,0,0,0.0,0.0,0.0,true,false,S2-743914358,source2
S1-33147316,2,0,0,0,0,0.008,0.0,0.008,true,false,S2-806406333,source2
S1-331578066,1,0,0,0,0,0.0,0.0,0.0,true,false,S2-253072483,source2
S1-331697118,113,0,0,0,0,0.0,0.0,0.0,true,false,S3-887061839,source3
S1-331722877,3,0,0,0,0,0.0001,0.0001,0.0,true,false,S2-44252712,source2
S1-331816971,1,0,0,0,0,0.0,0.0,0.0,true,false,S2-236620399,source2
S1-331902337,1,0,0,0,0,0.0001,0.0,0.0001,true,false,S3-810757752,source3
S1-331957979,58,0,0,0,0,0.0,0.0,0.0,true,false,S2-554138631,source2
S1-332073767,1,0,0,0,0,0.0,0.0,0.0,true,false,S3-429293228,source3
S1-332092951,2,1,1,1,1,0.9956,0.0011,0.9945,false,true,S3-435850491,source3
S1-33211137,2,0,0,0,0,0.0,0.0,0.0,true,false,S2-621153347,source2
S1-332159740,4,1,0,0,0,0.4562,0.0,0.4562,false,true,S3-7161850,source3
S1-332179847,2,0,0,0,0,0.0,0.0,0.0,true,false,S3-740573956,source3
S1-332238776,2,0,0,0,0,0.0,0.0,0.0,true,false,S2-153869095,source2
S1-332242401,6,0,0,0,0,0.2172,0.0,0.2171,true,false,S2-758947477,source2
S1-332346191,2,0,0,0,0,0.0003,0.0,0.0003,true,false,S3-323496999,source3
S1-332388880,1,0,0,0,0,0.0,0.0,0.0,true,false,S2-934887394,source2
S1-332544380,2,0,0,0,0,0.0,0.0,0.0,true,false,S2-877661076,source2
S1-332676696,1,0,0,0,0,0.0069,0.0,0.0069,true,false,S2-618876706,source2
S1-332692411,2,0,0,0,0,0.0,0.0,0.0,true,false,S2-697687581,source2
S1-332790057,2,0,0,0,0,0.0,0.0,0.0,true,false,S2-749659170,source2
S1-332800765,1,0,0,0,0,0.0,0.0,0.0,true,false,S3-250804482,source3
S1-332817648,1,0,0,0,0,0.0,0.0,0.0,true,false,S3-806290237,source3
S1-332910909,1,0,0,0,0,0.0,0.0,0.0,true,false,S3-368192948,source3
S1-332971805,1,0,0,0,0,0.0,0.0,0.0,true,false,S2-144547694,source2
S1-333048114,1,0,0,0,0,0.0,0.0,0.0,true,false,S2-629341946,source2
S1-333112430,1,0,0,0,0,0.0001,0.0,0.0001,true,false,S2-684695882,source2
S1-333293554,15,0,0,0,0,0.0001,0.0,0.0,true,false,S2-699425439,source2
S1-33332254,2,0,0,0,0,0.0,0.0,0.0,true,false,S2-538805272,source2
S1-333358493,1,0,0,0,0,0.0001,0.0,0.0001,true,false,S2-157446495,source2
S1-333434527,2,0,0,0,0,0.0,0.0,0.0,true,false,S3-268266757,source3
S1-333481209,38,0,0,0,0,0.0,0.0,0.0,true,false,S2-367235333,source2
S1-333634055,4,0,0,0,0,0.0534,0.0,0.0534,true,false,S3-631227915,source3
S1-333740402,3,0,0,0,0,0.0001,0.0001,0.0,true,false,S2-158709759,source2
S1-33375493,1,0,0,0,0,0.0,0.0,0.0,true,false,S3-365251601,source3
S1-33380400,1,0,0,0,0,0.0,0.0,0.0,true,false,S3-931523793,source3
S1-333886018,2,0,0,0,0,0.0001,0.0,0.0001,true,false,S3-916573867,source3
S1-333899994,1,0,0,0,0,0.0,0.0,0.0,true,false,S3-179876617,source3
S1-33394948,1,0,0,0,0,0.0,0.0,0.0,true,false,S3-611229775,source3
S1-333954115,30,0,0,0,0,0.0,0.0,0.0,true,false,S2-775797539,source2
S1-334001328,71,0,0,0,0,0.0001,0.0,0.0001,true,false,S3-188972028,source3
S1-334051523,2,0,0,0,0,0.0001,0.0001,0.0001,true,false,S3-282773137,source3
S1-334052695,3,0,0,0,0,0.0005,0.0001,0.0004,true,false,S2-375913872,source2
S1-3341015,2,0,0,0,0,0.0,0.0,0.0,true,false,S2-628129193,source2
S1-334254231,1,0,0,0,0,0.0209,0.0,0.0209,true,false,S3-123167955,source3
S1-334271233,1,0,0,0,0,0.0,0.0,0.0,true,false,S2-890710365,source2
S1-334412621,42,0,0,0,0,0.0,0.0,0.0,true,false,S2-350787930,source2
S1-334484051,1,0,0,0,0,0.0,0.0,0.0,true,false,S3-847651555,source3
S1-334487253,2,0,0,0,0,0.0,0.0,0.0,true,false,S2-843963485,source2
S1-334587457,24,0,0,0,0,0.0,0.0,0.0,true,false,S3-404831410,source3
S1-334600861,66,0,0,0,0,0.0002,0.0,0.0001,true,false,S2-298914373,source2
S1-334830381,26,0,0,0,0,0.0,0.0,0.0,true,false,S3-213653542,source3
S1-334831966,1,0,0,0,0,0.0,0.0,0.0,true,false,S3-89792071,source3
S1-334861420,2,0,0,0,0,0.0,0.0,0.0,true,false,S2-408507954,source2
S1-335166392,43,0,0,0,0,0.0,0.0,0.0,true,false,S3-859268022,source3
S1-335433996,1,0,0,0,0,0.0,0.0,0.0,true,false,S2-283861228,source2
S1-335700547,1,0,0,0,0,0.0,0.0,0.0,true,false,S2-734429685,source2
S1-335959747,1,0,0,0,0,0.0372,0.0,0.0372,true,false,S2-866686286,source2
S1-336048225,32,0,0,0,0,0.0,0.0,0.0,true,false,S2-97997258,source2
S1-336177304,1,0,0,0,0,0.0,0.0,0.0,true,false,S3-256127982,source3
S1-336218447,2,0,0,0,0,0.0,0.0,0.0,true,false,S2-813991364,source2
S1-336316542,1,0,0,0,0,0.0,0.0,0.0,true,false,S3-294600236,source3
S1-336406942,1,0,0,0,0,0.0001,0.0,0.0001,true,false,S3-269888656,source3
S1-336484743,2,0,0,0,0,0.0,0.0,0.0,true,false,S3-47293006,source3
S1-336714245,3,0,0,0,0,0.0,0.0,0.0,true,false,S3-532692766,source3
S1-336868565,2,0,0,0,0,0.0,0.0,0.0,true,false,S2-69559356,source2
S1-336971014,8,0,0,0,0,0.0,0.0,0.0,true,false,S3-921835388,source3
S1-33710717,2,0,1,0,0,0.878,0.0004,0.8775,true,false,S2-188474350,source2
S1-33720751,1,0,0,0,0,0.0001,0.0,0.0001,true,false,S3-393728957,source3
S1-337207742,1,0,0,0,0,0.0,0.0,0.0,true,false,S2-987788937,source2
S1-337215291,36,0,0,0,0,0.0,0.0,0.0,true,false,S3-908076303,source3
S1-337335507,1,0,0,0,0,0.0,0.0,0.0,true,false,S2-952212113,source2
S1-337342340,1,0,0,0,0,0.0,0.0,0.0,true,false,S3-177866892,source3
S1-337351744,73,0,0,0,0,0.0008,0.0001,0.0007,true,false,S2-502169508,source2
S1-337357352,1,0,0,0,0,0.0,0.0,0.0,true,false,S2-87437372,source2
S1-337800215,2,0,0,0,0,0.0,0.0,0.0,true,false,S3-525164347,source3
S1-337831781,58,0,0,0,0,0.0,0.0,0.0,true,false,S2-148466906,source2
S1-337874633,1,0,0,0,0,0.0,0.0,0.0,true,false,S2-150153842,source2
S1-337956782,1,0,0,0,0,0.0,0.0,0.0,true,false,S2-317809867,source2
S1-338114157,1,0,0,0,0,0.0,0.0,0.0,true,false,S3-602024216,source3
S1-338182161,4,0,0,0,0,0.0001,0.0001,0.0,true,false,S2-712479570,source2
S1-338236190,9,0,0,0,0,0.0001,0.0001,0.0,true,false,S3-192786327,source3
S1-338313027,1,0,0,0,0,0.0001,0.0,0.0001,true,false,S3-46152992,source3
S1-338428090,7,0,0,0,0,0.0,0.0,0.0,true,false,S2-992096125,source2
S1-338441694,42,0,0,0,0,0.0,0.0,0.0,true,false,S3-823487778,source3
S1-338676446,1,0,0,0,0,0.0001,0.0,0.0001,true,false,S3-391845160,source3
S1-338830890,1,0,0,0,0,0.0,0.0,0.0,true,false,S2-657142051,source2
S1-338840619,5,0,0,0,0,0.1339,0.0001,0.1338,true,false,S2-36061379,source2
S1-338854556,2,0,0,0,0,0.3115,0.0,0.3115,true,false,S2-991691724,source2
S1-338939566,1,0,0,0,0,0.0,0.0,0.0,true,false,S2-640788664,source2
S1-338987156,2,0,0,0,0,0.0002,0.0,0.0001,true,false,S3-211221239,source3
S1-339103272,1,0,0,0,0,0.018,0.0,0.018,true,false,S2-709004882,source2
S1-339112391,2,0,0,0,0,0.0,0.0,0.0,true,false,S2-634055516,source2
S1-339379619,1,1,1,1,1,0.978,0.0,0.978,false,true,S2-289449106,source2
S1-339394852,48,0,0,0,0,0.0,0.0,0.0,true,false,S2-781559793,source2
S1-339482337,4,0,0,0,0,0.0002,0.0,0.0002,true,false,S3-393991528,source3
S1-339527574,2,0,0,0,0,0.0,0.0,0.0,true,false,S2-194885385,source2
S1-339584468,38,0,0,0,0,0.0,0.0,0.0,true,false,S2-571375645,source2
S1-339588722,1,1,1,1,1,0.9967,0.0,0.9967,false,true,S2-508663925,source2
S1-339649588,2,0,0,0,0,0.0,0.0,0.0,true,false,S3-15013031,source3
S1-339709932,51,0,0,0,0,0.0,0.0,0.0,true,false,S3-269267594,source3
S1-339727390,1,0,0,0,0,0.0,0.0,0.0,true,false,S2-342219738,source2
S1-339730757,67,0,0,0,0,0.0,0.0,0.0,true,false,S2-480824530,source2
S1-339739032,1,0,0,0,0,0.0,0.0,0.0,true,false,S2-506206793,source2
S1-339835297,67,0,0,0,0,0.0,0.0,0.0,true,false,S2-75432463,source2
S1-339983831,67,0,0,0,0,0.0063,0.0002,0.0061,true,false,S2-461635489,source2
S1-339989103,2,0,0,0,0,0.0,0.0,0.0,true,false,S3-383443267,source3
S1-340020335,5,0,0,0,0,0.0001,0.0001,0.0,true,false,S2-648385776,source2
S1-340038614,44,0,0,0,0,0.0119,0.0034,0.0085,true,false,S2-516353697,source2
S1-340051699,1,0,0,0,0,0.0,0.0,0.0,true,false,S2-772964316,source2
S1-340120882,1,0,0,0,0,0.0,0.0,0.0,true,false,S3-285367611,source3
S1-34015861,13,0,0,0,0,0.2917,0.0026,0.2891,true,false,S3-256805913,source3
S1-340264370,3,0,0,0,0,0.0,0.0,0.0,true,false,S3-477566936,source3
S1-340297110,1,1,1,1,1,0.9991,0.0,0.9991,false,true,S2-772182834,source2
S1-340350480,41,0,0,0,0,0.0,0.0,0.0,true,false,S2-969077372,source2
S1-34036110,3,0,0,0,0,0.0001,0.0,0.0,true,false,S2-986056140,source2
S1-340381174,2,0,0,0,0,0.0,0.0,0.0,true,false,S3-888737799,source3
S1-340387961,1,1,1,1,1,0.9846,0.0,0.9846,false,true,S3-527090333,source3
S1-340393385,1,0,0,0,0,0.0,0.0,0.0,true,false,S2-180815933,source2
S1-340442244,4,0,0,0,0,0.0,0.0,0.0,true,false,S3-66271175,source3
S1-34050383,2,0,0,0,0,0.0,0.0,0.0,true,false,S2-652390868,source2
S1-340639711,36,0,0,0,0,0.0,0.0,0.0,true,false,S2-119760832,source2
S1-340776494,42,0,0,0,0,0.0,0.0,0.0,true,false,S3-5622468,source3
S1-340817900,1,0,0,0,0,0.0,0.0,0.0,true,false,S2-186689207,source2
S1-340929942,2,0,0,0,0,0.0,0.0,0.0,true,false,S3-991970810,source3
S1-341049343,1,0,0,0,0,0.0,0.0,0.0,true,false,S3-522700354,source3
S1-341137832,52,0,0,0,0,0.0001,0.0001,0.0,true,false,S3-570182570,source3
S1-341170760,1,0,0,0,0,0.0,0.0,0.0,true,false,S2-30568957,source2
S1-341204121,34,0,0,0,0,0.0002,0.0,0.0001,true,false,S3-406174233,source3
S1-341253062,1,1,1,1,1,0.9974,0.0,0.9974,false,true,S3-768737935,source3
S1-341291980,1,0,0,0,0,0.0001,0.0,0.0001,true,false,S2-189723704,source2
S1-34132350,3,0,0,0,0,0.0,0.0,0.0,true,false,S3-689990556,source3
S1-341540500,2,0,0,0,0,0.0,0.0,0.0,true,false,S3-987523638,source3
S1-341708188,1,0,0,0,0,0.0,0.0,0.0,true,false,S3-44943181,source3
S1-341776184,45,0,0,0,0,0.0,0.0,0.0,true,false,S3-248987929,source3
S1-341808925,72,0,0,0,0,0.006,0.0001,0.006,true,false,S2-647511333,source2
S1-341837058,2,0,0,0,0,0.0008,0.0,0.0008,true,false,S3-94471902,source3
S1-341841821,3,0,0,0,0,0.0001,0.0001,0.0,true,false,S2-961133043,source2
S1-341841843,8,0,0,0,0,0.0002,0.0,0.0001,true,false,S3-797455572,source3
S1-341939498,9,0,0,0,0,0.0001,0.0001,0.0,true,false,S2-154862649,source2
S1-342225594,1,0,0,0,0,0.0,0.0,0.0,true,false,S3-690417623,source3
S1-342429842,1,0,0,0,0,0.0,0.0,0.0,true,false,S3-609040434,source3
S1-342431665,13,0,0,0,0,0.0005,0.0001,0.0005,true,false,S2-597591142,source2
S1-342493577,1,0,0,0,0,0.0003,0.0,0.0003,true,false,S2-758711055,source2
S1-342547011,31,0,0,0,0,0.0001,0.0001,0.0,true,false,S3-221465205,source3
S1-342627206,1,0,0,0,0,0.0,0.0,0.0,true,false,S2-264002982,source2
S1-342754464,4,0,0,0,0,0.0,0.0,0.0,true,false,S3-596418053,source3
S1-342757837,1,0,0,0,0,0.0,0.0,0.0,true,false,S2-994296522,source2
S1-34284413,33,0,0,0,0,0.0,0.0,0.0,true,false,S3-447197709,source3
S1-342917802,54,0,0,0,0,0.0081,0.0001,0.008,true,false,S3-468811941,source3
S1-343073005,1,0,0,0,0,0.0,0.0,0.0,true,false,S2-370041642,source2
S1-343224704,3,0,0,0,0,0.0001,0.0001,0.0,true,false,S2-146831993,source2
S1-343240123,1,0,0,0,0,0.0001,0.0,0.0001,true,false,S2-967974285,source2
S1-343454703,3,0,0,0,0,0.0,0.0,0.0,true,false,S2-302055763,source2
S1-343554075,1,0,0,0,0,0.0,0.0,0.0,true,false,S3-656155075,source3
S1-343625826,1,0,0,0,0,0.0,0.0,0.0,true,false,S3-570433325,source3
S1-343655267,1,1,1,1,1,0.9975,0.0,0.9975,false,true,S2-427100206,source2
S1-343732388,42,0,0,0,0,0.0,0.0,0.0,true,false,S2-954365821,source2
S1-343735204,1,0,0,0,0,0.0,0.0,0.0,true,false,S3-821296190,source3
S1-34374922,3,0,0,0,0,0.0,0.0,0.0,true,false,S3-505380055,source3
S1-343809867,4,0,0,0,0,0.0001,0.0,0.0001,true,false,S3-403947906,source3
S1-343832749,42,0,0,0,0,0.0,0.0,0.0,true,false,S3-910070615,source3
S1-343880827,2,0,0,0,0,0.0056,0.0,0.0056,true,false,S2-463777398,source2
S1-344176134,4,0,0,0,0,0.0,0.0,0.0,true,false,S2-182510296,source2
S1-344218774,21,0,0,0,0,0.0,0.0,0.0,true,false,S2-767018785,source2
S1-344332796,52,0,0,0,0,0.0,0.0,0.0,true,false,S3-106600639,source3
S1-344392670,1,0,0,0,0,0.0,0.0,0.0,true,false,S3-911533374,source3
S1-344457671,1,0,0,0,0,0.0,0.0,0.0,true,false,S3-57329269,source3
S1-344544157,42,0,0,0,0,0.0,0.0,0.0,true,false,S2-618912706,source2
S1-344557977,38,0,0,0,0,0.0,0.0,0.0,true,false,S3-140078256,source3
S1-344826775,1,1,1,1,1,0.9992,0.0,0.9992,false,true,S3-650041498,source3
S1-345069188,1,0,0,0,0,0.0,0.0,0.0,true,false,S3-180016500,source3
S1-345090967,1,0,0,0,0,0.0,0.0,0.0,true,false,S3-173360661,source3
S1-345195668,2,1,1,1,1,0.9996,0.0,0.9996,false,true,S3-3726720,source3
S1-345196819,1,0,0,0,0,0.0,0.0,0.0,true,false,S2-457624037,source2
S1-345468699,29,0,0,0,0,0.0,0.0,0.0,true,false,S3-545360116,source3
S1-345476861,47,0,0,0,0,0.0,0.0,0.0,true,false,S2-444526166,source2
S1-345806596,2,0,0,0,0,0.0001,0.0,0.0001,true,false,S2-398785897,source2
S1-345818850,49,0,0,0,0,0.0,0.0,0.0,true,false,S3-264341853,source3
S1-346159233,61,0,0,0,0,0.0,0.0,0.0,true,false,S3-364405422,source3
S1-346270459,35,0,0,0,0,0.0,0.0,0.0,true,false,S2-330871054,source2
S1-346332257,1,0,0,0,0,0.0,0.0,0.0,true,false,S3-859829791,source3
S1-346603579,1,0,0,0,0,0.0,0.0,0.0,true,false,S2-66236312,source2
S1-346706931,3,0,0,0,0,0.0001,0.0001,0.0,true,false,S2-617563018,source2
S1-346712475,2,0,0,0,0,0.0,0.0,0.0,true,false,S3-311870926,source3
S1-346808265,2,0,0,0,0,0.0002,0.0001,0.0001,true,false,S2-496853651,source2
S1-346847816,1,0,0,0,0,0.0004,0.0,0.0004,true,false,S3-779940792,source3
S1-346880617,2,0,0,0,0,0.0,0.0,0.0,true,false,S3-542888329,source3
S1-346903037,35,0,0,0,0,0.0741,0.0,0.0741,true,false,S2-904249559,source2
S1-346929118,1,0,0,0,0,0.0,0.0,0.0,true,false,S3-695968519,source3
S1-346997887,1,0,0,0,0,0.0,0.0,0.0,true,false,S2-173949794,source2
S1-347127059,1,0,0,0,0,0.0,0.0,0.0,true,false,S3-834328940,source3
S1-347171620,7,0,0,0,0,0.0,0.0,0.0,true,false,S2-819390000,source2
S1-347335315,35,0,0,0,0,0.0,0.0,0.0,true,false,S3-176948302,source3
S1-347494185,1,0,0,0,0,0.0,0.0,0.0,true,false,S2-685583583,source2
S1-347732055,5,0,0,0,0,0.0,0.0,0.0,true,false,S2-72500027,source2
S1-347739005,1,0,0,0,0,0.0,0.0,0.0,true,false,S3-631671911,source3
S1-347810080,2,0,0,0,0,0.0,0.0,0.0,true,false,S3-536159866,source3
S1-347845994,2,0,0,0,0,0.0924,0.0,0.0924,true,false,S2-637816415,source2
S1-347869791,32,1,0,0,0,0.6588,0.0,0.6588,false,true,S3-944225630,source3
S1-347975206,1,0,0,0,0,0.0,0.0,0.0,true,false,S2-527812446,source2
S1-348046506,1,0,0,0,0,0.0,0.0,0.0,true,false,S2-681269914,source2
S1-348316765,68,0,0,0,0,0.0,0.0,0.0,true,false,S2-315369899,source2
S1-348329916,3,0,0,0,0,0.0001,0.0,0.0001,true,false,S2-866360766,source2
S1-348539033,1,0,0,0,0,0.0,0.0,0.0,true,false,S2-50216493,source2
S1-348673679,1,0,0,0,0,0.0,0.0,0.0,true,false,S3-421873440,source3
S1-348707263,15,0,0,0,0,0.0002,0.0002,0.0,true,false,S2-520253682,source2
S1-348715776,1,0,0,0,0,0.0,0.0,0.0,true,false,S2-741940589,source2
S1-34880354,1,0,0,0,0,0.0,0.0,0.0,true,false,S3-365341511,source3
S1-348848700,1,0,0,0,0,0.0,0.0,0.0,true,false,S3-615739316,source3
S1-348857154,9,0,0,0,0,0.0002,0.0,0.0002,true,false,S3-702293240,source3
S1-348864266,24,0,0,0,0,0.0,0.0,0.0,true,false,S2-798828414,source2
S1-348876940,1,0,0,0,0,0.0,0.0,0.0,true,false,S3-709278874,source3
S1-348914051,1,0,0,0,0,0.0001,0.0,0.0001,true,false,S3-798174717,source3
S1-349027619,1,0,0,0,0,0.0,0.0,0.0,true,false,S3-31134648,source3
S1-349307303,1,0,0,0,0,0.0001,0.0,0.0001,true,false,S3-926127324,source3
S1-349382822,58,0,0,0,0,0.0,0.0,0.0,true,false,S2-688094227,source2
S1-34942285,8,0,0,0,0,0.0,0.0,0.0,true,false,S3-979728030,source3
S1-349442534,3,0,0,0,0,0.0001,0.0,0.0,true,false,S2-159679202,source2
S1-349466237,11,0,0,0,0,0.0,0.0,0.0,true,false,S2-593694466,source2
S1-349516029,1,1,1,1,1,0.9991,0.0,0.9991,false,true,S3-29027285,source3
S1-34957343,1,0,0,0,0,0.0,0.0,0.0,true,false,S2-686944656,source2
S1-349619502,2,2,2,2,2,0.9934,0.9736,0.0198,false,true,S2-483453128,source2
S1-34963284,9,0,0,0,0,0.0,0.0,0.0,true,false,S3-665047047,source3
S1-349655389,55,0,0,0,0,0.0001,0.0,0.0001,true,false,S2-318549762,source2
S1-349691915,55,0,0,0,0,0.0047,0.0008,0.0039,true,false,S2-646353252,source2
S1-349719765,7,0,0,0,0,0.0006,0.0,0.0005,true,false,S3-294495427,source3
S1-349873839,3,0,0,0,0,0.0001,0.0001,0.0,true,false,S3-718476277,source3
S1-349954282,1,0,0,0,0,0.0,0.0,0.0,true,false,S3-844747248,source3
S1-349995065,1,0,0,0,0,0.0,0.0,0.0,true,false,S2-50449113,source2
S1-350053232,32,0,0,0,0,0.0,0.0,0.0,true,false,S3-273473142,source3
S1-350057104,113,1,1,1,1,0.9989,0.0,0.9989,false,true,S2-542402013,source2
S1-350177818,54,0,0,0,0,0.0001,0.0001,0.0,true,false,S3-553426562,source3
S1-350245409,1,0,0,0,0,0.0,0.0,0.0,true,false,S2-677710605,source2
S1-350246090,1,0,0,0,0,0.0,0.0,0.0,true,false,S3-783462106,source3
S1-350248363,2,0,0,0,0,0.0002,0.0001,0.0,true,false,S2-124045065,source2
S1-3503357,30,0,0,0,0,0.0,0.0,0.0,true,false,S3-624871235,source3
S1-350438578,1,0,0,0,0,0.2263,0.0,0.2263,true,false,S2-336677715,source2
S1-350539444,42,0,0,0,0,0.0,0.0,0.0,true,false,S2-560449715,source2
S1-350653193,1,0,0,0,0,0.0,0.0,0.0,true,false,S3-357534361,source3
S1-350725055,36,0,0,0,0,0.0,0.0,0.0,true,false,S2-126411084,source2
S1-350745988,1,1,1,1,1,0.9994,0.0,0.9994,false,true,S2-259955828,source2
S1-350761494,2,0,0,0,0,0.0,0.0,0.0,true,false,S2-214430438,source2
S1-350848545,2,0,0,0,0,0.0,0.0,0.0,true,false,S3-554003357,source3
S1-350926018,3,0,0,0,0,0.0004,0.0001,0.0004,true,false,S2-55378143,source2
S1-351260779,1,0,0,0,0,0.0001,0.0,0.0001,true,false,S2-2567647,source2
S1-351316088,35,0,0,0,0,0.0,0.0,0.0,true,false,S2-745454428,source2
S1-351358518,1,0,0,0,0,0.0,0.0,0.0,true,false,S2-530123100,source2
S1-351560014,1,1,1,1,1,0.9993,0.0,0.9993,false,true,S2-839832258,source2
S1-351596920,11,0,0,0,0,0.1246,0.0001,0.1245,true,false,S2-246142078,source2
S1-351763104,3,1,0,0,0,0.3292,0.0,0.3292,false,true,S3-596642475,source3
S1-351907983,1,1,1,1,1,0.9997,0.0,0.9997,false,true,S2-94964955,source2
S1-351910100,3,0,0,0,0,0.0001,0.0,0.0001,true,false,S2-263085427,source2
S1-351942726,42,0,0,0,0,0.0,0.0,0.0,true,false,S2-107389460,source2
S1-352047459,38,0,0,0,0,0.0,0.0,0.0,true,false,S2-799765652,source2
S1-352182832,29,0,0,0,0,0.0,0.0,0.0,true,false,S3-178548895,source3
S1-352234501,1,0,0,0,0,0.0,0.0,0.0,true,false,S3-180748344,source3
S1-352282270,1,0,0,0,0,0.0,0.0,0.0,true,false,S2-65360588,source2
S1-352328499,1,0,0,0,0,0.0,0.0,0.0,true,false,S3-420932765,source3
S1-352587298,57,0,0,0,0,0.0002,0.0,0.0002,true,false,S3-942277224,source3
S1-352754494,3,1,1,1,1,0.9867,0.0,0.9867,false,true,S3-864343612,source3
S1-352812316,2,1,1,1,1,0.9951,0.0,0.995,false,true,S2-309311421,source2
S1-352888977,29,0,0,0,0,0.0,0.0,0.0,true,false,S3-863463356,source3
S1-353020576,1,0,0,0,0,0.0,0.0,0.0,true,false,S2-540216733,source2
S1-353027107,3,0,0,0,0,0.0,0.0,0.0,true,false,S3-864382544,source3
S1-353086241,6,0,0,0,0,0.0,0.0,0.0,true,false,S2-215453955,source2
S1-353198980,2,0,0,0,0,0.0,0.0,0.0,true,false,S2-925493581,source2
S1-353289182,7,0,0,0,0,0.0,0.0,0.0,true,false,S2-512897094,source2
S1-353460330,5,1,1,1,1,0.9995,0.0001,0.9994,false,true,S2-445877107,source2
S1-353671845,2,0,0,0,0,0.0,0.0,0.0,true,false,S3-275349290,source3
S1-353716831,1,0,0,0,0,0.0,0.0,0.0,true,false,S2-263916092,source2
S1-353973249,1,0,0,0,0,0.0,0.0,0.0,true,false,S3-775058013,source3
S1-354035363,4,0,0,0,0,0.0012,0.0003,0.0009,true,false,S2-262225869,source2
S1-354050429,2,0,0,0,0,0.0,0.0,0.0,true,false,S2-829200043,source2
S1-354164983,2,0,0,0,0,0.0,0.0,0.0,true,false,S3-969117407,source3
S1-354336647,57,0,0,0,0,0.0,0.0,0.0,true,false,S3-558190817,source3
S1-354470254,11,0,0,0,0,0.0,0.0,0.0,true,false,S2-25136748,source2
S1-354470429,5,0,0,0,0,0.0036,0.0,0.0036,true,false,S2-148077185,source2
S1-354653934,57,0,0,0,0,0.0,0.0,0.0,true,false,S3-192303305,source3
S1-354854032,2,0,0,0,0,0.0,0.0,0.0,true,false,S2-459018782,source2
S1-354906174,6,0,0,0,0,0.0,0.0,0.0,true,false,S3-899736727,source3
S1-354923265,1,0,0,0,0,0.0001,0.0,0.0001,true,false,S3-795565060,source3
S1-355053030,2,0,0,0,0,0.0001,0.0,0.0001,true,false,S3-855606547,source3
S1-355110377,4,0,0,0,0,0.0165,0.0,0.0165,true,false,S3-764890549,source3
S1-355223652,39,0,0,0,0,0.0,0.0,0.0,true,false,S3-538295203,source3
S1-355266439,2,0,0,0,0,0.0002,0.0,0.0002,true,false,S2-818865818,source2
S1-355277112,1,0,0,0,0,0.0,0.0,0.0,true,false,S3-87709619,source3
S1-35532917,1,0,0,0,0,0.0,0.0,0.0,true,false,S3-637863320,source3
S1-355337487,44,0,0,0,0,0.0001,0.0,0.0,true,false,S3-32936956,source3
S1-355360961,4,0,0,0,0,0.0001,0.0,0.0,true,false,S2-269978206,source2
S1-35538771,1,1,1,1,1,0.9955,0.0,0.9955,false,true,S2-838012558,source2
S1-355398236,42,0,0,0,0,0.1179,0.0,0.1179,true,false,S2-621450423,source2
S1-355646057,1,0,0,0,0,0.0,0.0,0.0,true,false,S3-833399566,source3
S1-355685907,1,0,0,0,0,0.0432,0.0,0.0432,true,false,S2-770407575,source2
S1-355821652,56,0,0,0,0,0.0,0.0,0.0,true,false,S2-718211251,source2
S1-356008572,1,0,0,0,0,0.0001,0.0,0.0001,true,false,S3-817108542,source3
S1-356164671,2,0,0,0,0,0.0001,0.0,0.0001,true,false,S3-257913840,source3
S1-356185285,1,0,0,0,0,0.0,0.0,0.0,true,false,S3-329372808,source3
S1-356244987,83,0,0,0,0,0.0001,0.0001,0.0,true,false,S3-113654250,source3
S1-356262946,2,0,0,0,0,0.0,0.0,0.0,true,false,S2-778909210,source2
S1-356281146,3,0,0,0,0,0.0,0.0,0.0,true,false,S3-126470686,source3
S1-356342667,2,0,0,0,0,0.0,0.0,0.0,true,false,S2-129637001,source2
S1-356372387,1,0,0,0,0,0.0,0.0,0.0,true,false,S2-996914301,source2
S1-35653283,1,1,1,1,1,0.9989,0.0,0.9989,false,true,S2-856653361,source2
S1-356563831,2,0,0,0,0,0.0268,0.0,0.0267,true,false,S3-633771481,source3
S1-356718920,2,0,0,0,0,0.0,0.0,0.0,true,false,S3-312876911,source3
S1-356831357,1,0,0,0,0,0.0,0.0,0.0,true,false,S2-803111569,source2
S1-357079669,39,0,0,0,0,0.0,0.0,0.0,true,false,S3-155186214,source3
S1-357140726,1,1,0,0,0,0.386,0.0,0.386,false,true,S2-352986236,source2
S1-357182162,2,0,0,0,0,0.0,0.0,0.0,true,false,S3-886688931,source3
S1-357200984,52,0,0,0,0,0.0001,0.0001,0.0,true,false,S2-611353371,source2
S1-357298983,1,0,0,0,0,0.0,0.0,0.0,true,false,S3-582070421,source3
S1-357344139,4,0,0,0,0,0.0001,0.0001,0.0,true,false,S3-125845903,source3
S1-357359813,58,0,0,0,0,0.0,0.0,0.0,true,false,S2-148466906,source2
S1-357362739,2,0,0,0,0,0.0,0.0,0.0,true,false,S3-111429027,source3
S1-357473227,30,0,0,0,0,0.0,0.0,0.0,true,false,S2-996419689,source2
S1-357489421,2,0,0,0,0,0.0008,0.0001,0.0007,true,false,S2-817188751,source2
S1-357629838,1,0,0,0,0,0.0,0.0,0.0,true,false,S2-240214442,source2
S1-357659361,49,0,0,0,0,0.0,0.0,0.0,true,false,S2-718505651,source2
S1-3577857,22,0,0,0,0,0.0,0.0,0.0,true,false,S3-307817496,source3
S1-357864385,2,0,0,0,0,0.0,0.0,0.0,true,false,S3-145008714,source3
S1-357976812,1,0,0,0,0,0.0,0.0,0.0,true,false,S2-8863771,source2
S1-357989017,49,0,0,0,0,0.0,0.0,0.0,true,false,S3-594795887,source3
S1-358037659,3,0,0,0,0,0.0,0.0,0.0,true,false,S2-419719451,source2
S1-358150651,2,0,0,0,0,0.0,0.0,0.0,true,false,S2-215525554,source2
S1-358230521,5,1,0,0,0,0.0714,0.0001,0.0713,false,true,S3-906943281,source3
S1-358274818,43,0,0,0,0,0.0,0.0,0.0,true,false,S3-801955850,source3
S1-358299579,1,0,0,0,0,0.0,0.0,0.0,true,false,S3-113032547,source3
S1-358470537,2,0,0,0,0,0.0,0.0,0.0,true,false,S2-408845232,source2
S1-358594887,53,0,0,0,0,0.0,0.0,0.0,true,false,S3-138828927,source3
S1-358609166,4,0,0,0,0,0.0,0.0,0.0,true,false,S3-158254065,source3
S1-358618259,27,0,0,0,0,0.0,0.0,0.0,true,false,S3-517348598,source3
S1-359057177,39,0,0,0,0,0.0,0.0,0.0,true,false,S3-67302678,source3
S1-359147896,29,0,0,0,0,0.0,0.0,0.0,true,false,S3-565918292,source3
S1-359153312,1,1,1,1,1,0.991,0.0,0.991,false,true,S2-733682255,source2
S1-359322890,2,0,0,0,0,0.0,0.0,0.0,true,false,S3-330875150,source3
S1-359385443,40,0,0,0,0,0.0,0.0,0.0,true,false,S3-410828744,source3
S1-359497386,48,0,0,0,0,0.0,0.0,0.0,true,false,S3-322476420,source3
S1-359602399,40,0,0,0,0,0.0,0.0,0.0,true,false,S3-194971113,source3
S1-359789353,89,0,0,0,0,0.0003,0.0001,0.0002,true,false,S2-788704650,source2
S1-359805448,41,0,0,0,0,0.0,0.0,0.0,true,false,S3-950288857,source3
S1-359874179,47,0,0,0,0,0.0,0.0,0.0,true,false,S2-75752139,source2
S1-359908548,3,0,0,0,0,0.0001,0.0,0.0001,true,false,S2-921773883,source2
S1-360029669,1,0,0,0,0,0.0002,0.0,0.0002,true,false,S3-659591856,source3
S1-36015006,1,0,0,0,0,0.0,0.0,0.0,true,false,S3-479542506,source3
S1-360151651,1,0,0,0,0,0.0,0.0,0.0,true,false,S2-741120842,source2
S1-36017704,3,0,0,0,0,0.0,0.0,0.0,true,false,S2-961133043,source2
S1-360188878,33,0,0,0,0,0.0,0.0,0.0,true,false,S2-598068208,source2
S1-360264309,1,0,0,0,0,0.0,0.0,0.0,true,false,S2-81292066,source2
S1-360282989,54,0,0,0,0,0.0,0.0,0.0,true,false,S3-403795931,source3
S1-36037350,72,0,0,0,0,0.0,0.0,0.0,true,false,S2-317785995,source2
S1-360468314,2,0,0,0,0,0.0,0.0,0.0,true,false,S2-460585657,source2
S1-360471795,35,0,0,0,0,0.0001,0.0,0.0,true,false,S3-731695132,source3
S1-360728475,1,0,0,0,0,0.0,0.0,0.0,true,false,S2-931237564,source2
S1-360815642,1,0,0,0,0,0.0001,0.0,0.0001,true,false,S2-806763914,source2
S1-360864472,1,0,0,0,0,0.0,0.0,0.0,true,false,S2-566621691,source2
S1-36093778,1,0,0,0,0,0.0,0.0,0.0,true,false,S3-364824093,source3
S1-36096672,21,0,0,0,0,0.0,0.0,0.0,true,false,S2-767018785,source2
S1-361053681,33,0,0,0,0,0.0001,0.0,0.0,true,false,S2-372677221,source2
S1-361099555,1,0,0,0,0,0.0,0.0,0.0,true,false,S3-22509452,source3
S1-361107169,38,0,0,0,0,0.0,0.0,0.0,true,false,S2-714077903,source2
S1-361145923,1,0,0,0,0,0.0018,0.0,0.0018,true,false,S2-950430083,source2
S1-361229167,1,0,0,0,0,0.0,0.0,0.0,true,false,S2-192355332,source2
S1-361268532,1,0,0,0,0,0.0,0.0,0.0,true,false,S3-485472794,source3
S1-361293336,5,0,0,0,0,0.0001,0.0,0.0,true,false,S3-32741443,source3
S1-361536701,2,0,0,0,0,0.0001,0.0,0.0001,true,false,S3-755254569,source3
S1-36159177,15,0,0,0,0,0.0003,0.0001,0.0002,true,false,S2-856737482,source2
S1-361609987,3,0,0,0,0,0.0005,0.0001,0.0004,true,false,S2-556068660,source2
S1-361634916,14,0,0,0,0,0.0001,0.0001,0.0,true,false,S2-24216314,source2
S1-361650761,2,0,0,0,0,0.0,0.0,0.0,true,false,S3-630945713,source3
S1-361656122,54,0,0,0,0,0.0001,0.0,0.0001,true,false,S2-273295969,source2
S1-361667968,83,0,0,0,0,0.0001,0.0,0.0,true,false,S2-571364614,source2
S1-361726032,1,1,1,1,1,0.9521,0.0,0.9521,false,true,S2-99593648,source2
S1-361804398,1,0,0,0,0,0.0,0.0,0.0,true,false,S2-472979809,source2
S1-361807552,56,0,0,0,0,0.0001,0.0001,0.0,true,false,S3-175699829,source3
S1-361876224,39,0,0,0,0,0.0006,0.0,0.0006,true,false,S3-472344833,source3
S1-361881612,1,0,0,0,0,0.0,0.0,0.0,true,false,S2-944271494,source2
S1-361931403,1,0,0,0,0,0.0,0.0,0.0,true,false,S3-301042091,source3
S1-362007759,38,0,0,0,0,0.0,0.0,0.0,true,false,S3-411328104,source3
S1-362108896,2,0,0,0,0,0.034,0.0,0.034,true,false,S2-697687581,source2
S1-362190558,36,0,0,0,0,0.0,0.0,0.0,true,false,S2-66924417,source2
S1-362192213,1,0,0,0,0,0.0,0.0,0.0,true,false,S3-668701279,source3
S1-362378520,1,0,0,0,0,0.0,0.0,0.0,true,false,S2-991178612,source2
S1-362498466,45,0,0,0,0,0.0,0.0,0.0,true,false,S2-818736016,source2
S1-362520,1,1,1,1,1,0.997,0.0,0.997,false,true,S3-75956123,source3
S1-362533881,23,0,0,0,0,0.0237,0.0106,0.0132,true,false,S3-63397996,source3
S1-362628357,34,0,0,0,0,0.0,0.0,0.0,true,false,S2-408616163,source2
S1-362629018,45,0,0,0,0,0.0,0.0,0.0,true,false,S3-272368498,source3
S1-362747730,4,0,0,0,0,0.0007,0.0002,0.0004,true,false,S2-806945385,source2
S1-36275937,4,0,0,0,0,0.0,0.0,0.0,true,false,S2-642932337,source2
S1-362773825,1,0,0,0,0,0.0,0.0,0.0,true,false,S3-340365120,source3
S1-362880192,2,0,0,0,0,0.0,0.0,0.0,true,false,S2-204172845,source2
S1-362939588,1,0,0,0,0,0.0002,0.0,0.0002,true,false,S2-793906449,source2
S1-363034612,43,0,0,0,0,0.0,0.0,0.0,true,false,S3-171256192,source3
S1-363099334,2,0,0,0,0,0.0001,0.0,0.0001,true,false,S2-509060089,source2
S1-363200816,40,0,0,0,0,0.0,0.0,0.0,true,false,S2-692254603,source2
S1-363309529,49,0,0,0,0,0.0,0.0,0.0,true,false,S2-549545074,source2
S1-363457239,1,0,0,0,0,0.0,0.0,0.0,true,false,S3-454796664,source3
S1-363546341,2,0,0,0,0,0.0,0.0,0.0,true,false,S3-364883246,source3
S1-363742101,39,0,0,0,0,0.0,0.0,0.0,true,false,S3-865797162,source3
S1-363841941,3,0,0,0,0,0.0,0.0,0.0,true,false,S2-180031892,source2
S1-363886975,3,0,0,0,0,0.0,0.0,0.0,true,false,S3-481086173,source3
S1-364157150,1,0,0,0,0,0.0,0.0,0.0,true,false,S2-85937839,source2
S1-364278564,3,0,0,0,0,0.0001,0.0001,0.0,true,false,S3-155952476,source3
S1-364293408,18,0,0,0,0,0.0,0.0,0.0,true,false,S3-631960178,source3
S1-364392897,1,0,0,0,0,0.0,0.0,0.0,true,false,S3-866050418,source3
S1-364434072,1,0,0,0,0,0.0,0.0,0.0,true,false,S2-472979809,source2
S1-364462128,22,0,0,0,0,0.0009,0.0,0.0009,true,false,S2-57529012,source2
S1-364465270,2,0,0,0,0,0.0001,0.0,0.0001,true,false,S3-888737799,source3
S1-364594773,1,0,0,0,0,0.0,0.0,0.0,true,false,S2-441247451,source2
S1-364720641,71,0,0,0,0,0.0,0.0,0.0,true,false,S2-216233158,source2
S1-36484584,10,0,1,0,0,0.846,0.002,0.8439,true,false,S3-783976490,source3
S1-364885957,89,0,0,0,0,0.0,0.0,0.0,true,false,S2-43651660,source2
S1-364923668,1,0,0,0,0,0.0,0.0,0.0,true,false,S2-898637428,source2
S1-364949756,11,0,0,0,0,0.0,0.0,0.0,true,false,S3-278467857,source3
S1-364951364,58,0,0,0,0,0.0,0.0,0.0,true,false,S3-764577581,source3
S1-365151017,1,0,0,0,0,0.0,0.0,0.0,true,false,S2-241944951,source2
S1-36550396,3,0,0,0,0,0.0,0.0,0.0,true,false,S2-455695342,source2
S1-365527952,1,0,0,0,0,0.0,0.0,0.0,true,false,S3-109104138,source3
S1-365546572,1,0,0,0,0,0.0,0.0,0.0,true,false,S3-235028797,source3
S1-365582998,48,0,0,0,0,0.0,0.0,0.0,true,false,S3-401129624,source3
S1-365587563,49,0,0,0,0,0.0,0.0,0.0,true,false,S2-342712833,source2
S1-365672071,3,0,0,0,0,0.0,0.0,0.0,true,false,S2-48250916,source2
S1-365713937,3,0,0,0,0,0.0,0.0,0.0,true,false,S3-236303015,source3
S1-365889898,81,0,0,0,0,0.0,0.0,0.0,true,false,S3-399364503,source3
S1-365905493,1,0,0,0,0,0.0,0.0,0.0,true,false,S2-127203177,source2
S1-366068020,1,0,0,0,0,0.0,0.0,0.0,true,false,S2-463089238,source2
S1-366101809,3,0,0,0,0,0.0,0.0,0.0,true,false,S3-442494994,source3
S1-366224146,1,0,0,0,0,0.0,0.0,0.0,true,false,S2-403116641,source2
S1-366266146,48,0,0,0,0,0.0002,0.0,0.0001,true,false,S2-445599893,source2
S1-366279397,38,0,0,0,0,0.0,0.0,0.0,true,false,S2-543459874,source2
S1-366459956,1,0,0,0,0,0.0,0.0,0.0,true,false,S3-95594956,source3
S1-366487131,1,0,0,0,0,0.0,0.0,0.0,true,false,S2-262152130,source2
S1-366679144,32,0,0,0,0,0.0003,0.0,0.0003,true,false,S3-466997673,source3
S1-366735642,1,0,0,0,0,0.0,0.0,0.0,true,false,S3-976479800,source3
S1-366879876,1,0,0,0,0,0.2588,0.0,0.2588,true,false,S2-811584600,source2
S1-366921433,1,0,0,0,0,0.0,0.0,0.0,true,false,S2-424085363,source2
S1-366969181,2,0,0,0,0,0.0,0.0,0.0,true,false,S3-357359611,source3
S1-367104125,1,0,0,0,0,0.0,0.0,0.0,true,false,S2-332247449,source2
S1-367148113,1,0,0,0,0,0.0,0.0,0.0,true,false,S3-553102403,source3
S1-367149047,1,0,0,0,0,0.0,0.0,0.0,true,false,S3-695514104,source3
S1-367288519,1,0,0,0,0,0.016,0.0,0.016,true,false,S2-917404443,source2
S1-367299643,6,0,0,0,0,0.0003,0.0001,0.0003,true,false,S2-132513427,source2
S1-367338239,9,0,0,0,0,0.0001,0.0,0.0001,true,false,S2-247610312,source2
S1-367376720,1,0,0,0,0,0.0,0.0,0.0,true,false,S3-208645402,source3
S1-36737786,25,1,1,1,1,0.9973,0.0,0.9973,false,true,S3-44604071,source3
S1-367503338,1,0,0,0,0,0.0,0.0,0.0,true,false,S3-536659198,source3
S1-367518615,1,0,0,0,0,0.0005,0.0,0.0005,true,false,S3-766076776,source3
S1-367749530,1,1,1,1,1,0.9998,0.0,0.9998,false,true,S3-610621113,source3
S1-367793476,1,0,0,0,0,0.0,0.0,0.0,true,false,S3-596029979,source3
S1-367812312,4,1,1,1,1,0.999,0.0,0.999,false,true,S2-712638630,source2
S1-367817606,13,0,0,0,0,0.0,0.0,0.0,true,false,S3-409841382,source3
S1-36782454,3,0,0,0,0,0.0,0.0,0.0,true,false,S2-766699981,source2
S1-36794836,2,0,0,0,0,0.018,0.0,0.018,true,false,S2-31736762,source2
S1-368112409,18,0,0,0,0,0.0,0.0,0.0,true,false,S2-387717372,source2
S1-368121288,4,0,0,0,0,0.0001,0.0,0.0001,true,false,S2-618727098,source2
S1-368139457,1,0,0,0,0,0.0,0.0,0.0,true,false,S2-81292066,source2
S1-368242594,9,0,0,0,0,0.0,0.0,0.0,true,false,S2-879526870,source2
S1-368300999,45,0,0,0,0,0.0,0.0,0.0,true,false,S3-384492697,source3
S1-36835517,3,1,1,1,1,0.9998,0.0,0.9998,false,true,S2-897712063,source2
S1-368415405,4,0,0,0,0,0.0001,0.0,0.0001,true,false,S2-222415382,source2
S1-368518605,36,0,0,0,0,0.0001,0.0,0.0,true,false,S2-397641530,source2
S1-368557784,2,0,0,0,0,0.0,0.0,0.0,true,false,S3-259421666,source3
S1-368703242,6,0,0,0,0,0.035,0.0,0.035,true,false,S3-778881900,source3
S1-368846142,1,0,0,0,0,0.0,0.0,0.0,true,false,S2-977117507,source2
S1-368864110,1,1,0,0,0,0.4686,0.0,0.4686,false,true,S2-325414419,source2
S1-368903247,1,0,0,0,0,0.0001,0.0,0.0001,true,false,S3-414858186,source3
S1-368948304,2,0,0,0,0,0.0,0.0,0.0,true,false,S3-268892993,source3
S1-369102598,1,0,0,0,0,0.0,0.0,0.0,true,false,S3-967752461,source3
S1-369192608,3,0,0,0,0,0.0,0.0,0.0,true,false,S2-202502622,source2
S1-369435735,53,0,0,0,0,0.0,0.0,0.0,true,false,S2-442713178,source2
S1-369710074,1,1,0,0,0,0.1692,0.0,0.1692,false,true,S2-305071473,source2
S1-369748512,1,1,1,1,1,0.9978,0.0,0.9978,false,true,S3-632129880,source3
S1-369859179,44,0,0,0,0,0.0,0.0,0.0,true,false,S3-843459719,source3
S1-369909947,4,0,0,0,0,0.0088,0.001,0.0078,true,false,S2-612994767,source2
S1-369922665,2,0,0,0,0,0.0001,0.0,0.0,true,false,S3-164878073,source3
S1-369951089,7,0,0,0,0,0.0003,0.0001,0.0002,true,false,S2-356605292,source2
S1-36999801,38,0,0,0,0,0.0,0.0,0.0,true,false,S3-801904977,source3
S1-370087413,1,1,0,0,0,0.1509,0.0,0.1509,false,true,S3-785037759,source3
S1-370106250,2,0,0,0,0,0.0,0.0,0.0,true,false,S2-356314385,source2
S1-370134144,3,0,0,0,0,0.0018,0.0,0.0018,true,false,S2-699673694,source2
S1-370139396,38,0,0,0,0,0.0,0.0,0.0,true,false,S2-427165926,source2
S1-370234632,1,0,0,0,0,0.0,0.0,0.0,true,false,S2-348428910,source2
S1-370305562,54,0,0,0,0,0.0002,0.0002,0.0,true,false,S2-698359626,source2
S1-370397764,1,0,0,0,0,0.0,0.0,0.0,true,false,S2-715953003,source2
S1-370403107,1,0,0,0,0,0.0,0.0,0.0,true,false,S2-631642992,source2
S1-370427677,38,0,0,0,0,0.0,0.0,0.0,true,false,S2-138622990,source2
S1-370705889,23,0,0,0,0,0.0001,0.0,0.0001,true,false,S2-330186762,source2
S1-370715897,11,0,0,0,0,0.0001,0.0001,0.0001,true,false,S2-417443887,source2
S1-370797131,3,0,0,0,0,0.0,0.0,0.0,true,false,S3-245523100,source3
S1-370834775,37,0,0,0,0,0.0001,0.0,0.0,true,false,S3-359003990,source3
S1-371134787,1,0,0,0,0,0.0,0.0,0.0,true,false,S2-865286567,source2
S1-371161042,2,0,0,0,0,0.0,0.0,0.0,true,false,S3-740718670,source3
S1-371172253,1,0,0,0,0,0.0,0.0,0.0,true,false,S3-359416129,source3
S1-371227242,1,0,0,0,0,0.0,0.0,0.0,true,false,S2-824072393,source2
S1-371254311,2,0,0,0,0,0.0001,0.0,0.0,true,false,S2-680625322,source2
S1-371337952,1,0,0,0,0,0.0,0.0,0.0,true,false,S3-269216249,source3
S1-371376761,17,0,0,0,0,0.0,0.0,0.0,true,false,S3-306690644,source3
S1-37152426,1,0,0,0,0,0.0,0.0,0.0,true,false,S2-433671139,source2
S1-371540331,1,0,0,0,0,0.003,0.0,0.003,true,false,S3-828129932,source3
S1-371543666,74,0,0,0,0,0.0001,0.0001,0.0,true,false,S3-807892069,source3
S1-371688824,1,0,0,0,0,0.0001,0.0,0.0001,true,false,S2-60689908,source2
S1-371892226,1,1,1,1,1,0.9972,0.0,0.9972,false,true,S2-180267271,source2
S1-371921195,1,0,0,0,0,0.0214,0.0,0.0214,true,false,S3-511183375,source3
S1-371940620,1,0,0,0,0,0.0,0.0,0.0,true,false,S2-928130977,source2
S1-371975648,3,0,0,0,0,0.0,0.0,0.0,true,false,S2-948339033,source2
S1-37213524,11,0,0,0,0,0.0001,0.0001,0.0,true,false,S2-997466736,source2
S1-372238878,48,0,0,0,0,0.0,0.0,0.0,true,false,S3-636354917,source3
S1-372332952,2,0,0,0,0,0.3505,0.0,0.3505,true,false,S2-188124334,source2
S1-372395061,5,2,1,1,1,0.9995,0.1308,0.8687,false,true,S2-16668956,source2
S1-372445289,1,0,0,0,0,0.0001,0.0,0.0001,true,false,S3-238740585,source3
S1-372494600,2,0,0,0,0,0.0002,0.0,0.0002,true,false,S2-349356046,source2
S1-37255821,1,1,0,0,0,0.005,0.0,0.005,false,true,S2-152268604,source2
S1-372842555,24,0,0,0,0,0.0,0.0,0.0,true,false,S2-423682649,source2
S1-372903225,1,0,0,0,0,0.0,0.0,0.0,true,false,S3-518670355,source3
S1-37290366,10,1,1,1,1,0.9993,0.0004,0.999,false,true,S2-419509015,source2
S1-372916611,3,0,0,0,0,0.0001,0.0,0.0001,true,false,S3-346799181,source3
S1-372920875,2,0,0,0,0,0.0,0.0,0.0,true,false,S2-990542239,source2
S1-372988332,36,0,0,0,0,0.0,0.0,0.0,true,false,S2-670992606,source2
S1-373053270,1,0,0,0,0,0.0,0.0,0.0,true,false,S3-903319181,source3
S1-373080792,3,0,0,0,0,0.0001,0.0,0.0,true,false,S3-865958996,source3
S1-373167744,1,1,1,1,1,0.9792,0.0,0.9792,false,true,S3-515540003,source3
S1-373171472,58,0,0,0,0,0.0001,0.0,0.0001,true,false,S2-496699968,source2
S1-373229278,3,0,0,0,0,0.0001,0.0,0.0,true,false,S3-599444605,source3
S1-3732976,31,0,0,0,0,0.0001,0.0,0.0,true,false,S2-174754063,source2
S1-373310107,2,0,0,0,0,0.0371,0.0002,0.0369,true,false,S2-283672521,source2
S1-373405845,22,0,0,0,0,0.0,0.0,0.0,true,false,S2-821104670,source2
S1-373426175,32,0,0,0,0,0.0,0.0,0.0,true,false,S3-445638797,source3
S1-373453017,2,0,0,0,0,0.0,0.0,0.0,true,false,S2-457853599,source2
S1-373507969,5,0,0,0,0,0.0,0.0,0.0,true,false,S3-585749228,source3
S1-373516102,1,0,0,0,0,0.0,0.0,0.0,true,false,S3-690591851,source3
S1-373576919,2,0,0,0,0,0.0266,0.0,0.0265,true,false,S2-164258942,source2
S1-373750443,11,0,0,0,0,0.0004,0.0,0.0004,true,false,S2-86582856,source2
S1-37376260,31,0,0,0,0,0.0,0.0,0.0,true,false,S2-863089527,source2
S1-373917752,3,0,0,0,0,0.0001,0.0,0.0001,true,false,S3-380385764,source3
S1-373957888,1,0,0,0,0,0.0,0.0,0.0,true,false,S3-994907783,source3
S1-373975447,4,0,0,0,0,0.0,0.0,0.0,true,false,S2-816414745,source2
S1-37403624,32,0,0,0,0,0.0,0.0,0.0,true,false,S3-664629547,source3
S1-374069803,13,0,0,0,0,0.0002,0.0002,0.0,true,false,S3-538855372,source3
S1-374072656,4,0,0,0,0,0.0001,0.0001,0.0,true,false,S3-207848669,source3
S1-374088570,2,0,0,0,0,0.0001,0.0,0.0,true,false,S2-263085427,source2
S1-374107867,1,0,0,0,0,0.0,0.0,0.0,true,false,S3-21038074,source3
S1-374130420,2,0,0,0,0,0.0,0.0,0.0,true,false,S3-52320509,source3
S1-374242157,58,0,0,0,0,0.0,0.0,0.0,true,false,S3-941045702,source3
S1-374366825,3,0,0,0,0,0.0,0.0,0.0,true,false,S2-461768041,source2
S1-374390270,2,0,0,0,0,0.0,0.0,0.0,true,false,S3-478314486,source3
S1-374482630,1,1,1,1,1,0.9999,0.0,0.9999,false,true,S2-383539909,source2
S1-374654283,33,0,0,0,0,0.0,0.0,0.0,true,false,S3-727344600,source3
S1-374669229,31,0,0,0,0,0.0001,0.0,0.0001,true,false,S2-459977237,source2
S1-374672567,15,0,0,0,0,0.0193,0.0006,0.0187,true,false,S2-670084831,source2
S1-374744491,39,0,0,0,0,0.0,0.0,0.0,true,false,S2-685362882,source2
S1-374894230,1,0,0,0,0,0.0001,0.0,0.0001,true,false,S3-163730901,source3
S1-374920705,44,0,0,0,0,0.0001,0.0001,0.0,true,false,S3-641519428,source3
S1-374992197,1,0,0,0,0,0.0,0.0,0.0,true,false,S2-927023028,source2
S1-375235689,2,0,0,0,0,0.0,0.0,0.0,true,false,S2-435618767,source2
S1-375429514,2,0,0,0,0,0.0,0.0,0.0,true,false,S3-87346044,source3
S1-375504380,63,0,0,0,0,0.0002,0.0002,0.0,true,false,S2-357901444,source2
S1-375549345,1,0,0,0,0,0.0,0.0,0.0,true,false,S2-403241433,source2
S1-375594747,36,0,0,0,0,0.0001,0.0001,0.0,true,false,S3-499494829,source3
S1-375595169,2,0,0,0,0,0.0,0.0,0.0,true,false,S2-4039140,source2
S1-375718440,1,0,0,0,0,0.0,0.0,0.0,true,false,S3-472910996,source3
S1-37574479,24,0,0,0,0,0.0,0.0,0.0,true,false,S2-329319605,source2
S1-375949831,3,0,0,0,0,0.0,0.0,0.0,true,false,S3-830360769,source3
S1-376016722,1,0,0,0,0,0.0,0.0,0.0,true,false,S3-910915524,source3
S1-376066357,1,0,0,0,0,0.0,0.0,0.0,true,false,S3-709910010,source3
S1-376155102,1,0,0,0,0,0.0,0.0,0.0,true,false,S3-642443627,source3
S1-376266466,3,0,0,0,0,0.0,0.0,0.0,true,false,S2-783742216,source2
S1-376517101,37,0,0,0,0,0.0,0.0,0.0,true,false,S3-784120060,source3
S1-376560554,1,0,0,0,0,0.0001,0.0,0.0001,true,false,S3-626329091,source3
S1-376582642,1,0,0,0,0,0.0,0.0,0.0,true,false,S2-16472767,source2
S1-376656562,1,0,0,0,0,0.0,0.0,0.0,true,false,S2-867556218,source2
S1-376804348,1,1,1,1,1,0.9942,0.0,0.9942,false,true,S2-437915677,source2
S1-376850763,1,0,0,0,0,0.0,0.0,0.0,true,false,S3-239958693,source3
S1-376882708,1,0,0,0,0,0.0,0.0,0.0,true,false,S2-789874976,source2
S1-376986445,29,0,0,0,0,0.0001,0.0001,0.0,true,false,S2-28325020,source2
S1-377035669,1,0,0,0,0,0.0,0.0,0.0,true,false,S2-705380566,source2
S1-377101770,3,0,0,0,0,0.0037,0.0001,0.0036,true,false,S2-981505082,source2
S1-377104130,3,0,0,0,0,0.0,0.0,0.0,true,false,S2-803730470,source2
S1-377106464,22,0,0,0,0,0.0,0.0,0.0,true,false,S3-194842431,source3
S1-377296618,2,2,2,2,2,0.998,0.9975,0.0005,false,true,S3-418800388,source3
S1-377404174,1,0,0,0,0,0.0,0.0,0.0,true,false,S3-511556004,source3
S1-377550942,1,0,0,0,0,0.0,0.0,0.0,true,false,S2-320983511,source2
S1-377673441,1,0,0,0,0,0.0,0.0,0.0,true,false,S2-969898742,source2
S1-377884642,17,0,0,0,0,0.0033,0.0001,0.0031,true,false,S3-935678671,source3
S1-377933426,4,0,0,0,0,0.0022,0.0001,0.0021,true,false,S3-82287242,source3
S1-377952925,17,0,0,0,0,0.0002,0.0001,0.0001,true,false,S3-175699829,source3
S1-378017103,2,0,0,0,0,0.0,0.0,0.0,true,false,S2-332903939,source2
S1-378062593,4,0,0,0,0,0.0002,0.0001,0.0001,true,false,S3-575704313,source3
S1-378164861,1,0,0,0,0,0.0,0.0,0.0,true,false,S2-686692091,source2
S1-378245327,56,0,0,0,0,0.0002,0.0001,0.0001,true,false,S2-474045012,source2
S1-378535168,29,0,0,0,0,0.0,0.0,0.0,true,false,S3-667917058,source3
S1-378596747,1,0,0,0,0,0.0,0.0,0.0,true,false,S3-28804484,source3
S1-378609926,3,0,0,0,0,0.0001,0.0001,0.0,true,false,S2-238789910,source2
S1-378627453,3,0,0,0,0,0.0,0.0,0.0,true,false,S3-49192487,source3
S1-378652653,44,0,0,0,0,0.0001,0.0,0.0001,true,false,S3-122308980,source3
S1-379377275,1,0,0,0,0,0.0,0.0,0.0,true,false,S3-664302610,source3
S1-379538520,25,0,0,0,0,0.041,0.0001,0.0408,true,false,S2-773980260,source2
S1-379639062,2,0,0,0,0,0.0002,0.0,0.0001,true,false,S2-118011429,source2
S1-379666361,1,0,0,0,0,0.0,0.0,0.0,true,false,S3-993557570,source3
S1-379692908,1,0,0,0,0,0.0,0.0,0.0,true,false,S2-737745236,source2
S1-379758065,1,0,0,0,0,0.0,0.0,0.0,true,false,S2-379529787,source2
S1-379766079,1,0,0,0,0,0.0,0.0,0.0,true,false,S2-11188369,source2
S1-379810738,2,0,0,0,0,0.0,0.0,0.0,true,false,S2-457914574,source2
S1-379861380,1,0,0,0,0,0.2516,0.0,0.2516,true,false,S3-171278423,source3
S1-379938906,69,0,0,0,0,0.0,0.0,0.0,true,false,S3-796479873,source3
S1-379992117,2,0,0,0,0,0.0001,0.0001,0.0,true,false,S3-553947782,source3
S1-380072062,2,0,0,0,0,0.0,0.0,0.0,true,false,S2-789048573,source2
S1-380091161,1,0,0,0,0,0.0,0.0,0.0,true,false,S3-817108542,source3
S1-380094562,1,0,0,0,0,0.0,0.0,0.0,true,false,S2-948542502,source2
S1-380239993,1,1,1,1,1,0.9996,0.0,0.9996,false,true,S2-949265502,source2
S1-380361549,1,0,0,0,0,0.0001,0.0,0.0001,true,false,S2-73062083,source2
S1-38041363,1,0,0,0,0,0.0,0.0,0.0,true,false,S3-676155791,source3
S1-38054397,7,0,0,0,0,0.0001,0.0001,0.0,true,false,S2-376939341,source2
S1-380738770,37,0,0,0,0,0.0004,0.0,0.0004,true,false,S2-196293551,source2
S1-380815670,1,0,0,0,0,0.0,0.0,0.0,true,false,S2-775168980,source2
S1-380850101,9,0,0,0,0,0.0001,0.0,0.0,true,false,S3-88881065,source3
S1-381056460,43,0,0,0,0,0.0,0.0,0.0,true,false,S2-871701984,source2
S1-381145050,4,0,0,0,0,0.0008,0.0001,0.0007,true,false,S3-432856949,source3
S1-381467240,1,0,0,0,0,0.0,0.0,0.0,true,false,S3-867788949,source3
S1-381751226,3,0,0,0,0,0.0001,0.0,0.0,true,false,S2-42160412,source2
S1-381780501,1,0,0,0,0,0.0,0.0,0.0,true,false,S2-797502171,source2
S1-381886853,1,0,0,0,0,0.0002,0.0,0.0002,true,false,S2-795595529,source2
S1-381916675,6,0,0,0,0,0.0001,0.0,0.0,true,false,S2-537529701,source2
S1-381940707,6,0,0,0,0,0.0001,0.0,0.0,true,false,S2-427517709,source2
S1-381974831,1,1,1,1,1,0.9757,0.0,0.9757,false,true,S3-343129189,source3
S1-382004207,1,0,0,0,0,0.0,0.0,0.0,true,false,S3-690417623,source3
S1-382019842,1,0,0,0,0,0.0,0.0,0.0,true,false,S3-204854711,source3
S1-382051329,4,0,0,0,0,0.0,0.0,0.0,true,false,S2-129769689,source2
S1-38205249,3,0,0,0,0,0.0,0.0,0.0,true,false,S3-608071155,source3
S1-38205362,3,0,0,0,0,0.0,0.0,0.0,true,false,S3-650922685,source3
S1-382072597,25,0,0,0,0,0.0,0.0,0.0,true,false,S3-377038246,source3
S1-382078641,1,0,0,0,0,0.0,0.0,0.0,true,false,S2-118469707,source2
S1-382138150,2,0,0,0,0,0.0,0.0,0.0,true,false,S3-535516871,source3
S1-38229568,3,0,0,0,0,0.0001,0.0,0.0,true,false,S2-904624335,source2
S1-382415901,1,0,0,0,0,0.0,0.0,0.0,true,false,S2-862364847,source2
S1-382530953,83,0,0,0,0,0.0,0.0,0.0,true,false,S2-575012895,source2
S1-382557809,1,0,0,0,0,0.0,0.0,0.0,true,false,S2-852771801,source2
S1-382564144,1,0,0,0,0,0.0,0.0,0.0,true,false,S3-267619055,source3
S1-382626400,33,0,0,0,0,0.0,0.0,0.0,true,false,S3-791660510,source3
S1-382771505,1,0,0,0,0,0.0,0.0,0.0,true,false,S3-132729708,source3
S1-383000800,4,0,0,0,0,0.0313,0.0,0.0313,true,false,S2-587945736,source2
S1-383026020,1,0,0,0,0,0.0,0.0,0.0,true,false,S3-801897899,source3
S1-38334906,1,0,0,0,0,0.0,0.0,0.0,true,false,S2-975017529,source2
S1-383350674,1,0,0,0,0,0.0,0.0,0.0,true,false,S2-90852759,source2
S1-383369769,5,0,0,0,0,0.0,0.0,0.0,true,false,S3-516615976,source3
S1-38341187,3,0,0,0,0,0.0001,0.0001,0.0,true,false,S3-782777743,source3
S1-383424767,3,0,0,0,0,0.0005,0.0003,0.0002,true,false,S2-876790706,source2
S1-38345711,14,0,0,0,0,0.0076,0.0012,0.0064,true,false,S2-168976669,source2
S1-383470396,59,0,0,0,0,0.0,0.0,0.0,true,false,S2-248469617,source2
S1-38355779,2,0,0,0,0,0.0,0.0,0.0,true,false,S2-192156935,source2
S1-383641239,2,0,0,0,0,0.0,0.0,0.0,true,false,S3-345310211,source3
S1-383740360,1,0,0,0,0,0.0268,0.0,0.0268,true,false,S3-230826619,source3
S1-38379937,2,0,0,0,0,0.0,0.0,0.0,true,false,S3-502891710,source3
S1-383971160,2,0,0,0,0,0.0001,0.0,0.0001,true,false,S2-303840498,source2
S1-384029247,3,0,0,0,0,0.0,0.0,0.0,true,false,S3-103890,source3
S1-384085211,2,0,0,0,0,0.0,0.0,0.0,true,false,S2-508046754,source2
S1-384235216,3,0,0,0,0,0.0001,0.0001,0.0,true,false,S2-282245771,source2
S1-38426536,69,0,0,0,0,0.0,0.0,0.0,true,false,S2-2387969,source2
S1-385017676,1,0,0,0,0,0.0,0.0,0.0,true,false,S3-678931934,source3
S1-385036477,44,0,0,0,0,0.0001,0.0,0.0,true,false,S3-688824274,source3
S1-385082068,1,0,0,0,0,0.0,0.0,0.0,true,false,S2-966057618,source2
S1-385162560,89,0,0,0,0,0.0001,0.0001,0.0001,true,false,S3-712737042,source3
S1-385257890,4,0,0,0,0,0.0002,0.0001,0.0001,true,false,S3-527884370,source3
S1-385277943,1,0,0,0,0,0.0,0.0,0.0,true,false,S2-835212533,source2
S1-385288447,2,0,0,0,0,0.0,0.0,0.0,true,false,S3-182779859,source3
S1-385303865,2,0,0,0,0,0.0004,0.0,0.0004,true,false,S2-640742238,source2
S1-385338713,29,0,0,0,0,0.0,0.0,0.0,true,false,S2-355235944,source2
S1-385450823,3,0,0,0,0,0.0001,0.0,0.0001,true,false,S3-182611124,source3
S1-385529761,61,0,0,0,0,0.0001,0.0001,0.0,true,false,S2-218505777,source2
S1-385737746,1,0,0,0,0,0.0003,0.0,0.0003,true,false,S2-455916195,source2
S1-385770508,17,0,0,0,0,0.0001,0.0001,0.0,true,false,S2-890476046,source2
S1-385801740,2,0,0,0,0,0.0,0.0,0.0,true,false,S2-318670652,source2
S1-385927046,1,0,0,0,0,0.0,0.0,0.0,true,false,S2-494260341,source2
S1-385968260,1,0,0,0,0,0.0,0.0,0.0,true,false,S2-425797777,source2
S1-386066832,1,0,0,0,0,0.0,0.0,0.0,true,false,S3-19178445,source3
S1-38634245,54,0,0,0,0,0.005,0.0004,0.0045,true,false,S3-329834424,source3
S1-386384551,1,0,0,0,0,0.0001,0.0,0.0001,true,false,S2-474321348,source2
S1-386466240,1,0,0,0,0,0.0,0.0,0.0,true,false,S3-429652204,source3
S1-386486876,37,0,0,0,0,0.0,0.0,0.0,true,false,S2-788530733,source2
S1-386534508,24,0,0,0,0,0.0044,0.0,0.0044,true,false,S2-491719252,source2
S1-386614948,3,0,0,0,0,0.0003,0.0,0.0002,true,false,S2-431981637,source2
S1-386654734,26,0,0,0,0,0.0,0.0,0.0,true,false,S2-626992852,source2
S1-386857604,2,0,0,0,0,0.0005,0.0,0.0005,true,false,S3-689304552,source3
S1-386991580,1,0,0,0,0,0.0,0.0,0.0,true,false,S3-484004526,source3
S1-387121744,1,1,1,1,1,0.9989,0.0,0.9989,false,true,S2-93177563,source2
S1-387241445,1,0,0,0,0,0.0,0.0,0.0,true,false,S2-56949476,source2
S1-387323448,1,0,0,0,0,0.0,0.0,0.0,true,false,S3-368192948,source3
S1-387390135,2,1,1,1,1,0.9974,0.0,0.9974,false,true,S3-734015882,source3
S1-387449805,34,0,0,0,0,0.0,0.0,0.0,true,false,S2-615144827,source2
S1-387465863,1,0,0,0,0,0.0,0.0,0.0,true,false,S3-183404147,source3
S1-387519977,2,0,0,0,0,0.0,0.0,0.0,true,false,S3-160080199,source3
S1-387667349,39,0,0,0,0,0.0,0.0,0.0,true,false,S2-23893865,source2
S1-387720104,52,0,0,0,0,0.0,0.0,0.0,true,false,S3-726624236,source3
S1-387747643,1,0,0,0,0,0.0001,0.0,0.0001,true,false,S3-784870560,source3
S1-387965745,4,0,0,0,0,0.0,0.0,0.0,true,false,S3-17860931,source3
S1-387967070,1,0,0,0,0,0.0,0.0,0.0,true,false,S3-836205567,source3
S1-387977406,29,0,0,0,0,0.0,0.0,0.0,true,false,S3-159853730,source3
S1-388126428,1,0,0,0,0,0.0,0.0,0.0,true,false,S2-624981834,source2
S1-388290707,38,0,0,0,0,0.0001,0.0,0.0001,true,false,S3-128701982,source3
S1-388310898,4,0,0,0,0,0.0,0.0,0.0,true,false,S2-58857912,source2
S1-388325812,1,0,0,0,0,0.0001,0.0,0.0001,true,false,S3-249219315,source3
S1-388333810,54,0,0,0,0,0.0823,0.0001,0.0821,true,false,S3-856285441,source3
S1-388385628,2,0,0,0,0,0.0,0.0,0.0,true,false,S3-147409424,source3
S1-388589542,1,1,1,1,1,0.972,0.0,0.972,false,true,S2-120771780,source2
S1-388665095,1,1,1,1,1,0.999,0.0,0.999,false,true,S2-86837693,source2
S1-388700492,1,0,0,0,0,0.0,0.0,0.0,true,false,S2-199635728,source2
S1-388718507,1,0,0,0,0,0.0,0.0,0.0,true,false,S2-744685697,source2
S1-388865106,26,0,0,0,0,0.0118,0.0016,0.0102,true,false,S2-773980260,source2
S1-388876144,2,0,0,0,0,0.0,0.0,0.0,true,false,S3-299365900,source3
S1-38895076,38,0,0,0,0,0.0037,0.0029,0.0008,true,false,S2-426144370,source2
S1-38896143,58,0,0,0,0,0.0,0.0,0.0,true,false,S2-917939352,source2
S1-38899420,3,0,0,0,0,0.0,0.0,0.0,true,false,S3-556082479,source3
S1-389028851,54,0,0,0,0,0.0002,0.0001,0.0001,true,false,S3-856285441,source3
S1-389049097,1,0,0,0,0,0.0,0.0,0.0,true,false,S2-142728846,source2
S1-389074539,1,0,0,0,0,0.0,0.0,0.0,true,false,S3-147388550,source3
S1-389170212,83,0,0,0,0,0.0001,0.0001,0.0,true,false,S3-256247478,source3
S1-389355539,4,0,0,0,0,0.0,0.0,0.0,true,false,S3-99333887,source3
S1-389422044,1,0,0,0,0,0.0,0.0,0.0,true,false,S2-843738909,source2
S1-389422607,51,0,0,0,0,0.0,0.0,0.0,true,false,S2-232064248,source2
S1-389552062,43,0,0,0,0,0.0,0.0,0.0,true,false,S3-614300694,source3
S1-389869722,1,0,0,0,0,0.0001,0.0,0.0001,true,false,S2-424085363,source2
S1-390121769,2,0,0,0,0,0.0,0.0,0.0,true,false,S3-385262101,source3
S1-390185213,54,0,0,0,0,0.0,0.0,0.0,true,false,S2-273295969,source2
S1-390280634,41,0,0,0,0,0.0001,0.0,0.0,true,false,S2-950430083,source2
S1-390342816,43,0,0,0,0,0.0,0.0,0.0,true,false,S2-107389460,source2
S1-390796739,1,0,0,0,0,0.0,0.0,0.0,true,false,S2-713927990,source2
S1-390826057,1,1,1,1,1,0.9996,0.0,0.9996,false,true,S2-514195742,source2
S1-390881254,41,0,0,0,0,0.0001,0.0,0.0001,true,false,S2-488384040,source2
S1-391103916,1,0,0,0,0,0.0,0.0,0.0,true,false,S2-546503710,source2
S1-391248994,38,0,0,0,0,0.0001,0.0001,0.0,true,false,S3-246971548,source3
S1-391280529,4,0,0,0,0,0.0001,0.0,0.0,true,false,S2-96979646,source2
S1-391448154,2,0,0,0,0,0.0,0.0,0.0,true,false,S3-670950891,source3
S1-391501577,1,0,0,0,0,0.0,0.0,0.0,true,false,S3-776644692,source3
S1-391533728,2,0,0,0,0,0.0005,0.0,0.0005,true,false,S2-939821238,source2
S1-391548630,1,0,0,0,0,0.0,0.0,0.0,true,false,S3-428684947,source3
S1-391589408,1,0,0,0,0,0.0,0.0,0.0,true,false,S2-115874728,source2
S1-391598653,1,0,0,0,0,0.0,0.0,0.0,true,false,S3-168576075,source3
S1-391738634,3,0,0,0,0,0.0,0.0,0.0,true,false,S2-739790014,source2
S1-39178131,1,0,0,0,0,0.0,0.0,0.0,true,false,S3-562345464,source3
S1-392054251,62,0,0,0,0,0.0,0.0,0.0,true,false,S3-295234846,source3
S1-392108465,1,0,0,0,0,0.0,0.0,0.0,true,false,S2-321160376,source2
S1-392115560,39,0,0,0,0,0.0001,0.0,0.0001,true,false,S2-328773938,source2
S1-392138809,36,0,0,0,0,0.0,0.0,0.0,true,false,S3-768189007,source3
S1-392199760,1,0,0,0,0,0.0,0.0,0.0,true,false,S3-982491213,source3
S1-392219093,2,0,0,0,0,0.0,0.0,0.0,true,false,S2-453777002,source2
S1-392229488,1,0,0,0,0,0.0002,0.0,0.0002,true,false,S3-863036893,source3
S1-392245358,1,0,0,0,0,0.0,0.0,0.0,true,false,S2-822346901,source2
S1-392343932,27,0,0,0,0,0.0,0.0,0.0,true,false,S2-176093072,source2
S1-392488249,4,0,0,0,0,0.0522,0.0008,0.0514,true,false,S2-139219752,source2
S1-392489186,1,0,0,0,0,0.0,0.0,0.0,true,false,S2-574717182,source2
S1-3925963,2,0,0,0,0,0.0,0.0,0.0,true,false,S3-614308226,source3
S1-392826713,11,0,0,0,0,0.0001,0.0001,0.0,true,false,S2-417443887,source2
S1-392869414,1,0,0,0,0,0.0,0.0,0.0,true,false,S3-560714498,source3
S1-392885498,2,0,0,0,0,0.0001,0.0,0.0,true,false,S2-95371491,source2
S1-39297715,113,0,0,0,0,0.0002,0.0,0.0001,true,false,S2-78238612,source2
S1-393141868,4,0,0,0,0,0.0002,0.0001,0.0001,true,false,S2-812708712,source2
S1-39314330,1,0,0,0,0,0.0,0.0,0.0,true,false,S3-132769266,source3
S1-393157555,2,0,0,0,0,0.0,0.0,0.0,true,false,S3-98907212,source3
S1-393297618,1,0,0,0,0,0.0,0.0,0.0,true,false,S3-475842473,source3
S1-39335233,7,0,0,0,0,0.0,0.0,0.0,true,false,S2-577937581,source2
S1-393432530,11,0,0,0,0,0.0,0.0,0.0,true,false,S3-278467857,source3
S1-393453915,51,0,0,0,0,0.0,0.0,0.0,true,false,S3-458125054,source3
S1-393612261,6,0,0,0,0,0.0,0.0,0.0,true,false,S3-156027541,source3
S1-393626818,1,0,0,0,0,0.0,0.0,0.0,true,false,S2-847074664,source2
S1-393775381,1,0,0,0,0,0.0,0.0,0.0,true,false,S3-422558683,source3
S1-393818512,1,0,0,0,0,0.0,0.0,0.0,true,false,S2-976274862,source2
S1-393838211,1,0,0,0,0,0.0,0.0,0.0,true,false,S2-615274636,source2
S1-393919545,13,0,0,0,0,0.0001,0.0001,0.0,true,false,S3-140697332,source3
S1-394009104,42,0,0,0,0,0.0059,0.0005,0.0054,true,false,S3-69157552,source3
S1-394073410,1,0,0,0,0,0.0,0.0,0.0,true,false,S3-991483226,source3
S1-394090442,182,0,0,0,0,0.0002,0.0002,0.0,true,false,S2-875063854,source2
S1-394126568,3,1,1,1,1,0.9862,0.0,0.9862,false,true,S3-256723756,source3
S1-394147960,29,0,0,0,0,0.0,0.0,0.0,true,false,S2-411518891,source2
S1-39416507,69,0,0,0,0,0.0,0.0,0.0,true,false,S2-248864759,source2
S1-394189267,1,0,0,0,0,0.0,0.0,0.0,true,false,S3-746726220,source3
S1-394193333,5,0,0,0,0,0.0,0.0,0.0,true,false,S3-328425476,source3
S1-394295553,2,0,0,0,0,0.0,0.0,0.0,true,false,S2-596751909,source2
S1-394321455,49,0,0,0,0,0.0,0.0,0.0,true,false,S3-549654538,source3
S1-394340130,42,0,0,0,0,0.0001,0.0,0.0001,true,false,S2-560449715,source2
S1-394406171,37,0,0,0,0,0.0,0.0,0.0,true,false,S3-630184262,source3
S1-39445160,1,0,0,0,0,0.0,0.0,0.0,true,false,S2-633470468,source2
S1-394532414,1,0,0,0,0,0.3786,0.0,0.3786,true,false,S2-162276971,source2
S1-394715818,1,0,0,0,0,0.0,0.0,0.0,true,false,S2-30070361,source2
S1-394815767,1,0,0,0,0,0.0,0.0,0.0,true,false,S2-243445051,source2
S1-394990690,1,0,0,0,0,0.0,0.0,0.0,true,false,S3-996703779,source3
S1-395035184,3,0,0,0,0,0.0001,0.0001,0.0,true,false,S2-957146073,source2
S1-395115037,1,0,0,0,0,0.0,0.0,0.0,true,false,S2-260094018,source2
S1-395329670,6,0,0,0,0,0.0,0.0,0.0,true,false,S2-655597234,source2
S1-395336783,42,0,0,0,0,0.0,0.0,0.0,true,false,S3-75478988,source3
S1-395359998,2,0,0,0,0,0.0,0.0,0.0,true,false,S3-961158827,source3
S1-395383261,2,1,1,1,0,0.9121,0.0,0.9121,false,true,S3-125879756,source3
S1-395389462,7,0,0,0,0,0.0,0.0,0.0,true,false,S3-127904788,source3
S1-395441566,1,0,0,0,0,0.0,0.0,0.0,true,false,S2-348813665,source2
S1-395866499,1,0,0,0,0,0.0,0.0,0.0,true,false,S2-518649133,source2
S1-395947638,1,1,1,1,1,0.9979,0.0,0.9979,false,true,S3-568323750,source3
S1-396016027,29,0,0,0,0,0.0002,0.0,0.0002,true,false,S2-148316858,source2
S1-396142604,2,0,0,0,0,0.0001,0.0,0.0,true,false,S2-62221198,source2
S1-396262149,1,0,0,0,0,0.0,0.0,0.0,true,false,S2-750225773,source2
S1-396336712,10,0,0,0,0,0.0,0.0,0.0,true,false,S2-333497398,source2
S1-396386541,33,0,0,0,0,0.0,0.0,0.0,true,false,S2-438490281,source2
S1-39641619,1,0,0,0,0,0.0,0.0,0.0,true,false,S3-614951933,source3
S1-396493472,24,1,1,1,1,0.9956,0.0,0.9956,false,true,S3-215103315,source3
S1-396523089,57,0,0,0,0,0.0,0.0,0.0,true,false,S3-172940292,source3
S1-396613371,1,0,0,0,0,0.0,0.0,0.0,true,false,S3-655606488,source3
S1-396646246,2,0,0,0,0,0.0337,0.0002,0.0334,true,false,S2-575479656,source2
S1-396668548,3,0,0,0,0,0.0001,0.0,0.0,true,false,S2-679793793,source2
S1-396759763,3,0,0,0,0,0.0,0.0,0.0,true,false,S3-754616361,source3
S1-396863380,1,1,1,1,1,0.9995,0.0,0.9995,false,true,S2-211729289,source2
S1-397017106,1,0,0,0,0,0.0001,0.0,0.0001,true,false,S2-906665240,source2
S1-397081662,8,1,1,0,0,0.8352,0.0,0.8351,false,true,S2-890109648,source2
S1-397241159,39,0,0,0,0,0.0,0.0,0.0,true,false,S3-155186214,source3
S1-397295565,4,0,0,0,0,0.0,0.0,0.0,true,false,S2-95741945,source2
S1-397335569,3,0,0,0,0,0.0001,0.0,0.0,true,false,S2-758562449,source2
S1-397453629,1,0,0,0,0,0.0,0.0,0.0,true,false,S3-821205412,source3
S1-397540035,1,0,0,0,0,0.0,0.0,0.0,true,false,S2-561171270,source2
S1-397820679,3,0,0,0,0,0.0001,0.0,0.0,true,false,S2-663206284,source2
S1-397935071,2,0,0,0,0,0.0,0.0,0.0,true,false,S2-580705228,source2
S1-398042962,61,0,0,0,0,0.0,0.0,0.0,true,false,S2-857755271,source2
S1-398084502,2,0,0,0,0,0.0001,0.0001,0.0,true,false,S3-498617130,source3
S1-398126543,4,0,0,0,0,0.0,0.0,0.0,true,false,S3-285328815,source3
S1-398196803,2,0,0,0,0,0.0001,0.0,0.0,true,false,S3-689239444,source3
S1-398270379,1,0,0,0,0,0.0,0.0,0.0,true,false,S3-829780933,source3
S1-398357626,44,0,0,0,0,0.0002,0.0001,0.0001,true,false,S3-5622468,source3
S1-398427368,2,0,0,0,0,0.0,0.0,0.0,true,false,S3-133778700,source3
S1-398498855,2,0,0,0,0,0.0,0.0,0.0,true,false,S2-803599302,source2
S1-398623197,24,0,0,0,0,0.3682,0.0,0.3682,true,false,S3-136329799,source3
S1-398652017,58,0,0,0,0,0.0001,0.0,0.0,true,false,S2-125209350,source2
S1-398841354,1,0,0,0,0,0.0,0.0,0.0,true,false,S2-794412447,source2
S1-398871043,7,1,1,1,1,0.9997,0.0,0.9997,false,true,S3-427518701,source3
S1-399029343,2,0,0,0,0,0.0001,0.0,0.0001,true,false,S3-178257532,source3
S1-399036405,37,0,0,0,0,0.0001,0.0,0.0001,true,false,S2-217491248,source2
S1-399090591,2,0,0,0,0,0.0,0.0,0.0,true,false,S3-889676494,source3
S1-399151744,1,0,0,0,0,0.0004,0.0,0.0004,true,false,S3-550185556,source3
S1-399202519,5,0,0,0,0,0.0,0.0,0.0,true,false,S2-696173201,source2
S1-399228001,189,0,0,0,0,0.0072,0.0023,0.0049,true,false,S2-593878502,source2
S1-399242844,3,0,0,0,0,0.0,0.0,0.0,true,false,S2-909051889,source2
S1-399341291,3,0,0,0,0,0.0001,0.0,0.0,true,false,S2-697404689,source2
S1-399385991,4,0,0,0,0,0.0,0.0,0.0,true,false,S3-291595479,source3
S1-399400145,32,0,0,0,0,0.0001,0.0,0.0,true,false,S3-311380074,source3
S1-399484264,1,1,1,1,1,0.9844,0.0,0.9844,false,true,S3-174416823,source3
S1-399517144,26,0,0,0,0,0.0,0.0,0.0,true,false,S3-34310550,source3
S1-399554916,1,0,0,0,0,0.0,0.0,0.0,true,false,S3-601082140,source3
S1-399649742,1,0,0,0,0,0.0,0.0,0.0,true,false,S2-712493163,source2
S1-399822902,38,0,0,0,0,0.0,0.0,0.0,true,false,S3-987466116,source3
S1-399864507,10,0,0,0,0,0.245,0.0018,0.2432,true,false,S3-416127783,source3
S1-400092918,1,0,0,0,0,0.0282,0.0,0.0282,true,false,S2-825489652,source2
S1-400182936,9,0,0,0,0,0.0,0.0,0.0,true,false,S3-941064584,source3
S1-400209002,1,0,0,0,0,0.0,0.0,0.0,true,false,S2-539294394,source2
S1-400211953,39,0,0,0,0,0.0,0.0,0.0,true,false,S2-430153476,source2
S1-400272835,68,0,0,0,0,0.0398,0.0001,0.0397,true,false,S2-587945736,source2
S1-400315785,1,0,0,0,0,0.0,0.0,0.0,true,false,S3-153373264,source3
S1-40045119,1,0,0,0,0,0.0,0.0,0.0,true,false,S3-230175633,source3
S1-400483907,27,0,0,0,0,0.0,0.0,0.0,true,false,S2-108255546,source2
S1-400566522,1,0,0,0,0,0.0,0.0,0.0,true,false,S2-642302261,source2
S1-400655866,1,1,1,1,1,0.9971,0.0,0.9971,false,true,S2-474515175,source2
S1-400717175,3,0,0,0,0,0.0,0.0,0.0,true,false,S2-345434546,source2
S1-400872192,89,0,0,0,0,0.0001,0.0,0.0,true,false,S2-453339152,source2
S1-401001496,31,0,0,0,0,0.0232,0.0,0.0232,true,false,S3-758094579,source3
S1-401013202,2,0,0,0,0,0.0,0.0,0.0,true,false,S2-2552513,source2
S1-401074421,1,1,1,1,1,0.9976,0.0,0.9976,false,true,S3-303073926,source3
S1-401083943,1,0,0,0,0,0.0,0.0,0.0,true,false,S2-222138949,source2
S1-401093027,1,0,0,0,0,0.0372,0.0,0.0372,true,false,S3-82569247,source3
S1-401150950,39,0,0,0,0,0.0099,0.0001,0.0098,true,false,S2-498071695,source2
S1-401205109,42,0,0,0,0,0.0,0.0,0.0,true,false,S3-474942942,source3
S1-401254976,32,0,0,0,0,0.0,0.0,0.0,true,false,S2-661140913,source2
S1-401466299,38,0,0,0,0,0.0,0.0,0.0,true,false,S2-626326981,source2
S1-40151508,24,0,0,0,0,0.0,0.0,0.0,true,false,S3-864232351,source3
S1-401604026,2,0,0,0,0,0.0001,0.0001,0.0,true,false,S3-498617130,source3
S1-40164886,1,1,1,1,1,0.9977,0.0,0.9977,false,true,S2-620647719,source2
S1-401650132,6,0,0,0,0,0.0,0.0,0.0,true,false,S2-706135952,source2
S1-401836525,2,1,1,1,1,0.9968,0.007,0.9898,false,true,S3-230359993,source3
S1-402039028,1,0,0,0,0,0.0,0.0,0.0,true,false,S2-590189718,source2
S1-402046621,74,0,0,0,0,0.0007,0.0006,0.0001,true,false,S2-168870589,source2
S1-402058621,1,0,0,0,0,0.0,0.0,0.0,true,false,S2-94068349,source2
S1-402136612,18,0,0,0,0,0.0001,0.0001,0.0,true,false,S3-648122702,source3
S1-402153538,1,0,0,0,0,0.0005,0.0,0.0005,true,false,S3-176930420,source3
S1-402190556,1,0,0,0,0,0.0,0.0,0.0,true,false,S2-813271601,source2
S1-402205840,8,0,0,0,0,0.0,0.0,0.0,true,false,S3-196035862,source3
S1-402237262,38,0,0,0,0,0.0,0.0,0.0,true,false,S2-823896752,source2
S1-402426509,4,0,0,0,0,0.0,0.0,0.0,true,false,S3-423560407,source3
S1-402504985,2,0,0,0,0,0.0,0.0,0.0,true,false,S3-416848890,source3
S1-40260778,3,0,0,0,0,0.0001,0.0,0.0,true,false,S3-428702926,source3
S1-402670907,38,0,0,0,0,0.0006,0.0,0.0005,true,false,S3-979019329,source3
S1-40283565,2,1,1,1,1,0.9958,0.0,0.9958,false,true,S2-346404106,source2
S1-402877115,36,0,0,0,0,0.0,0.0,0.0,true,false,S2-901314707,source2
S1-402998061,1,0,0,0,0,0.0,0.0,0.0,true,false,S2-728531294,source2
S1-403073757,5,0,0,0,0,0.0,0.0,0.0,true,false,S3-78788214,source3
S1-403174703,26,0,0,0,0,0.0,0.0,0.0,true,false,S2-223805850,source2
S1-403177504,1,0,0,0,0,0.0,0.0,0.0,true,false,S2-848051684,source2
S1-403253082,4,0,0,0,0,0.0002,0.0001,0.0001,true,false,S2-536811066,source2
S1-403268983,41,0,0,0,0,0.0,0.0,0.0,true,false,S2-119438150,source2
S1-403284600,57,0,0,0,0,0.0001,0.0001,0.0,true,false,S2-718235930,source2
S1-403309023,3,0,0,0,0,0.0,0.0,0.0,true,false,S3-240954996,source3
S1-40331310,18,0,0,0,0,0.0003,0.0002,0.0001,true,false,S3-315594725,source3
S1-403382675,21,0,0,0,0,0.0109,0.0087,0.0022,true,false,S3-787242508,source3
S1-403461984,47,1,1,1,1,0.9659,0.0,0.9659,false,true,S3-306590681,source3
S1-403517648,1,1,1,1,1,0.9972,0.0,0.9972,false,true,S2-245010541,source2
S1-403608701,1,0,0,0,0,0.0002,0.0,0.0002,true,false,S2-589013466,source2
S1-40364814,6,0,0,0,0,0.0,0.0,0.0,true,false,S3-830654633,source3
S1-403661789,1,0,0,0,0,0.0,0.0,0.0,true,false,S3-392106942,source3
S1-403679958,1,1,0,0,0,0.278,0.0,0.278,false,true,S3-553115898,source3
S1-40368430,2,0,0,0,0,0.0,0.0,0.0,true,false,S3-711189905,source3
S1-40369007,30,0,0,0,0,0.0,0.0,0.0,true,false,S3-549523415,source3
S1-403791891,1,1,1,1,1,0.9957,0.0,0.9957,false,true,S2-944091149,source2
S1-403831369,1,1,1,1,1,0.998,0.0,0.998,false,true,S3-287401166,source3
S1-40390076,32,0,0,0,0,0.0,0.0,0.0,true,false,S3-664629547,source3
S1-403929875,11,0,0,0,0,0.0,0.0,0.0,true,false,S3-463727937,source3
S1-404044730,1,0,0,0,0,0.0,0.0,0.0,true,false,S3-997821216,source3
S1-404130532,3,0,0,0,0,0.0001,0.0,0.0,true,false,S2-840058249,source2
S1-404137176,2,0,0,0,0,0.0,0.0,0.0,true,false,S3-778995481,source3
S1-404162302,43,0,0,0,0,0.0004,0.0,0.0004,true,false,S3-421978688,source3
S1-404192684,5,0,0,0,0,0.0,0.0,0.0,true,false,S2-144497856,source2
S1-404325159,3,0,0,0,0,0.0,0.0,0.0,true,false,S2-508267409,source2
S1-404417181,2,1,1,1,1,0.9682,0.0002,0.968,false,true,S3-630754210,source3
S1-404448476,2,0,0,0,0,0.0,0.0,0.0,true,false,S3-509115078,source3
S1-404495892,37,0,0,0,0,0.0,0.0,0.0,true,false,S2-295909711,source2
S1-404946374,4,0,0,0,0,0.0,0.0,0.0,true,false,S3-248907375,source3
S1-404952172,56,0,0,0,0,0.0,0.0,0.0,true,false,S2-942267364,source2
S1-404962653,52,0,0,0,0,0.0001,0.0,0.0001,true,false,S2-569967225,source2
S1-405125692,11,0,0,0,0,0.0,0.0,0.0,true,false,S2-516249560,source2
S1-405498610,19,0,0,0,0,0.0003,0.0002,0.0001,true,false,S2-461635489,source2
S1-405501704,2,0,0,0,0,0.0,0.0,0.0,true,false,S2-272345919,source2
S1-405507095,22,0,0,0,0,0.0001,0.0,0.0001,true,false,S2-581315985,source2
S1-405521342,1,0,0,0,0,0.0031,0.0,0.0031,true,false,S3-491390990,source3
S1-405540114,1,0,0,0,0,0.0,0.0,0.0,true,false,S3-761561267,source3
S1-405829810,2,0,0,0,0,0.0,0.0,0.0,true,false,S3-603622392,source3
S1-405835481,71,0,0,0,0,0.0,0.0,0.0,true,false,S3-900018703,source3
S1-405858626,82,0,0,0,0,0.0001,0.0001,0.0,true,false,S3-835797906,source3
S1-405874642,15,0,0,0,0,0.0002,0.0001,0.0001,true,false,S3-604834040,source3
S1-405888909,48,0,0,0,0,0.0,0.0,0.0,true,false,S2-855036473,source2
S1-405908233,1,0,0,0,0,0.0006,0.0,0.0006,true,false,S2-211389639,source2
S1-405931809,77,0,0,0,0,0.0,0.0,0.0,true,false,S3-465519276,source3
S1-406082372,1,0,0,0,0,0.0001,0.0,0.0001,true,false,S3-632605825,source3
S1-40612756,25,0,0,0,0,0.0,0.0,0.0,true,false,S3-940664124,source3
S1-406325392,3,0,0,0,0,0.0,0.0,0.0,true,false,S2-540406294,source2
S1-406415767,3,0,0,0,0,0.0002,0.0002,0.0,true,false,S2-384167895,source2
S1-406468682,1,0,0,0,0,0.0002,0.0,0.0002,true,false,S2-863824251,source2
S1-406508866,38,0,0,0,0,0.0,0.0,0.0,true,false,S2-719112862,source2
S1-406655545,3,1,1,1,1,0.9979,0.0,0.9979,false,true,S2-866594419,source2
S1-406705518,30,0,0,0,0,0.0,0.0,0.0,true,false,S3-267297448,source3
S1-406737213,1,0,0,0,0,0.0,0.0,0.0,true,false,S2-397958250,source2
S1-40674917,44,0,0,0,0,0.0,0.0,0.0,true,false,S3-455318636,source3
S1-406865257,2,0,0,0,0,0.0,0.0,0.0,true,false,S3-724352930,source3
S1-406900376,9,0,0,0,0,0.0,0.0,0.0,true,false,S2-930406617,source2
S1-407107002,1,0,0,0,0,0.0,0.0,0.0,true,false,S2-324210963,source2
S1-407183795,1,0,0,0,0,0.0,0.0,0.0,true,false,S3-461657566,source3
S1-407260598,2,1,1,1,1,0.9972,0.0,0.9972,false,true,S3-525630702,source3
S1-407280565,2,0,0,0,0,0.0,0.0,0.0,true,false,S3-299347447,source3
S1-407282423,1,0,0,0,0,0.0,0.0,0.0,true,false,S3-795138580,source3
S1-407520536,48,0,0,0,0,0.0,0.0,0.0,true,false,S3-114631761,source3
S1-407726841,1,0,0,0,0,0.0,0.0,0.0,true,false,S3-705405815,source3
S1-407730822,1,0,0,0,0,0.0,0.0,0.0,true,false,S3-837401488,source3
S1-407793870,1,0,0,0,0,0.0,0.0,0.0,true,false,S3-991264593,source3
S1-407867221,19,0,0,0,0,0.0,0.0,0.0,true,false,S3-230572490,source3
S1-40806523,1,0,0,0,0,0.0,0.0,0.0,true,false,S3-675955614,source3
S1-408128909,42,0,0,0,0,0.0,0.0,0.0,true,false,S3-969534231,source3
S1-408396709,1,0,0,0,0,0.0,0.0,0.0,true,false,S2-564788824,source2
S1-408406173,41,0,0,0,0,0.0,0.0,0.0,true,false,S3-641673654,source3
S1-408564196,2,0,0,0,0,0.0001,0.0,0.0001,true,false,S3-562675932,source3
S1-408617772,1,0,0,0,0,0.0,0.0,0.0,true,false,S2-509870273,source2
S1-408643468,2,0,0,0,0,0.0,0.0,0.0,true,false,S3-21608012,source3
S1-408767430,27,0,0,0,0,0.0,0.0,0.0,true,false,S2-863476565,source2
S1-408827558,40,0,0,0,0,0.0,0.0,0.0,true,false,S2-921624110,source2
S1-408907133,1,0,0,0,0,0.0,0.0,0.0,true,false,S2-695901359,source2
S1-409209761,57,0,0,0,0,0.0002,0.0,0.0002,true,false,S3-418420992,source3
S1-409256428,32,0,0,0,0,0.0,0.0,0.0,true,false,S3-903604118,source3
S1-409324604,2,0,0,0,0,0.0005,0.0,0.0004,true,false,S2-462270772,source2
S1-409356989,38,0,0,0,0,0.0,0.0,0.0,true,false,S2-91305348,source2
S1-40943884,3,0,0,0,0,0.0001,0.0001,0.0001,true,false,S2-25703437,source2
S1-409451774,1,0,0,0,0,0.0,0.0,0.0,true,false,S3-828345628,source3
S1-409491410,1,0,0,0,0,0.0,0.0,0.0,true,false,S3-996195156,source3
S1-409499131,23,0,0,0,0,0.0266,0.0008,0.0258,true,false,S2-713198548,source2
S1-409585156,6,0,0,0,0,0.0001,0.0001,0.0,true,false,S2-648307518,source2
S1-409859544,2,0,0,0,0,0.0,0.0,0.0,true,false,S3-249298355,source3
S1-409886199,2,0,0,0,0,0.0,0.0,0.0,true,false,S2-188820988,source2
S1-409961376,2,2,1,0,0,0.8545,0.0158,0.8386,false,true,S3-148990151,source3
S1-410040347,13,0,0,0,0,0.0063,0.0001,0.0062,true,false,S2-409910382,source2
S1-410057614,1,0,0,0,0,0.0,0.0,0.0,true,false,S3-762842554,source3
S1-410081188,1,0,0,0,0,0.0,0.0,0.0,true,false,S3-134930824,source3
S1-410101326,1,0,0,0,0,0.0,0.0,0.0,true,false,S3-733553216,source3
S1-410114979,175,0,0,0,0,0.0014,0.0001,0.0013,true,false,S2-610975361,source2
S1-41022735,1,0,0,0,0,0.0,0.0,0.0,true,false,S2-39706854,source2
S1-410228098,1,0,0,0,0,0.0001,0.0,0.0001,true,false,S2-695335585,source2
S1-410304151,2,0,0,0,0,0.0,0.0,0.0,true,false,S3-983396927,source3
S1-410339862,5,0,0,0,0,0.0001,0.0001,0.0,true,false,S3-901008763,source3
S1-410344887,20,0,0,0,0,0.1885,0.0001,0.1884,true,false,S3-632507748,source3
S1-410497766,1,0,0,0,0,0.0,0.0,0.0,true,false,S2-38173387,source2
S1-410747090,41,0,0,0,0,0.0,0.0,0.0,true,false,S3-708246237,source3
S1-410779701,1,0,0,0,0,0.0,0.0,0.0,true,false,S2-937612148,source2
S1-410803100,1,0,0,0,0,0.0,0.0,0.0,true,false,S3-546952413,source3
S1-41080764,1,0,0,0,0,0.0017,0.0,0.0017,true,false,S2-532735066,source2
S1-410843432,1,1,1,1,0,0.936,0.0,0.936,false,true,S2-641600539,source2
S1-410867100,1,0,0,0,0,0.0,0.0,0.0,true,false,S2-610403555,source2
S1-411146541,1,0,0,0,0,0.0,0.0,0.0,true,false,S2-412495599,source2
S1-411179157,4,0,0,0,0,0.1308,0.0001,0.1307,true,false,S3-303819266,source3
S1-411184751,2,0,0,0,0,0.0,0.0,0.0,true,false,S3-299365900,source3
S1-411340216,2,0,0,0,0,0.0,0.0,0.0,true,false,S2-14068945,source2
S1-411357168,1,0,0,0,0,0.0,0.0,0.0,true,false,S2-298527531,source2
S1-411475262,1,1,1,1,1,0.9928,0.0,0.9928,false,true,S3-137769362,source3
S1-411563198,1,0,0,0,0,0.0,0.0,0.0,true,false,S3-698039108,source3
S1-411592446,54,0,0,0,0,0.0,0.0,0.0,true,false,S3-354082260,source3
S1-411686889,1,1,0,0,0,0.2924,0.0,0.2924,false,true,S2-308932881,source2
S1-411694890,3,0,0,0,0,0.0313,0.0,0.0313,true,false,S2-234084042,source2
S1-411765390,1,0,0,0,0,0.0,0.0,0.0,true,false,S2-660113658,source2
S1-411769722,83,0,0,0,0,0.0025,0.0024,0.0,true,false,S2-810892049,source2
S1-411801793,2,0,0,0,0,0.0,0.0,0.0,true,false,S3-527839082,source3
S1-411875005,2,0,0,0,0,0.0,0.0,0.0,true,false,S3-648845310,source3
S1-411938108,1,0,0,0,0,0.0003,0.0,0.0003,true,false,S2-225137710,source2
S1-412063475,1,1,1,1,1,0.9982,0.0,0.9982,false,true,S3-111782849,source3
S1-412161752,2,0,0,0,0,0.0,0.0,0.0,true,false,S2-350040834,source2
S1-412164016,2,0,0,0,0,0.0,0.0,0.0,true,false,S2-13918394,source2
S1-41217356,2,0,0,0,0,0.0001,0.0,0.0001,true,false,S3-828052442,source3
S1-412260850,1,0,0,0,0,0.0,0.0,0.0,true,false,S3-552435203,source3
S1-412271409,3,0,0,0,0,0.0,0.0,0.0,true,false,S2-295617119,source2
S1-412363212,7,0,0,0,0,0.0001,0.0001,0.0,true,false,S3-908877851,source3
S1-412422423,14,1,1,1,1,0.9888,0.0,0.9888,false,true,S3-675334042,source3
S1-412486446,1,0,0,0,0,0.0,0.0,0.0,true,false,S3-343893942,source3
S1-412529638,6,0,0,0,0,0.0003,0.0002,0.0,true,false,S2-124045065,source2
S1-412563527,10,0,0,0,0,0.0002,0.0002,0.0,true,false,S2-727372221,source2
S1-412634363,81,0,0,0,0,0.0033,0.0003,0.003,true,false,S2-708684745,source2
S1-412692042,2,1,1,1,1,0.9531,0.0,0.9531,false,true,S2-886351099,source2
S1-412723218,1,0,0,0,0,0.0,0.0,0.0,true,false,S3-540400775,source3
S1-412846205,1,0,0,0,0,0.0,0.0,0.0,true,false,S3-121831133,source3
S1-412863054,2,0,0,0,0,0.0001,0.0,0.0,true,false,S2-796710041,source2
S1-412886077,1,0,0,0,0,0.0,0.0,0.0,true,false,S3-147917999,source3
S1-412919831,33,0,0,0,0,0.0002,0.0,0.0002,true,false,S3-277168517,source3
S1-412970462,1,0,0,0,0,0.0,0.0,0.0,true,false,S2-982612712,source2
S1-413044938,4,0,0,0,0,0.0,0.0,0.0,true,false,S2-642932337,source2
S1-413227746,15,1,1,1,1,0.9997,0.0384,0.9613,false,true,S3-322256024,source3
S1-413258039,17,0,0,0,0,0.0002,0.0001,0.0001,true,false,S2-155456433,source2
S1-413390207,11,0,0,0,0,0.0,0.0,0.0,true,false,S3-278467857,source3
S1-413425277,1,1,0,0,0,0.6944,0.0,0.6944,false,true,S2-271599210,source2
S1-413587705,36,0,0,0,0,0.0,0.0,0.0,true,false,S2-66924417,source2
S1-413648534,1,0,0,0,0,0.072,0.0,0.072,true,false,S2-55421595,source2
S1-413785866,3,0,0,0,0,0.0001,0.0,0.0,true,false,S3-982974281,source3
S1-413880521,3,0,0,0,0,0.0,0.0,0.0,true,false,S2-945559054,source2
S1-41396546,12,0,0,0,0,0.0038,0.0007,0.0032,true,false,S2-32461760,source2
S1-414106970,1,0,0,0,0,0.0637,0.0,0.0637,true,false,S2-809040056,source2
S1-414264375,39,0,0,0,0,0.0,0.0,0.0,true,false,S2-613129213,source2
S1-414322944,1,0,0,0,0,0.0,0.0,0.0,true,false,S3-211882578,source3
S1-414437761,33,0,0,0,0,0.0,0.0,0.0,true,false,S2-831529093,source2
S1-414464711,1,1,1,1,1,0.9951,0.0,0.9951,false,true,S3-748266120,source3
S1-414631214,2,0,0,0,0,0.0001,0.0,0.0001,true,false,S2-457853599,source2
S1-41465910,47,0,0,0,0,0.0,0.0,0.0,true,false,S2-360065271,source2
S1-414668343,1,0,0,0,0,0.0,0.0,0.0,true,false,S3-119267710,source3
S1-414757637,6,0,0,0,0,0.0,0.0,0.0,true,false,S2-134405648,source2
S1-414767181,12,0,0,0,0,0.0002,0.0001,0.0001,true,false,S3-602703147,source3
S1-414875762,3,1,1,1,1,0.9932,0.0298,0.9634,false,true,S3-195645947,source3
S1-414902854,4,0,0,0,0,0.0001,0.0001,0.0,true,false,S2-124299928,source2
S1-414904414,5,0,0,0,0,0.0005,0.0004,0.0001,true,false,S3-68059712,source3
S1-414922041,37,0,0,0,0,0.0,0.0,0.0,true,false,S3-309656009,source3
S1-41497796,26,0,0,0,0,0.0,0.0,0.0,true,false,S3-461747272,source3
S1-415042128,1,1,1,1,1,0.9711,0.0,0.9711,false,true,S2-30568957,source2
S1-415068465,2,0,0,0,0,0.0049,0.0005,0.0044,true,false,S2-269135965,source2
S1-415192963,1,0,0,0,0,0.0,0.0,0.0,true,false,S3-763406361,source3
S1-415274790,39,0,0,0,0,0.0,0.0,0.0,true,false,S3-720531480,source3
S1-415302257,1,0,0,0,0,0.0,0.0,0.0,true,false,S3-701941347,source3
S1-415382014,1,0,0,0,0,0.0,0.0,0.0,true,false,S3-66951337,source3
S1-415391007,1,0,0,0,0,0.2317,0.0,0.2317,true,false,S3-877048302,source3
S1-415419392,3,0,0,0,0,0.0003,0.0001,0.0002,true,false,S2-416625657,source2
S1-415434565,1,0,0,0,0,0.0,0.0,0.0,true,false,S2-381379650,source2
S1-41547352,58,0,0,0,0,0.0,0.0,0.0,true,false,S2-721828148,source2
S1-415623087,1,0,0,0,0,0.0,0.0,0.0,true,false,S2-93832811,source2
S1-415633195,36,0,0,0,0,0.0,0.0,0.0,true,false,S3-820825619,source3
S1-415704352,2,0,0,0,0,0.0,0.0,0.0,true,false,S2-829200043,source2
S1-415723660,1,0,0,0,0,0.0,0.0,0.0,true,false,S3-807715631,source3
S1-415836990,2,0,0,0,0,0.0,0.0,0.0,true,false,S3-131874740,source3
S1-415958408,1,0,0,0,0,0.0,0.0,0.0,true,false,S3-842014556,source3
S1-415976973,1,0,0,0,0,0.0,0.0,0.0,true,false,S2-987788937,source2
S1-415979926,1,0,0,0,0,0.0001,0.0,0.0001,true,false,S3-359416129,source3
S1-416031349,1,1,1,1,1,0.9975,0.0,0.9975,false,true,S2-471207898,source2
S1-416105402,2,0,0,0,0,0.0,0.0,0.0,true,false,S3-276697338,source3
S1-416132042,1,0,0,0,0,0.0,0.0,0.0,true,false,S3-50580081,source3
S1-416175877,4,0,0,0,0,0.0,0.0,0.0,true,false,S2-530504021,source2
S1-416288303,2,0,0,0,0,0.1985,0.0,0.1984,true,false,S2-867065031,source2
S1-416326893,1,1,1,1,1,0.9996,0.0,0.9996,false,true,S2-675076934,source2
S1-416339559,3,0,0,0,0,0.0,0.0,0.0,true,false,S3-354575502,source3
S1-41637391,59,0,0,0,0,0.0003,0.0003,0.0,true,false,S2-940011682,source2
S1-416435123,1,1,1,1,1,0.9989,0.0,0.9989,false,true,S2-553700037,source2
S1-416438739,32,0,0,0,0,0.0001,0.0,0.0001,true,false,S3-378781046,source3
S1-416469670,43,0,0,0,0,0.0,0.0,0.0,true,false,S3-467761538,source3
S1-416600394,2,0,0,0,0,0.0,0.0,0.0,true,false,S2-431227744,source2
S1-416625858,1,0,0,0,0,0.0,0.0,0.0,true,false,S2-997883997,source2
S1-416634580,29,0,0,0,0,0.0,0.0,0.0,true,false,S3-804761630,source3
S1-416699363,28,0,0,0,0,0.0,0.0,0.0,true,false,S3-90352138,source3
S1-416705651,11,0,0,0,0,0.0003,0.0001,0.0002,true,false,S2-97845472,source2
S1-416772064,1,0,0,0,0,0.0,0.0,0.0,true,false,S3-653036826,source3
S1-416866411,3,0,0,0,0,0.0001,0.0,0.0001,true,false,S3-87157483,source3
S1-41695059,1,0,0,0,0,0.0,0.0,0.0,true,false,S3-338418443,source3
S1-417058214,1,0,0,0,0,0.0001,0.0,0.0001,true,false,S3-235564706,source3
S1-417415127,37,0,0,0,0,0.0,0.0,0.0,true,false,S2-421144029,source2
S1-417526535,42,0,0,0,0,0.0,0.0,0.0,true,false,S2-750513165,source2
S1-417572419,1,0,0,0,0,0.0,0.0,0.0,true,false,S3-337797724,source3
S1-417584538,8,0,0,0,0,0.0001,0.0001,0.0,true,false,S2-511725487,source2
S1-417819532,1,0,0,0,0,0.0,0.0,0.0,true,false,S2-235007626,source2
S1-418025284,1,1,1,1,1,0.9998,0.0,0.9998,false,true,S2-324915977,source2
S1-418182410,6,1,0,0,0,0.0944,0.0001,0.0943,false,true,S2-134405648,source2
S1-418263756,1,0,0,0,0,0.0,0.0,0.0,true,false,S2-954040283,source2
S1-418360972,74,0,0,0,0,0.0,0.0,0.0,true,false,S2-220596390,source2
S1-418361061,1,0,0,0,0,0.0001,0.0,0.0001,true,false,S3-732055184,source3
S1-418477552,1,0,0,0,0,0.0,0.0,0.0,true,false,S2-540841303,source2
S1-418514604,1,0,0,0,0,0.0,0.0,0.0,true,false,S3-273130398,source3
S1-418567895,2,0,0,0,0,0.0001,0.0,0.0001,true,false,S3-219111003,source3
S1-41863081,39,0,0,0,0,0.0001,0.0,0.0001,true,false,S2-570057266,source2
S1-418678020,1,0,0,0,0,0.0,0.0,0.0,true,false,S2-570539664,source2
S1-41869420,11,0,0,0,0,0.0005,0.0001,0.0004,true,false,S3-339013298,source3
S1-418788596,1,0,0,0,0,0.0,0.0,0.0,true,false,S2-728686592,source2
S1-418796564,46,0,0,0,0,0.0,0.0,0.0,true,false,S3-818461519,source3
S1-418889921,29,0,0,0,0,0.0006,0.0,0.0006,true,false,S3-758868527,source3
S1-418917776,3,0,0,0,0,0.0,0.0,0.0,true,false,S2-23811586,source2
S1-419004953,1,0,0,0,0,0.0,0.0,0.0,true,false,S3-716425875,source3
S1-419129929,1,1,0,0,0,0.5521,0.0,0.5521,false,true,S3-717640722,source3
S1-419262238,1,0,0,0,0,0.0,0.0,0.0,true,false,S2-561130241,source2
S1-419365623,6,0,0,0,0,0.0007,0.0001,0.0006,true,false,S3-635742595,source3
S1-419498841,1,0,0,0,0,0.0012,0.0,0.0012,true,false,S3-93612826,source3
S1-419582564,2,0,0,0,0,0.0,0.0,0.0,true,false,S2-296598302,source2
S1-419596800,1,0,0,0,0,0.0,0.0,0.0,true,false,S2-710506734,source2
S1-419753578,50,0,0,0,0,0.0117,0.0006,0.0111,true,false,S2-238323284,source2
S1-419828168,58,0,0,0,0,0.0361,0.012,0.0241,true,false,S2-605538607,source2
S1-419936528,1,1,1,1,0,0.9148,0.0,0.9148,false,true,S3-2779862,source3
S1-420073336,43,0,0,0,0,0.0,0.0,0.0,true,false,S2-758267269,source2
S1-420103678,4,0,0,0,0,0.0,0.0,0.0,true,false,S3-633476373,source3
S1-420365721,37,0,0,0,0,0.0,0.0,0.0,true,false,S3-465816574,source3
S1-420395629,43,0,0,0,0,0.0012,0.0004,0.0008,true,false,S2-202693598,source2
S1-420472686,1,1,1,0,0,0.8968,0.0,0.8968,false,true,S3-909124064,source3
S1-420915986,38,0,0,0,0,0.0,0.0,0.0,true,false,S3-87577006,source3
S1-421270396,1,0,0,0,0,0.0,0.0,0.0,true,false,S3-981526752,source3
S1-421367923,9,0,0,0,0,0.0001,0.0,0.0,true,false,S2-930406617,source2
S1-421407229,4,0,0,0,0,0.0,0.0,0.0,true,false,S3-176880631,source3
S1-421415455,1,0,0,0,0,0.0,0.0,0.0,true,false,S2-586283737,source2
S1-421460204,3,0,0,0,0,0.0001,0.0,0.0,true,false,S3-502372538,source3
S1-421498729,35,1,1,1,1,0.999,0.0,0.9989,false,true,S2-693256682,source2
S1-421557027,43,0,0,0,0,0.0004,0.0001,0.0003,true,false,S3-440468063,source3
S1-421670200,1,0,0,0,0,0.0,0.0,0.0,true,false,S2-195282062,source2
S1-421901356,8,0,0,0,0,0.0,0.0,0.0,true,false,S2-890109648,source2
S1-422006769,49,0,0,0,0,0.0772,0.0,0.0772,true,false,S2-930882610,source2
S1-422084700,1,0,0,0,0,0.0,0.0,0.0,true,false,S3-442471217,source3
S1-422172852,2,0,0,0,0,0.0001,0.0001,0.0,true,false,S3-591818899,source3
S1-42218389,54,0,0,0,0,0.0001,0.0001,0.0,true,false,S3-739222881,source3
S1-422277102,1,0,0,0,0,0.0,0.0,0.0,true,false,S2-238342311,source2
S1-422402670,58,0,0,0,0,0.0,0.0,0.0,true,false,S2-976667367,source2
S1-422591448,2,0,0,0,0,0.0001,0.0,0.0,true,false,S3-666289885,source3
S1-422616118,2,0,0,0,0,0.0,0.0,0.0,true,false,S3-243910333,source3
S1-42273623,2,0,0,0,0,0.0,0.0,0.0,true,false,S2-403422246,source2
S1-422844605,3,0,0,0,0,0.0,0.0,0.0,true,false,S3-577673257,source3
S1-422885536,14,0,0,0,0,0.0001,0.0001,0.0,true,false,S2-643096140,source2
S1-422907572,1,0,0,0,0,0.0,0.0,0.0,true,false,S3-263608653,source3
S1-422980591,1,0,0,0,0,0.0003,0.0,0.0003,true,false,S3-839886025,source3
S1-42301056,1,0,0,0,0,0.0,0.0,0.0,true,false,S2-715329612,source2
S1-423180463,74,0,0,0,0,0.002,0.0001,0.0018,true,false,S3-807892069,source3
S1-423338200,4,0,0,0,0,0.0,0.0,0.0,true,false,S2-72836343,source2
S1-423403395,39,0,0,0,0,0.0,0.0,0.0,true,false,S3-768860948,source3
S1-423561595,35,0,0,0,0,0.0001,0.0,0.0001,true,false,S3-179159264,source3
S1-423614027,54,0,0,0,0,0.0005,0.0001,0.0004,true,false,S3-856285441,source3
S1-423634947,2,0,0,0,0,0.0001,0.0,0.0,true,false,S3-806369924,source3
S1-423722776,1,0,0,0,0,0.0,0.0,0.0,true,false,S2-729041067,source2
S1-423973106,1,0,0,0,0,0.0001,0.0,0.0001,true,false,S3-472065261,source3
S1-424008218,2,0,0,0,0,0.0,0.0,0.0,true,false,S2-268970401,source2
S1-424010232,34,0,0,0,0,0.0001,0.0,0.0,true,false,S2-656530182,source2
S1-424056867,2,0,0,0,0,0.0,0.0,0.0,true,false,S3-37828342,source3
S1-424149283,2,0,0,0,0,0.0,0.0,0.0,true,false,S3-425320243,source3
S1-424170762,1,0,0,0,0,0.0221,0.0,0.0221,true,false,S2-579870405,source2
S1-424174916,2,1,1,1,1,0.9983,0.0,0.9983,false,true,S3-595161653,source3
S1-42442797,3,0,0,0,0,0.0,0.0,0.0,true,false,S2-709956796,source2
S1-424430974,1,0,0,0,0,0.0,0.0,0.0,true,false,S3-761842845,source3
S1-42445807,3,0,0,0,0,0.0,0.0,0.0,true,false,S3-799226958,source3
S1-425003814,2,0,0,0,0,0.0,0.0,0.0,true,false,S3-156734647,source3
S1-425029735,3,0,0,0,0,0.0852,0.0,0.0852,true,false,S2-725526375,source2
S1-425201681,12,0,0,0,0,0.0001,0.0,0.0,true,false,S3-771937308,source3
S1-425212441,1,0,0,0,0,0.0,0.0,0.0,true,false,S2-179840762,source2
S1-425217650,1,0,0,0,0,0.0,0.0,0.0,true,false,S2-105343730,source2
S1-42524052,1,0,0,0,0,0.0001,0.0,0.0001,true,false,S2-953568974,source2
S1-42544670,2,0,0,0,0,0.0001,0.0,0.0001,true,false,S2-606740532,source2
S1-425588246,1,0,0,0,0,0.0,0.0,0.0,true,false,S2-327877361,source2
S1-425740060,4,0,0,0,0,0.0,0.0,0.0,true,false,S3-692038601,source3
S1-425752323,38,0,0,0,0,0.0,0.0,0.0,true,false,S3-126940365,source3
S1-425786289,2,0,0,0,0,0.0,0.0,0.0,true,false,S3-552826333,source3
S1-425921423,1,0,0,0,0,0.0001,0.0,0.0001,true,false,S2-946767984,source2
S1-425964729,1,0,0,0,0,0.0001,0.0,0.0001,true,false,S2-824685628,source2
S1-42596820,38,0,0,0,0,0.0,0.0,0.0,true,false,S3-292229247,source3
S1-426144880,51,0,0,0,0,0.0,0.0,0.0,true,false,S3-678260082,source3
S1-426198247,1,0,0,0,0,0.0,0.0,0.0,true,false,S3-303912524,source3
S1-426267364,42,0,0,0,0,0.0001,0.0,0.0,true,false,S2-621450423,source2
S1-4262699,36,0,0,0,0,0.0,0.0,0.0,true,false,S2-341022351,source2
S1-426309016,1,0,0,0,0,0.0,0.0,0.0,true,false,S3-211179631,source3
S1-42631046,2,0,0,0,0,0.0,0.0,0.0,true,false,S3-886009760,source3
S1-42637588,1,0,0,0,0,0.0995,0.0,0.0995,true,false,S2-763415150,source2
S1-426398632,53,0,0,0,0,0.0,0.0,0.0,true,false,S3-559570153,source3
S1-426417348,3,0,0,0,0,0.0006,0.0,0.0005,true,false,S2-25703437,source2
S1-426509164,25,0,0,0,0,0.0,0.0,0.0,true,false,S3-940664124,source3
S1-426534386,4,0,0,0,0,0.0,0.0,0.0,true,false,S3-829873715,source3
S1-426721260,1,0,0,0,0,0.0,0.0,0.0,true,false,S3-543513932,source3
S1-4267944,1,0,0,0,0,0.0,0.0,0.0,true,false,S3-719723616,source3
S1-427025399,1,0,0,0,0,0.0,0.0,0.0,true,false,S3-114485343,source3
S1-427197850,18,0,0,0,0,0.0,0.0,0.0,true,false,S2-878581775,source2
S1-42722603,62,0,0,0,0,0.3025,0.0003,0.3022,true,false,S2-782408561,source2
S1-427323703,1,0,0,0,0,0.0,0.0,0.0,true,false,S3-834265629,source3
S1-427535978,37,0,0,0,0,0.0,0.0,0.0,true,false,S2-138622990,source2
S1-42753993,39,0,0,0,0,0.0,0.0,0.0,true,false,S2-311100027,source2
S1-427783220,49,0,0,0,0,0.0,0.0,0.0,true,false,S2-401500260,source2
S1-427994236,26,0,0,0,0,0.0,0.0,0.0,true,false,S3-637851476,source3
S1-428006454,8,0,0,0,0,0.0001,0.0001,0.0,true,false,S3-921835388,source3
S1-428141205,1,0,0,0,0,0.0007,0.0,0.0007,true,false,S2-480811157,source2
S1-428249785,3,0,0,0,0,0.0001,0.0,0.0,true,false,S3-705773819,source3
S1-42826659,36,0,0,0,0,0.0,0.0,0.0,true,false,S2-305639639,source2
S1-428274477,7,0,0,0,0,0.0,0.0,0.0,true,false,S3-894294313,source3
S1-42829133,1,1,1,1,1,0.9879,0.0,0.9879,false,true,S3-980923565,source3
S1-428365137,1,1,1,1,1,0.9983,0.0,0.9983,false,true,S2-414072849,source2
S1-428591199,4,0,0,0,0,0.0002,0.0002,0.0,true,false,S3-390559825,source3
S1-428677845,2,0,0,0,0,0.0,0.0,0.0,true,false,S2-939220493,source2
S1-428691542,1,0,0,0,0,0.0,0.0,0.0,true,false,S3-983246498,source3
S1-428699424,1,0,0,0,0,0.0,0.0,0.0,true,false,S2-975510730,source2
S1-428816937,1,1,1,1,0,0.9233,0.0,0.9233,false,true,S2-474889923,source2
S1-428990740,2,0,0,0,0,0.0,0.0,0.0,true,false,S2-979819679,source2
S1-429031348,5,0,0,0,0,0.0,0.0,0.0,true,false,S3-207223221,source3
S1-429112441,2,0,0,0,0,0.0,0.0,0.0,true,false,S3-857096705,source3
S1-429162370,3,0,1,1,0,0.9365,0.0,0.9365,true,false,S3-558325632,source3
S1-429228161,5,0,0,0,0,0.0008,0.0002,0.0006,true,false,S2-448967653,source2
S1-429245717,1,0,0,0,0,0.0009,0.0,0.0009,true,false,S3-177365809,source3
S1-429418207,25,0,0,0,0,0.0,0.0,0.0,true,false,S3-901201480,source3
S1-429488521,1,0,0,0,0,0.0,0.0,0.0,true,false,S3-573344276,source3
S1-429583811,1,0,0,0,0,0.0,0.0,0.0,true,false,S3-870944366,source3
S1-429652582,6,0,0,0,0,0.0007,0.0001,0.0006,true,false,S3-834481565,source3
S1-429715071,2,0,0,0,0,0.0001,0.0,0.0001,true,false,S3-347301423,source3
S1-42978774,9,0,0,0,0,0.0,0.0,0.0,true,false,S3-338814534,source3
S1-429817089,49,0,0,0,0,0.0,0.0,0.0,true,false,S2-510424275,source2
S1-429839317,57,0,0,0,0,0.0,0.0,0.0,true,false,S2-766546763,source2
S1-429881443,2,0,0,0,0,0.0,0.0,0.0,true,false,S2-403451816,source2
S1-429984979,35,0,0,0,0,0.0,0.0,0.0,true,false,S2-379584189,source2
S1-430051949,1,0,0,0,0,0.0,0.0,0.0,true,false,S2-199635728,source2
S1-430153421,1,0,0,0,0,0.0,0.0,0.0,true,false,S2-376526822,source2
S1-430188815,29,0,0,0,0,0.0,0.0,0.0,true,false,S3-260972330,source3
S1-430362117,1,0,0,0,0,0.0,0.0,0.0,true,false,S3-170430827,source3
S1-430467301,2,0,0,0,0,0.0001,0.0,0.0001,true,false,S2-517314935,source2
S1-430619301,2,0,0,0,0,0.0,0.0,0.0,true,false,S3-865003831,source3
S1-430622162,1,0,0,0,0,0.0,0.0,0.0,true,false,S3-798652385,source3
S1-430830930,8,0,0,0,0,0.0001,0.0001,0.0001,true,false,S2-512237933,source2
S1-430842276,2,0,0,0,0,0.0,0.0,0.0,true,false,S3-641035133,source3
S1-43085603,13,0,0,0,0,0.0243,0.0007,0.0236,true,false,S2-851280786,source2
S1-43086505,4,0,0,0,0,0.1385,0.0001,0.1385,true,false,S3-555264023,source3
S1-430893489,29,0,0,0,0,0.0,0.0,0.0,true,false,S2-16752256,source2
S1-431152507,1,0,0,0,0,0.0,0.0,0.0,true,false,S2-173484484,source2
S1-431241109,1,0,0,0,0,0.0,0.0,0.0,true,false,S3-971822605,source3
S1-431327371,1,0,0,0,0,0.0,0.0,0.0,true,false,S3-706425987,source3
S1-431344564,39,0,0,0,0,0.0,0.0,0.0,true,false,S3-946323575,source3
S1-431387492,3,1,1,1,1,0.9954,0.0001,0.9952,false,true,S3-394899716,source3
S1-431463991,1,0,0,0,0,0.0,0.0,0.0,true,false,S2-676940522,source2
S1-431602388,35,0,0,0,0,0.0,0.0,0.0,true,false,S3-718050643,source3
S1-4316207,2,0,0,0,0,0.0001,0.0,0.0,true,false,S2-488186065,source2
S1-431658552,2,0,0,0,0,0.0055,0.0001,0.0054,true,false,S2-860298474,source2
S1-431659504,2,0,0,0,0,0.0,0.0,0.0,true,false,S2-381747268,source2
S1-431843560,1,1,1,1,1,0.9895,0.0,0.9895,false,true,S2-216177077,source2
S1-43188896,1,0,0,0,0,0.0,0.0,0.0,true,false,S3-903713633,source3
S1-432049747,1,0,0,0,0,0.0001,0.0,0.0001,true,false,S2-245397920,source2
S1-432090491,1,0,0,0,0,0.0,0.0,0.0,true,false,S3-695968519,source3
S1-432190358,7,0,0,0,0,0.0,0.0,0.0,true,false,S3-373538749,source3
S1-432348700,3,0,0,0,0,0.0,0.0,0.0,true,false,S3-927772379,source3
S1-432375604,42,0,0,0,0,0.0,0.0,0.0,true,false,S2-753631166,source2
S1-432377116,1,0,0,0,0,0.0001,0.0,0.0001,true,false,S2-943802434,source2
S1-432394295,2,0,0,0,0,0.0,0.0,0.0,true,false,S2-287861135,source2
S1-43247608,2,0,0,0,0,0.0001,0.0,0.0,true,false,S3-106980743,source3
S1-432505652,1,0,0,0,0,0.0,0.0,0.0,true,false,S2-374294041,source2
S1-432558180,83,0,0,0,0,0.0001,0.0,0.0,true,false,S2-14314968,source2
S1-432765878,46,0,0,0,0,0.0001,0.0,0.0001,true,false,S2-111262131,source2
S1-432787385,4,0,0,0,0,0.0,0.0,0.0,true,false,S2-534059269,source2
S1-432962984,1,0,0,0,0,0.0,0.0,0.0,true,false,S2-219998868,source2
S1-433015121,42,0,0,0,0,0.0,0.0,0.0,true,false,S3-100623143,source3
S1-43308210,58,0,0,0,0,0.0003,0.0001,0.0002,true,false,S2-717077040,source2
S1-433472092,18,0,0,0,0,0.0002,0.0001,0.0001,true,false,S3-167872453,source3
S1-433624754,1,0,0,0,0,0.0,0.0,0.0,true,false,S3-551778816,source3
S1-433678014,38,0,0,0,0,0.0,0.0,0.0,true,false,S2-455800310,source2
S1-433678920,1,0,0,0,0,0.0,0.0,0.0,true,false,S2-174208835,source2
S1-433691673,31,0,0,0,0,0.0001,0.0001,0.0,true,false,S2-62630370,source2
S1-433719178,41,0,0,0,0,0.0,0.0,0.0,true,false,S2-706615728,source2
S1-433769392,1,1,1,1,1,0.9997,0.0,0.9997,false,true,S2-861138005,source2
S1-433800288,49,0,0,0,0,0.0001,0.0,0.0,true,false,S3-304244635,source3
S1-433852887,67,0,0,0,0,0.0001,0.0,0.0001,true,false,S2-985259076,source2
S1-4340491,1,1,1,1,1,0.9984,0.0,0.9984,false,true,S3-109293886,source3
S1-434189707,57,0,0,0,0,0.0001,0.0,0.0001,true,false,S3-107290944,source3
S1-434222297,2,0,0,0,0,0.0001,0.0,0.0001,true,false,S3-227628287,source3
S1-434314956,3,0,0,0,0,0.0,0.0,0.0,true,false,S3-308355736,source3
S1-434566495,29,0,0,0,0,0.0,0.0,0.0,true,false,S2-174082310,source2
S1-434606158,1,0,0,0,0,0.0,0.0,0.0,true,false,S2-367181529,source2
S1-434711227,1,0,0,0,0,0.0,0.0,0.0,true,false,S3-239387200,source3
S1-434775435,2,0,0,0,0,0.0,0.0,0.0,true,false,S2-809586747,source2
S1-434800644,39,0,0,0,0,0.0,0.0,0.0,true,false,S3-425092139,source3
S1-434802827,6,0,0,0,0,0.0635,0.0001,0.0634,true,false,S2-750860751,source2
S1-434852732,3,0,0,0,0,0.0,0.0,0.0,true,false,S2-883165815,source2
S1-434893108,2,0,0,0,0,0.0002,0.0,0.0002,true,false,S2-841397030,source2
S1-434948446,1,1,1,1,1,0.9995,0.0,0.9995,false,true,S3-964613070,source3
S1-435180179,1,0,0,0,0,0.0,0.0,0.0,true,false,S2-416187243,source2
S1-435201324,1,0,0,0,0,0.0001,0.0,0.0001,true,false,S3-767266140,source3
S1-435229220,2,0,0,0,0,0.0,0.0,0.0,true,false,S2-651408942,source2
S1-435257317,1,0,0,0,0,0.0,0.0,0.0,true,false,S2-751568108,source2
S1-435339766,4,0,0,0,0,0.0,0.0,0.0,true,false,S2-618727098,source2
S1-435390124,1,0,0,0,0,0.0001,0.0,0.0001,true,false,S3-303012024,source3
S1-43562364,1,0,0,0,0,0.0,0.0,0.0,true,false,S3-523012263,source3
S1-435735212,8,0,0,0,0,0.001,0.0001,0.0009,true,false,S2-176727752,source2
S1-435807078,1,0,0,0,0,0.0,0.0,0.0,true,false,S2-399084940,source2
S1-435982657,37,0,0,0,0,0.0,0.0,0.0,true,false,S2-886247443,source2
S1-436037642,4,0,0,0,0,0.0,0.0,0.0,true,false,S2-659432679,source2
S1-436593892,51,0,0,0,0,0.0,0.0,0.0,true,false,S3-510164984,source3
S1-436619673,22,0,0,0,0,0.0001,0.0,0.0001,true,false,S2-734292216,source2
S1-436701890,1,0,0,0,0,0.0,0.0,0.0,true,false,S3-559801350,source3
S1-436758737,2,0,0,0,0,0.0,0.0,0.0,true,false,S2-636785480,source2
S1-436849523,2,1,1,1,1,0.9998,0.0,0.9998,false,true,S2-30902592,source2
S1-436883918,36,0,0,0,0,0.0001,0.0,0.0,true,false,S2-618965407,source2
S1-436985273,6,0,0,0,0,0.0005,0.0003,0.0002,true,false,S2-747466359,source2
S1-437024109,60,0,0,0,0,0.0001,0.0,0.0,true,false,S2-783742216,source2
S1-437056348,2,0,0,0,0,0.0,0.0,0.0,true,false,S3-969788274,source3
S1-437134463,1,0,0,0,0,0.0,0.0,0.0,true,false,S2-585632681,source2
S1-437333243,1,0,0,0,0,0.0,0.0,0.0,true,false,S3-930945712,source3
S1-437422427,3,0,0,0,0,0.0001,0.0001,0.0,true,false,S3-700231434,source3
S1-437426557,1,0,0,0,0,0.0,0.0,0.0,true,false,S3-334679010,source3
S1-437544884,1,0,0,0,0,0.0001,0.0,0.0001,true,false,S3-30556755,source3
S1-437575720,11,0,0,0,0,0.0001,0.0,0.0,true,false,S2-375183247,source2
S1-437735751,3,0,0,0,0,0.0,0.0,0.0,true,false,S3-827484286,source3
S1-437876059,1,0,0,0,0,0.0,0.0,0.0,true,false,S2-6881102,source2
S1-437935291,7,0,0,0,0,0.0002,0.0,0.0002,true,false,S3-294495427,source3
S1-437984860,48,0,0,0,0,0.0,0.0,0.0,true,false,S3-997262493,source3
S1-43799080,40,0,0,0,0,0.0001,0.0001,0.0001,true,false,S3-759743430,source3
S1-438296598,47,0,0,0,0,0.0001,0.0,0.0001,true,false,S2-804860148,source2
S1-438409093,2,0,0,0,0,0.0005,0.0001,0.0004,true,false,S3-46082472,source3
S1-438412607,40,0,0,0,0,0.0,0.0,0.0,true,false,S2-533183444,source2
S1-438430300,30,0,0,0,0,0.0,0.0,0.0,true,false,S3-721753816,source3
S1-438536372,1,0,0,0,0,0.0,0.0,0.0,true,false,S3-798182641,source3
S1-438589761,1,0,0,0,0,0.0,0.0,0.0,true,false,S3-756429759,source3
S1-438638381,57,0,0,0,0,0.0,0.0,0.0,true,false,S2-718235930,source2
S1-43865489,3,0,0,0,0,0.0,0.0,0.0,true,false,S2-699733797,source2
S1-438691202,32,0,0,0,0,0.0,0.0,0.0,true,false,S3-554806679,source3
S1-438770743,39,0,0,0,0,0.7915,0.0,0.7915,true,false,S2-612206634,source2
S1-439111395,1,0,0,0,0,0.116,0.0,0.116,true,false,S2-326452995,source2
S1-439179904,43,0,0,0,0,0.0,0.0,0.0,true,false,S3-614300694,source3
S1-439249992,1,0,0,0,0,0.0,0.0,0.0,true,false,S2-628703660,source2
S1-439374930,1,1,1,1,1,0.9972,0.0,0.9972,false,true,S3-252268841,source3
S1-439517559,2,0,0,0,0,0.0,0.0,0.0,true,false,S3-147279759,source3
S1-439680514,3,0,0,0,0,0.0,0.0,0.0,true,false,S3-295674306,source3
S1-439707525,4,0,0,0,0,0.0,0.0,0.0,true,false,S2-544197083,source2
S1-439817996,32,0,0,0,0,0.0,0.0,0.0,true,false,S3-623966836,source3
S1-439863941,1,0,0,0,0,0.0,0.0,0.0,true,false,S2-903446816,source2
S1-439869810,24,0,0,0,0,0.0,0.0,0.0,true,false,S3-341276511,source3
S1-439921307,39,0,0,0,0,0.0,0.0,0.0,true,false,S3-677230584,source3
S1-439983658,58,0,0,0,0,0.0005,0.0001,0.0005,true,false,S2-724061445,source2
S1-440024889,39,0,0,0,0,0.0001,0.0,0.0001,true,false,S2-157735411,source2
S1-440090412,46,0,0,0,0,0.0,0.0,0.0,true,false,S3-24359295,source3
S1-440103564,1,0,0,0,0,0.0001,0.0,0.0001,true,false,S2-88973736,source2
S1-440186674,22,0,0,0,0,0.0,0.0,0.0,true,false,S3-377012216,source3
S1-44020125,1,0,0,0,0,0.0,0.0,0.0,true,false,S2-945240904,source2
S1-440307619,2,0,0,0,0,0.0,0.0,0.0,true,false,S2-881870797,source2
S1-440310536,3,0,0,0,0,0.0002,0.0001,0.0001,true,false,S3-524402701,source3
S1-440383221,3,0,0,0,0,0.0,0.0,0.0,true,false,S2-775257870,source2
S1-44056579,4,0,0,0,0,0.0,0.0,0.0,true,false,S3-38582448,source3
S1-440664243,83,0,0,0,0,0.0001,0.0,0.0,true,false,S2-575012895,source2
S1-440809279,51,0,0,0,0,0.0,0.0,0.0,true,false,S3-555818589,source3
S1-440878675,1,0,0,0,0,0.0,0.0,0.0,true,false,S3-369128899,source3
S1-440885547,1,0,0,0,0,0.0,0.0,0.0,true,false,S3-642851576,source3
S1-440937763,1,1,1,1,1,0.9995,0.0,0.9995,false,true,S2-943745810,source2
S1-441072227,1,0,0,0,0,0.0001,0.0,0.0001,true,false,S2-387839295,source2
S1-441097127,41,0,0,0,0,0.0001,0.0,0.0001,true,false,S3-809936231,source3
S1-441157657,1,0,0,0,0,0.0,0.0,0.0,true,false,S2-890652884,source2
S1-441339507,8,0,0,0,0,0.0,0.0,0.0,true,false,S2-104150643,source2
S1-441355866,1,1,1,1,1,0.9994,0.0,0.9994,false,true,S3-69406723,source3
S1-441425953,29,0,0,0,0,0.0,0.0,0.0,true,false,S3-487519925,source3
S1-441451250,2,0,0,0,0,0.0001,0.0,0.0001,true,false,S2-666168053,source2
S1-441560491,1,0,0,0,0,0.2364,0.0,0.2364,true,false,S2-136445667,source2
S1-441793204,1,0,0,0,0,0.0,0.0,0.0,true,false,S3-82304919,source3
S1-441816838,2,0,0,0,0,0.0,0.0,0.0,true,false,S2-963704464,source2
S1-441821984,73,1,0,0,0,0.0023,0.0012,0.0011,false,true,S3-890496189,source3
S1-441991565,1,0,0,0,0,0.0,0.0,0.0,true,false,S3-234043023,source3
S1-44209162,1,0,0,0,0,0.0,0.0,0.0,true,false,S2-275519301,source2
S1-442141684,2,0,0,0,0,0.0,0.0,0.0,true,false,S3-891999240,source3
S1-442205824,10,0,0,0,0,0.0003,0.0,0.0003,true,false,S3-875992023,source3
S1-442209506,5,0,0,0,0,0.0,0.0,0.0,true,false,S2-554610011,source2
S1-44224051,1,0,0,0,0,0.0,0.0,0.0,true,false,S2-813279273,source2
S1-442414081,1,1,0,0,0,0.3541,0.0,0.3541,false,true,S2-525122020,source2
S1-442457631,1,0,0,0,0,0.0,0.0,0.0,true,false,S3-163908630,source3
S1-442478759,30,0,0,0,0,0.0,0.0,0.0,true,false,S2-400942794,source2
S1-442507767,2,0,0,0,0,0.0,0.0,0.0,true,false,S2-727517772,source2
S1-44266774,1,1,1,1,1,0.9894,0.0,0.9894,false,true,S2-16498405,source2
S1-442719494,43,0,0,0,0,0.0001,0.0001,0.0,true,false,S2-490736028,source2
S1-442789750,1,0,0,0,0,0.0,0.0,0.0,true,false,S3-525069120,source3
S1-442802399,3,1,1,1,1,0.999,0.0,0.999,false,true,S2-789711070,source2
S1-442889807,1,0,0,0,0,0.0,0.0,0.0,true,false,S3-900945129,source3
S1-442907269,4,0,0,0,0,0.0007,0.0001,0.0006,true,false,S2-198070034,source2
S1-443110536,1,1,1,1,1,0.9998,0.0,0.9998,false,true,S2-43669064,source2
S1-443269406,1,0,0,0,0,0.0,0.0,0.0,true,false,S3-592646417,source3
S1-443318138,56,0,0,0,0,0.0,0.0,0.0,true,false,S3-445045809,source3
S1-443324922,2,0,0,0,0,0.0,0.0,0.0,true,false,S3-902173888,source3
S1-443365273,16,0,0,0,0,0.0,0.0,0.0,true,false,S2-3899069,source2
S1-443611150,2,0,0,0,0,0.0,0.0,0.0,true,false,S3-702961294,source3
S1-443766375,1,0,0,0,0,0.0,0.0,0.0,true,false,S2-145889941,source2
S1-443929888,39,0,0,0,0,0.0,0.0,0.0,true,false,S2-108583420,source2
S1-443945207,42,0,0,0,0,0.0001,0.0,0.0001,true,false,S2-311814169,source2
S1-443953809,46,0,0,0,0,0.0001,0.0,0.0001,true,false,S3-579441293,source3
S1-443974590,1,0,0,0,0,0.1269,0.0,0.1269,true,false,S2-518061805,source2
S1-444035732,8,0,0,0,0,0.5294,0.0071,0.5223,true,false,S3-357505800,source3
S1-444044835,34,0,0,0,0,0.0,0.0,0.0,true,false,S3-828868523,source3
S1-444149322,11,0,0,0,0,0.0,0.0,0.0,true,false,S3-293348382,source3
S1-444167799,1,0,0,0,0,0.0,0.0,0.0,true,false,S3-289911704,source3
S1-444238606,3,0,0,0,0,0.0004,0.0,0.0004,true,false,S2-606924664,source2
S1-444259314,1,0,0,0,0,0.0,0.0,0.0,true,false,S2-570361359,source2
S1-44427760,38,0,0,0,0,0.0,0.0,0.0,true,false,S2-151236622,source2
S1-444385292,1,1,0,0,0,0.1003,0.0,0.1003,false,true,S2-489004332,source2
S1-444412947,3,0,0,0,0,0.0,0.0,0.0,true,false,S2-430961407,source2
S1-444484227,5,0,0,0,0,0.0001,0.0,0.0,true,false,S2-741789915,source2
S1-444500399,61,0,0,0,0,0.0018,0.001,0.0008,true,false,S2-794857806,source2
S1-444698171,1,0,0,0,0,0.0,0.0,0.0,true,false,S3-729648123,source3
S1-444713171,113,0,0,0,0,0.0,0.0,0.0,true,false,S3-895567106,source3
S1-444761187,1,1,1,0,0,0.8638,0.0,0.8638,false,true,S2-568686037,source2
S1-444853132,1,0,0,0,0,0.0,0.0,0.0,true,false,S3-246127570,source3
S1-44489517,35,0,0,0,0,0.0001,0.0,0.0,true,false,S3-497006810,source3
S1-444909190,22,0,0,0,0,0.0,0.0,0.0,true,false,S2-682178941,source2
S1-444955163,36,0,0,0,0,0.0,0.0,0.0,true,false,S3-303859822,source3
S1-44497777,29,0,0,0,0,0.0,0.0,0.0,true,false,S2-293675262,source2
S1-445066177,45,0,0,0,0,0.0,0.0,0.0,true,false,S2-803109636,source2
S1-445085913,3,0,0,0,0,0.0001,0.0,0.0,true,false,S3-926256666,source3
S1-445130458,24,0,0,0,0,0.0,0.0,0.0,true,false,S3-376509191,source3
S1-445131173,2,2,2,2,2,0.9974,0.9915,0.0059,false,true,S3-100537967,source3
S1-445203377,1,0,0,0,0,0.0,0.0,0.0,true,false,S2-460184311,source2
S1-445212726,3,0,0,0,0,0.0001,0.0,0.0001,true,false,S3-148547894,source3
S1-445217631,1,1,0,0,0,0.6489,0.0,0.6489,false,true,S2-166803526,source2
S1-445326752,11,0,0,0,0,0.0002,0.0002,0.0,true,false,S2-97845472,source2
S1-445455950,7,0,0,0,0,0.0827,0.0001,0.0826,true,false,S3-760808873,source3
S1-44549026,31,0,0,0,0,0.0,0.0,0.0,true,false,S3-827261172,source3
S1-445492289,36,0,0,0,0,0.0001,0.0,0.0,true,false,S2-66924417,source2
S1-445563194,1,1,1,1,1,0.9928,0.0,0.9928,false,true,S3-433563065,source3
S1-445655681,25,0,0,0,0,0.005,0.0009,0.0041,true,false,S3-850428491,source3
S1-44576269,1,0,0,0,0,0.0016,0.0,0.0016,true,false,S3-289538942,source3
S1-445895214,53,0,0,0,0,0.0,0.0,0.0,true,false,S2-621153347,source2
S1-446034797,113,0,0,0,0,0.0,0.0,0.0,true,false,S3-887061839,source3
S1-446059976,1,1,1,1,1,0.9935,0.0,0.9935,false,true,S3-473688753,source3
S1-44634215,1,0,0,0,0,0.0,0.0,0.0,true,false,S3-112250484,source3
S1-446823902,1,0,0,0,0,0.8151,0.0,0.8151,true,false,S3-567757341,source3
S1-4468418,2,0,0,0,0,0.0001,0.0,0.0001,true,false,S3-734111268,source3
S1-446912992,1,0,0,0,0,0.0002,0.0,0.0002,true,false,S3-25629565,source3
S1-446986397,1,1,1,1,1,0.989,0.0,0.989,false,true,S2-864792967,source2
S1-447172933,3,0,0,0,0,0.0,0.0,0.0,true,false,S2-74236316,source2
S1-447198627,15,0,0,0,0,0.0,0.0,0.0,true,false,S2-56631800,source2
S1-447348670,1,0,0,0,0,0.0,0.0,0.0,true,false,S3-582519948,source3
S1-447633176,81,0,0,0,0,0.0001,0.0,0.0,true,false,S3-293371023,source3
S1-447640651,1,0,0,0,0,0.0001,0.0,0.0001,true,false,S3-939402555,source3
S1-447900930,1,1,1,1,1,0.9828,0.0,0.9828,false,true,S2-378332790,source2
S1-447998850,28,0,0,0,0,0.0,0.0,0.0,true,false,S2-913030192,source2
S1-44806693,1,0,0,0,0,0.0,0.0,0.0,true,false,S3-167271908,source3
S1-448143865,36,0,0,0,0,0.0,0.0,0.0,true,false,S2-723601409,source2
S1-448219912,1,0,0,0,0,0.0003,0.0,0.0003,true,false,S3-981292383,source3
S1-448345019,30,0,0,0,0,0.0,0.0,0.0,true,false,S2-400942794,source2
S1-448373538,4,0,0,0,0,0.0,0.0,0.0,true,false,S2-74778032,source2
S1-448583772,2,0,0,0,0,0.0,0.0,0.0,true,false,S2-520395904,source2
S1-448650249,38,0,0,0,0,0.0,0.0,0.0,true,false,S3-756290760,source3
S1-448687775,3,0,0,0,0,0.0,0.0,0.0,true,false,S3-131247763,source3
S1-448733076,1,1,1,1,1,0.9966,0.0,0.9966,false,true,S3-922924004,source3
S1-448778808,2,0,0,0,0,0.0,0.0,0.0,true,false,S3-447818998,source3
S1-448808180,2,0,0,0,0,0.0,0.0,0.0,true,false,S2-488887531,source2
S1-449026436,39,0,0,0,0,0.0215,0.0,0.0215,true,false,S3-775559829,source3
S1-449072502,3,0,0,0,0,0.0,0.0,0.0,true,false,S2-106541320,source2
S1-449111526,3,0,0,0,0,0.0,0.0,0.0,true,false,S3-356358051,source3
S1-449187084,4,0,0,0,0,0.0,0.0,0.0,true,false,S2-209578683,source2
S1-449208901,1,0,0,0,0,0.0,0.0,0.0,true,false,S3-63456258,source3
S1-449213331,1,0,0,0,0,0.0,0.0,0.0,true,false,S3-557158637,source3
S1-449384384,1,0,0,0,0,0.0001,0.0,0.0001,true,false,S2-869386886,source2
S1-449436863,31,0,0,0,0,0.0,0.0,0.0,true,false,S3-82569247,source3
S1-449472592,6,0,0,0,0,0.0372,0.0001,0.0371,true,false,S2-308372235,source2
S1-449643256,37,0,0,0,0,0.0,0.0,0.0,true,false,S3-630184262,source3
S1-449746051,1,1,1,1,1,0.9853,0.0,0.9853,false,true,S2-581223239,source2
S1-449796689,1,0,0,0,0,0.0,0.0,0.0,true,false,S3-777044556,source3
S1-449968314,1,0,0,0,0,0.0,0.0,0.0,true,false,S3-640939636,source3
S1-449996405,1,0,0,0,0,0.0,0.0,0.0,true,false,S3-913950232,source3
S1-450041013,1,0,0,0,0,0.0001,0.0,0.0001,true,false,S2-706577316,source2
S1-450227064,2,0,0,0,0,0.0002,0.0001,0.0001,true,false,S2-304620436,source2
S1-450406921,3,0,0,0,0,0.0028,0.0004,0.0023,true,false,S2-454522940,source2
S1-45042939,1,1,1,1,1,0.9813,0.0,0.9813,false,true,S3-484244965,source3
S1-450435243,8,0,0,0,0,0.0001,0.0,0.0,true,false,S3-213354897,source3
S1-450445240,1,0,0,0,0,0.0,0.0,0.0,true,false,S3-256679232,source3
S1-450953044,13,0,0,0,0,0.0,0.0,0.0,true,false,S2-591649583,source2
S1-450976335,2,0,0,0,0,0.0001,0.0,0.0001,true,false,S3-250119433,source3
S1-451027472,1,0,0,0,0,0.0,0.0,0.0,true,false,S2-877431383,source2
S1-451073230,74,0,0,0,0,0.0002,0.0001,0.0001,true,false,S2-485253114,source2
S1-451179345,1,0,0,0,0,0.0,0.0,0.0,true,false,S2-159057096,source2
S1-451464552,1,0,0,0,0,0.0001,0.0,0.0001,true,false,S3-19178445,source3
S1-451512786,15,0,0,0,0,0.0,0.0,0.0,true,false,S2-772964316,source2
S1-451519823,1,0,0,0,0,0.0,0.0,0.0,true,false,S2-70948394,source2
S1-451632001,1,0,0,0,0,0.0,0.0,0.0,true,false,S2-312075837,source2
S1-451853714,1,0,0,0,0,0.0,0.0,0.0,true,false,S2-498424987,source2
S1-451866910,1,0,0,0,0,0.0,0.0,0.0,true,false,S2-824610153,source2
S1-451892808,4,0,0,0,0,0.0,0.0,0.0,true,false,S3-70610666,source3
S1-451993718,1,1,0,0,0,0.1743,0.0,0.1743,false,true,S3-834265629,source3
S1-451998438,1,0,0,0,0,0.0001,0.0,0.0001,true,false,S2-524650056,source2
S1-452015353,2,1,1,1,1,0.9969,0.0,0.9968,false,true,S2-133891194,source2
S1-452178543,1,0,0,0,0,0.0,0.0,0.0,true,false,S2-463758786,source2
S1-452190618,1,1,1,1,1,0.9961,0.0,0.9961,false,true,S3-166403917,source3
S1-452308590,2,0,0,0,0,0.0,0.0,0.0,true,false,S3-872652637,source3
S1-452348462,1,0,0,0,0,0.0,0.0,0.0,true,false,S2-936577116,source2
S1-452522230,1,0,0,0,0,0.0001,0.0,0.0001,true,false,S3-282909814,source3
S1-452657220,1,0,0,0,0,0.0,0.0,0.0,true,false,S2-776979128,source2
S1-452741134,2,0,0,0,0,0.0,0.0,0.0,true,false,S3-991999884,source3
S1-452779249,36,0,0,0,0,0.0,0.0,0.0,true,false,S2-55421595,source2
S1-452964363,21,0,0,0,0,0.0,0.0,0.0,true,false,S3-75689772,source3
S1-452987540,4,0,0,0,0,0.0,0.0,0.0,true,false,S3-513578052,source3
S1-453009776,32,0,0,0,0,0.0001,0.0,0.0,true,false,S2-754627896,source2
S1-453165199,36,0,0,0,0,0.0,0.0,0.0,true,false,S3-262421619,source3
S1-45318326,1,0,0,0,0,0.0,0.0,0.0,true,false,S2-914464011,source2
S1-453218877,39,0,0,0,0,0.0001,0.0,0.0001,true,false,S2-994849688,source2
S1-453241432,1,0,0,0,0,0.0,0.0,0.0,true,false,S3-921880493,source3
S1-453399699,39,0,0,0,0,0.0001,0.0,0.0001,true,false,S3-750026852,source3
S1-45352781,17,0,0,0,0,0.0029,0.0005,0.0024,true,false,S2-618850825,source2
S1-453534303,5,0,0,0,0,0.0,0.0,0.0,true,false,S3-424431238,source3
S1-45370592,1,0,0,0,0,0.0001,0.0,0.0001,true,false,S2-361387824,source2
S1-453939454,1,0,0,0,0,0.0,0.0,0.0,true,false,S3-584703943,source3
S1-454111437,43,0,0,0,0,0.0,0.0,0.0,true,false,S3-338695418,source3
S1-45414958,41,0,0,0,0,0.0,0.0,0.0,true,false,S2-322553696,source2
S1-454231145,1,0,0,0,0,0.0,0.0,0.0,true,false,S2-907215253,source2
S1-454496553,2,0,0,0,0,0.0,0.0,0.0,true,false,S3-344813127,source3
S1-454575051,9,0,0,0,0,0.0009,0.0001,0.0008,true,false,S2-707823545,source2
S1-45463281,41,0,0,0,0,0.0,0.0,0.0,true,false,S2-46428650,source2
S1-454650968,3,0,0,0,0,0.1682,0.0,0.1681,true,false,S2-565474721,source2
S1-45468459,54,0,0,0,0,0.0425,0.0003,0.0422,true,false,S3-648603153,source3
S1-454760542,3,0,0,0,0,0.0001,0.0001,0.0,true,false,S2-146831993,source2
S1-454794696,1,0,0,0,0,0.0,0.0,0.0,true,false,S2-219833091,source2
S1-454907801,7,0,0,0,0,0.0,0.0,0.0,true,false,S3-763456529,source3
S1-455040115,1,1,1,1,1,0.9992,0.0,0.9992,false,true,S3-411179366,source3
S1-455242917,43,0,0,0,0,0.0001,0.0,0.0001,true,false,S3-11114490,source3
S1-455261465,2,0,0,0,0,0.0002,0.0001,0.0002,true,false,S2-74183640,source2
S1-455347168,1,0,0,0,0,0.0,0.0,0.0,true,false,S3-944060825,source3
S1-455355545,2,0,0,0,0,0.0,0.0,0.0,true,false,S2-460585657,source2
S1-455531412,5,0,0,0,0,0.0001,0.0001,0.0,true,false,S3-75343069,source3
S1-455541032,4,0,0,0,0,0.0,0.0,0.0,true,false,S3-115914112,source3
S1-45594107,1,0,0,0,0,0.0,0.0,0.0,true,false,S3-64538595,source3
S1-455943676,1,0,0,0,0,0.0,0.0,0.0,true,false,S3-442396640,source3
S1-455955996,1,0,0,0,0,0.0,0.0,0.0,true,false,S2-540153005,source2
S1-456036159,3,0,0,0,0,0.7866,0.0005,0.7861,true,false,S3-679274443,source3
S1-456091191,2,0,0,0,0,0.0,0.0,0.0,true,false,S2-124538411,source2
S1-456119601,33,0,0,0,0,0.0,0.0,0.0,true,false,S2-438490281,source2
S1-456166288,1,0,0,0,0,0.0,0.0,0.0,true,false,S2-484696498,source2
S1-456207970,2,0,0,0,0,0.0,0.0,0.0,true,false,S3-551241420,source3
S1-456279021,39,0,0,0,0,0.0,0.0,0.0,true,false,S2-996474458,source2
S1-456377382,1,1,0,0,0,0.2049,0.0,0.2049,false,true,S3-924387266,source3
S1-456438341,2,0,0,0,0,0.0,0.0,0.0,true,false,S2-995316928,source2
S1-456475889,2,0,0,0,0,0.0,0.0,0.0,true,false,S3-15013031,source3
S1-45655388,89,0,0,0,0,0.0001,0.0001,0.0,true,false,S3-924029820,source3
S1-456572221,32,0,0,0,0,0.0,0.0,0.0,true,false,S2-529927600,source2
S1-456613684,13,0,0,0,0,0.0007,0.0,0.0007,true,false,S2-597591142,source2
S1-456707725,2,0,0,0,0,0.0001,0.0,0.0,true,false,S3-920432810,source3
S1-456709533,1,0,0,0,0,0.0,0.0,0.0,true,false,S2-605005949,source2
S1-456782592,2,0,0,0,0,0.0,0.0,0.0,true,false,S3-551241420,source3
S1-456786963,2,1,1,1,1,0.994,0.0,0.994,false,true,S3-275632545,source3
S1-456857040,1,0,0,0,0,0.0001,0.0,0.0001,true,false,S2-108351460,source2
S1-457199413,2,1,1,1,1,0.9561,0.0,0.9561,false,true,S3-505453604,source3
S1-457275113,1,0,0,0,0,0.0,0.0,0.0,true,false,S3-899822257,source3
S1-457362396,4,0,0,0,0,0.0,0.0,0.0,true,false,S2-659432679,source2
S1-457451431,1,0,0,0,0,0.0,0.0,0.0,true,false,S3-549031458,source3
S1-457544226,37,1,1,1,1,0.9837,0.0,0.9837,false,true,S2-141686005,source2
S1-457615425,1,1,0,0,0,0.6849,0.0,0.6849,false,true,S2-926575050,source2
S1-457619305,2,0,0,0,0,0.0,0.0,0.0,true,false,S2-650777122,source2
S1-457685961,3,0,0,0,0,0.0,0.0,0.0,true,false,S3-912707759,source3
S1-457711764,2,0,0,0,0,0.0,0.0,0.0,true,false,S2-198353108,source2
S1-457749209,5,0,0,0,0,0.0001,0.0001,0.0,true,false,S2-452914600,source2
S1-457768551,29,0,0,0,0,0.0,0.0,0.0,true,false,S3-781292648,source3
S1-457809459,46,0,0,0,0,0.0,0.0,0.0,true,false,S3-684185311,source3
S1-457841498,40,0,0,0,0,0.0,0.0,0.0,true,false,S3-142246791,source3
S1-457879203,1,0,0,0,0,0.0,0.0,0.0,true,false,S3-732005047,source3
S1-457935815,2,0,0,0,0,0.0,0.0,0.0,true,false,S3-725284850,source3
S1-457946443,5,0,0,0,0,0.0,0.0,0.0,true,false,S3-891045545,source3
S1-458071224,2,0,0,0,0,0.0001,0.0,0.0001,true,false,S3-40802395,source3
S1-458076403,2,0,0,0,0,0.0,0.0,0.0,true,false,S3-808990619,source3
S1-458089375,2,0,0,0,0,0.0,0.0,0.0,true,false,S3-157205645,source3
S1-458223959,2,0,0,0,0,0.0,0.0,0.0,true,false,S2-877023855,source2
S1-458334286,38,0,0,0,0,0.0,0.0,0.0,true,false,S3-70967762,source3
S1-458342629,2,0,0,0,0,0.0,0.0,0.0,true,false,S3-121756813,source3
S1-458402369,2,0,0,0,0,0.0001,0.0001,0.0,true,false,S3-885075943,source3
S1-458529013,3,0,0,0,0,0.0,0.0,0.0,true,false,S2-494433063,source2
S1-458716325,13,0,0,0,0,0.0003,0.0001,0.0002,true,false,S2-225344960,source2
S1-458722850,2,0,0,0,0,0.0,0.0,0.0,true,false,S3-250171885,source3
S1-458776971,3,0,0,0,0,0.0,0.0,0.0,true,false,S2-867065254,source2
S1-458807712,45,0,0,0,0,0.0,0.0,0.0,true,false,S2-149053652,source2
S1-458813085,4,0,0,0,0,0.0,0.0,0.0,true,false,S2-141427427,source2
S1-458854740,30,0,0,0,0,0.0,0.0,0.0,true,false,S3-172089780,source3
S1-458869341,1,1,1,1,1,0.9987,0.0,0.9987,false,true,S2-903791105,source2
S1-458920538,3,0,0,0,0,0.0001,0.0,0.0001,true,false,S2-415597790,source2
S1-459161863,3,0,0,0,0,0.0,0.0,0.0,true,false,S3-622207564,source3
S1-459360033,1,0,0,0,0,0.0,0.0,0.0,true,false,S3-553590754,source3
S1-459498673,1,0,0,0,0,0.0,0.0,0.0,true,false,S2-582174294,source2
S1-459576639,71,0,0,0,0,0.0005,0.0001,0.0004,true,false,S2-216233158,source2
S1-459646277,35,0,0,0,0,0.0,0.0,0.0,true,false,S2-864600696,source2
S1-45964697,1,1,1,1,1,0.9959,0.0,0.9959,false,true,S3-394779841,source3
S1-459696014,42,0,0,0,0,0.0,0.0,0.0,true,false,S2-340786070,source2
S1-459793158,31,0,0,0,0,0.0,0.0,0.0,true,false,S3-692922242,source3
S1-459868019,1,0,0,0,0,0.0001,0.0,0.0001,true,false,S3-901949212,source3
S1-459898634,2,1,1,1,1,0.9936,0.0,0.9936,false,true,S3-557638533,source3
S1-459985367,41,0,0,0,0,0.0001,0.0001,0.0,true,false,S3-828529196,source3
S1-459996080,1,0,0,0,0,0.0,0.0,0.0,true,false,S2-827013711,source2
S1-460071645,52,0,0,0,0,0.0002,0.0001,0.0002,true,false,S2-544993889,source2
S1-460136045,39,0,0,0,0,0.0004,0.0002,0.0002,true,false,S2-713031052,source2
S1-460146213,47,0,0,0,0,0.0,0.0,0.0,true,false,S3-729804401,source3
S1-460184656,10,0,0,0,0,0.0003,0.0001,0.0003,true,false,S2-875063854,source2
S1-460299084,1,0,0,0,0,0.0,0.0,0.0,true,false,S3-141686200,source3
S1-460418215,1,0,0,0,0,0.0,0.0,0.0,true,false,S3-431565370,source3
S1-460595219,3,0,0,0,0,0.0001,0.0,0.0,true,false,S2-983379660,source2
S1-460845609,37,0,0,0,0,0.0,0.0,0.0,true,false,S3-906745557,source3
S1-461018010,3,0,0,0,0,0.0,0.0,0.0,true,false,S3-874441495,source3
S1-461056394,35,0,0,0,0,0.0,0.0,0.0,true,false,S2-864600696,source2
S1-461144982,1,0,0,0,0,0.0,0.0,0.0,true,false,S3-655377880,source3
S1-46127395,1,1,1,1,1,0.9991,0.0,0.9991,false,true,S2-330228627,source2
S1-461322371,1,0,0,0,0,0.0,0.0,0.0,true,false,S2-62315810,source2
S1-461332926,1,0,0,0,0,0.0,0.0,0.0,true,false,S3-497170153,source3
S1-461348063,39,0,0,0,0,0.0,0.0,0.0,true,false,S3-914282506,source3
S1-461584731,1,0,0,0,0,0.0,0.0,0.0,true,false,S3-23033174,source3
S1-461660366,1,1,1,1,1,0.9992,0.0,0.9992,false,true,S2-922765242,source2
S1-461787088,54,0,0,0,0,0.0828,0.0,0.0828,true,false,S3-416117385,source3
S1-462035659,2,0,0,0,0,0.0,0.0,0.0,true,false,S3-915775649,source3
S1-462054058,1,0,0,0,0,0.0001,0.0,0.0001,true,false,S3-5601433,source3
S1-4620786,1,0,0,0,0,0.0,0.0,0.0,true,false,S3-112112297,source3
S1-462269827,4,0,0,0,0,0.0,0.0,0.0,true,false,S2-431525911,source2
S1-462348603,1,1,1,1,1,0.9881,0.0,0.9881,false,true,S2-43306331,source2
S1-462381607,3,0,0,0,0,0.0,0.0,0.0,true,false,S3-645906351,source3
S1-462383343,49,0,0,0,0,0.001,0.0,0.001,true,false,S2-865029092,source2
S1-462386626,2,0,0,0,0,0.0,0.0,0.0,true,false,S2-430576586,source2
S1-462499759,1,0,0,0,0,0.0,0.0,0.0,true,false,S3-918905715,source3
S1-462627347,37,0,0,0,0,0.0,0.0,0.0,true,false,S2-680982543,source2
S1-462717864,3,0,0,0,0,0.0,0.0,0.0,true,false,S2-346097654,source2
S1-462803446,48,0,0,0,0,0.0,0.0,0.0,true,false,S3-548236289,source3
S1-462934046,12,0,0,0,0,0.0002,0.0002,0.0,true,false,S3-597328319,source3
S1-462959378,3,0,0,0,0,0.0,0.0,0.0,true,false,S2-602391865,source2
S1-463001178,1,0,0,0,0,0.0001,0.0,0.0001,true,false,S2-368623790,source2
S1-46331236,40,0,0,0,0,0.0,0.0,0.0,true,false,S2-17776298,source2
S1-463498051,1,1,1,1,1,0.9975,0.0,0.9975,false,true,S3-221513452,source3
S1-463540967,34,0,0,0,0,0.0,0.0,0.0,true,false,S2-42405315,source2
S1-463548524,38,0,0,0,0,0.0,0.0,0.0,true,false,S3-987466116,source3
S1-463553518,1,0,0,0,0,0.0002,0.0,0.0002,true,false,S2-483872730,source2
S1-463572456,2,0,0,0,0,0.0002,0.0,0.0002,true,false,S2-210590084,source2
S1-463572570,2,1,1,1,1,0.9978,0.0,0.9978,false,true,S3-433848729,source3
S1-463602394,41,0,0,0,0,0.0002,0.0001,0.0001,true,false,S3-828529196,source3
S1-463604416,2,0,0,0,0,0.0001,0.0,0.0001,true,false,S3-501268612,source3
S1-463830876,1,0,0,0,0,0.0,0.0,0.0,true,false,S2-437343207,source2
S1-463905866,1,0,0,0,0,0.0,0.0,0.0,true,false,S3-375927054,source3
S1-463917421,6,0,0,0,0,0.0,0.0,0.0,true,false,S2-357044164,source2
S1-464175377,29,0,0,0,0,0.0002,0.0,0.0002,true,false,S2-411518891,source2
S1-464514986,1,0,0,0,0,0.0001,0.0,0.0001,true,false,S3-290825545,source3
S1-464730744,1,0,0,0,0,0.0,0.0,0.0,true,false,S3-193780540,source3
S1-464857294,1,0,0,0,0,0.0,0.0,0.0,true,false,S2-139777201,source2
S1-464887045,1,0,0,0,0,0.0,0.0,0.0,true,false,S2-257545778,source2
S1-465331031,2,0,0,0,0,0.0,0.0,0.0,true,false,S3-617001527,source3
S1-465376969,39,0,0,0,0,0.0,0.0,0.0,true,false,S2-612206634,source2
S1-465407108,4,0,0,0,0,0.0,0.0,0.0,true,false,S3-164106161,source3
S1-465595083,83,0,0,0,0,0.0,0.0,0.0,true,false,S2-622840253,source2
S1-465640503,4,0,0,0,0,0.0,0.0,0.0,true,false,S2-213506150,source2
S1-465795645,1,0,0,0,0,0.0,0.0,0.0,true,false,S2-919826930,source2
S1-465826995,1,1,1,1,1,0.9993,0.0,0.9993,false,true,S2-580842112,source2
S1-465852892,42,0,0,0,0,0.0001,0.0,0.0,true,false,S3-307139168,source3
S1-465855620,49,0,0,0,0,0.0,0.0,0.0,true,false,S2-330793449,source2
S1-465943107,30,0,0,0,0,0.0001,0.0,0.0,true,false,S2-371200780,source2
S1-46615290,1,0,0,0,0,0.0,0.0,0.0,true,false,S2-595912349,source2
S1-466221303,1,0,0,0,0,0.0001,0.0,0.0001,true,false,S3-709524822,source3
S1-466401281,2,0,0,0,0,0.0003,0.0,0.0003,true,false,S2-890421933,source2
S1-466465066,1,0,0,0,0,0.0,0.0,0.0,true,false,S3-361626487,source3
S1-466472356,2,0,0,0,0,0.0001,0.0,0.0001,true,false,S2-793920298,source2
S1-466474148,36,0,0,0,0,0.0,0.0,0.0,true,false,S3-748843940,source3
S1-466575373,46,0,0,0,0,0.0001,0.0,0.0001,true,false,S3-796016690,source3
S1-466579776,2,0,0,0,0,0.0,0.0,0.0,true,false,S2-588886101,source2
S1-466586046,2,0,0,0,0,0.0001,0.0,0.0001,true,false,S3-1635471,source3
S1-466669713,33,0,0,0,0,0.0,0.0,0.0,true,false,S3-504479443,source3
S1-466798467,1,0,0,0,0,0.0,0.0,0.0,true,false,S2-719930872,source2
S1-46696609,2,0,0,0,0,0.0001,0.0,0.0001,true,false,S3-621133436,source3
S1-466975420,1,0,0,0,0,0.0,0.0,0.0,true,false,S3-882938133,source3
S1-467017428,38,0,0,0,0,0.0,0.0,0.0,true,false,S3-70967762,source3
S1-467154035,1,0,0,0,0,0.0,0.0,0.0,true,false,S2-153857566,source2
S1-46716098,2,0,0,0,0,0.0,0.0,0.0,true,false,S3-445602498,source3
S1-467346231,13,0,0,0,0,0.0,0.0,0.0,true,false,S3-778070560,source3
S1-46737571,17,0,0,0,0,0.0001,0.0,0.0001,true,false,S3-648122702,source3
S1-46745889,37,0,0,0,0,0.0,0.0,0.0,true,false,S3-110630740,source3
S1-467519221,3,0,0,0,0,0.0,0.0,0.0,true,false,S3-934164123,source3
S1-467592721,1,0,0,0,0,0.0,0.0,0.0,true,false,S2-217670702,source2
S1-467687218,3,0,0,0,0,0.0001,0.0001,0.0,true,false,S2-892694237,source2
S1-46769949,54,0,0,0,0,0.0001,0.0,0.0,true,false,S2-544679828,source2
S1-467736405,1,0,0,0,0,0.0731,0.0,0.0731,true,false,S2-79732030,source2
S1-46788147,1,0,0,0,0,0.0,0.0,0.0,true,false,S2-862016792,source2
S1-46801320,34,0,0,0,0,0.0,0.0,0.0,true,false,S2-325176208,source2
S1-468098192,16,0,0,0,0,0.0001,0.0001,0.0,true,false,S3-696047635,source3
S1-468126453,1,0,0,0,0,0.0,0.0,0.0,true,false,S2-888934335,source2
S1-468339122,2,0,0,0,0,0.0,0.0,0.0,true,false,S3-79578959,source3
S1-468647745,33,0,0,0,0,0.0,0.0,0.0,true,false,S2-88973736,source2
S1-468681029,1,0,0,0,0,0.0,0.0,0.0,true,false,S2-104852003,source2
S1-468793707,10,0,0,0,0,0.0,0.0,0.0,true,false,S2-638660643,source2
S1-468893451,1,0,0,0,0,0.0,0.0,0.0,true,false,S2-968272081,source2
S1-46916077,2,0,0,0,0,0.0002,0.0,0.0002,true,false,S3-684688527,source3
S1-469197692,1,0,0,0,0,0.0,0.0,0.0,true,false,S2-689632889,source2
S1-469201589,1,0,0,0,0,0.0,0.0,0.0,true,false,S3-31766318,source3
S1-469219828,2,0,0,0,0,0.0,0.0,0.0,true,false,S3-992001661,source3
S1-469269527,3,0,0,0,0,0.0,0.0,0.0,true,false,S3-306085397,source3
S1-469535575,3,0,0,0,0,0.0,0.0,0.0,true,false,S3-288194693,source3
S1-469595223,29,0,0,0,0,0.0,0.0,0.0,true,false,S3-518125467,source3
S1-469618765,5,0,0,0,0,0.0001,0.0001,0.0,true,false,S2-256207897,source2
S1-469739324,3,0,0,0,0,0.0,0.0,0.0,true,false,S3-639362449,source3
S1-469992771,2,0,0,0,0,0.0001,0.0001,0.0,true,false,S2-593972570,source2
S1-47026770,1,0,0,0,0,0.0,0.0,0.0,true,false,S2-722558285,source2
S1-470280256,2,0,0,0,0,0.0,0.0,0.0,true,false,S2-979819679,source2
S1-470322523,54,0,0,0,0,0.0,0.0,0.0,true,false,S3-920701284,source3
S1-470335968,4,0,0,0,0,0.0,0.0,0.0,true,false,S3-137228264,source3
S1-47038877,56,0,0,0,0,0.0004,0.0001,0.0003,true,false,S2-950012781,source2
S1-47040385,34,0,0,0,0,0.0,0.0,0.0,true,false,S3-363354629,source3
S1-470587205,2,0,0,0,0,0.0,0.0,0.0,true,false,S3-590706040,source3
S1-470656971,71,0,0,0,0,0.0,0.0,0.0,true,false,S2-350035116,source2
S1-470829412,1,0,0,0,0,0.0,0.0,0.0,true,false,S2-487805187,source2
S1-470841570,3,0,0,0,0,0.0,0.0,0.0,true,false,S2-841933804,source2
S1-470846050,2,0,0,0,0,0.0,0.0,0.0,true,false,S2-720771033,source2
S1-470867884,1,0,0,0,0,0.0,0.0,0.0,true,false,S3-624186470,source3
S1-471036556,1,0,0,0,0,0.0,0.0,0.0,true,false,S3-486767704,source3
S1-471059993,48,0,0,0,0,0.0,0.0,0.0,true,false,S3-315154339,source3
S1-471113246,1,0,0,0,0,0.0,0.0,0.0,true,false,S2-769630242,source2
S1-471228757,38,0,0,0,0,0.0021,0.0,0.0021,true,false,S3-178736450,source3
S1-47125165,1,0,0,0,0,0.0002,0.0,0.0002,true,false,S3-297361998,source3
S1-471324517,4,0,0,0,0,0.0,0.0,0.0,true,false,S3-274560833,source3
S1-471376742,1,0,0,0,0,0.0,0.0,0.0,true,false,S3-504556895,source3
S1-47138044,4,0,0,0,0,0.0015,0.0005,0.001,true,false,S3-711672186,source3
S1-471465558,17,0,0,0,0,0.0019,0.0001,0.0018,true,false,S2-417455367,source2
S1-471497067,39,0,0,0,0,0.0,0.0,0.0,true,false,S3-694649203,source3
S1-471609423,3,0,0,0,0,0.0,0.0,0.0,true,false,S2-470608147,source2
S1-471651002,1,0,0,0,0,0.0,0.0,0.0,true,false,S2-248784624,source2
S1-471705468,29,0,0,0,0,0.0,0.0,0.0,true,false,S3-716169189,source3
S1-47185754,42,0,0,0,0,0.0,0.0,0.0,true,false,S2-69965969,source2
S1-471894685,2,0,0,0,0,0.0133,0.0,0.0133,true,false,S2-588019144,source2
S1-472015566,1,0,0,0,0,0.0,0.0,0.0,true,false,S3-894515486,source3
S1-472065697,1,0,0,0,0,0.0266,0.0,0.0266,true,false,S2-500583354,source2
S1-472072229,2,0,0,0,0,0.0,0.0,0.0,true,false,S2-503630912,source2
S1-472080761,66,0,0,0,0,0.0,0.0,0.0,true,false,S2-442717160,source2
S1-472111919,36,0,0,0,0,0.0,0.0,0.0,true,false,S2-564112793,source2
S1-472167909,32,0,0,0,0,0.0,0.0,0.0,true,false,S3-421416518,source3
S1-472197481,2,0,0,0,0,0.0,0.0,0.0,true,false,S2-103249097,source2
S1-47225325,1,1,1,1,1,0.9992,0.0,0.9992,false,true,S3-642783386,source3
S1-472286544,34,0,0,0,0,0.0001,0.0,0.0,true,false,S2-115146211,source2
S1-472323335,26,0,0,0,0,0.0,0.0,0.0,true,false,S3-506300528,source3
S1-472356010,1,0,0,0,0,0.0,0.0,0.0,true,false,S2-539867790,source2
S1-472562621,1,1,1,1,1,0.999,0.0,0.999,false,true,S2-515364830,source2
S1-472770480,52,0,0,0,0,0.0001,0.0,0.0001,true,false,S3-170893570,source3
S1-472835214,3,0,0,0,0,0.0,0.0,0.0,true,false,S3-33016818,source3
S1-472910122,6,0,0,0,0,0.0,0.0,0.0,true,false,S2-165930564,source2
S1-472977641,3,0,0,0,0,0.0,0.0,0.0,true,false,S3-587566349,source3
S1-473031691,1,1,0,0,0,0.702,0.0,0.702,false,true,S3-302536080,source3
S1-473087834,34,0,0,0,0,0.0,0.0,0.0,true,false,S2-469023043,source2
S1-473212524,1,0,0,0,0,0.0,0.0,0.0,true,false,S3-913098563,source3
S1-473329681,1,0,0,0,0,0.001,0.0,0.001,true,false,S3-257578185,source3
S1-473375664,2,0,0,0,0,0.0,0.0,0.0,true,false,S3-651751134,source3
S1-473457376,1,1,1,1,1,0.9995,0.0,0.9995,false,true,S2-31609229,source2
S1-473471482,12,0,0,0,0,0.0018,0.0005,0.0013,true,false,S2-32461760,source2
S1-473735010,4,0,0,0,0,0.0,0.0,0.0,true,false,S2-859323863,source2
S1-47380267,42,0,0,0,0,0.0,0.0,0.0,true,false,S2-107389460,source2
S1-473816108,4,0,0,0,0,0.0,0.0,0.0,true,false,S2-411328549,source2
S1-473959143,37,0,0,0,0,0.0,0.0,0.0,true,false,S2-625682061,source2
S1-474154427,2,0,0,0,0,0.0,0.0,0.0,true,false,S3-438071306,source3
S1-47430352,2,0,0,0,0,0.0004,0.0,0.0003,true,false,S3-94098514,source3
S1-474310615,1,0,0,0,0,0.5967,0.0,0.5967,true,false,S2-161949377,source2
S1-47431587,1,1,1,1,1,0.9969,0.0,0.9969,false,true,S3-524549693,source3
S1-474398689,58,0,0,0,0,0.0004,0.0,0.0004,true,false,S2-203195263,source2
S1-474605087,66,0,0,0,0,0.0,0.0,0.0,true,false,S3-268754508,source3
S1-474680967,12,0,0,0,0,0.0,0.0,0.0,true,false,S3-643444893,source3
S1-474683982,1,0,0,0,0,0.0004,0.0,0.0004,true,false,S2-582912571,source2
S1-474694393,27,0,0,0,0,0.0005,0.0001,0.0004,true,false,S2-626674166,source2
S1-474818718,2,0,0,0,0,0.0,0.0,0.0,true,false,S3-126016415,source3
S1-474948461,1,0,0,0,0,0.0,0.0,0.0,true,false,S2-156688612,source2
S1-474997434,2,0,0,0,0,0.0,0.0,0.0,true,false,S3-752802069,source3
S1-475242468,5,0,0,0,0,0.0,0.0,0.0,true,false,S2-902002260,source2
S1-475249577,41,1,0,0,0,0.3971,0.0001,0.397,false,true,S3-359282372,source3
S1-475256560,2,0,0,0,0,0.0091,0.0001,0.0091,true,false,S2-610487117,source2
S1-475260329,1,0,0,0,0,0.0001,0.0,0.0001,true,false,S3-294496488,source3
S1-475375833,2,0,0,0,0,0.0,0.0,0.0,true,false,S2-718855624,source2
S1-475471325,1,0,0,0,0,0.0,0.0,0.0,true,false,S3-476345890,source3
S1-475533649,1,0,0,0,0,0.0,0.0,0.0,true,false,S3-534247734,source3
S1-475736552,3,0,0,0,0,0.0003,0.0,0.0003,true,false,S3-57914560,source3
S1-475750986,1,0,0,0,0,0.0,0.0,0.0,true,false,S3-738864801,source3
S1-475934373,3,0,0,0,0,0.0001,0.0,0.0001,true,false,S3-900644726,source3
S1-475957652,3,0,0,0,0,0.0,0.0,0.0,true,false,S2-337275476,source2
S1-476023996,42,0,0,0,0,0.0,0.0,0.0,true,false,S3-92624949,source3
S1-476195607,45,0,0,0,0,0.0,0.0,0.0,true,false,S2-834353592,source2
S1-47620116,2,0,0,0,0,0.0,0.0,0.0,true,false,S3-535516871,source3
S1-476292550,1,0,0,0,0,0.001,0.0,0.001,true,false,S2-152635829,source2
S1-476293704,1,0,0,0,0,0.0,0.0,0.0,true,false,S2-645851389,source2
S1-476307303,1,1,1,1,1,0.9538,0.0,0.9538,false,true,S2-706628331,source2
S1-476431309,2,0,0,0,0,0.0,0.0,0.0,true,false,S2-629091729,source2
S1-47647909,3,0,0,0,0,0.0,0.0,0.0,true,false,S2-590093523,source2
S1-476489337,1,0,0,0,0,0.0,0.0,0.0,true,false,S3-87079995,source3
S1-476647651,1,0,0,0,0,0.0001,0.0,0.0001,true,false,S3-856118334,source3
S1-476721607,40,0,0,0,0,0.0,0.0,0.0,true,false,S3-519497142,source3
S1-476830031,1,0,0,0,0,0.0,0.0,0.0,true,false,S3-413822412,source3
S1-476831471,60,0,0,0,0,0.0,0.0,0.0,true,false,S2-392531074,source2
S1-477147704,1,0,0,0,0,0.0,0.0,0.0,true,false,S3-608288581,source3
S1-477149670,25,0,0,0,0,0.041,0.0001,0.0409,true,false,S2-773980260,source2
S1-477242620,1,0,0,0,0,0.0,0.0,0.0,true,false,S2-300933001,source2
S1-477256579,7,0,0,0,0,0.0001,0.0001,0.0001,true,false,S3-860602963,source3
S1-477308019,13,0,0,0,0,0.0001,0.0001,0.0,true,false,S2-333197009,source2
S1-477343565,1,0,0,0,0,0.0,0.0,0.0,true,false,S2-803866604,source2
S1-477379918,25,0,0,0,0,0.0001,0.0001,0.0,true,false,S2-775254406,source2
S1-477436863,2,0,0,0,0,0.0,0.0,0.0,true,false,S3-270105444,source3
S1-47748466,2,0,0,0,0,0.0002,0.0,0.0002,true,false,S3-337760507,source3
S1-477525759,1,0,0,0,0,0.0,0.0,0.0,true,false,S2-170340188,source2
S1-477608148,3,2,2,2,2,0.9996,0.9901,0.0096,false,true,S2-988142093,source2
S1-47765963,42,0,0,0,0,0.0,0.0,0.0,true,false,S2-768056427,source2
S1-47773771,17,0,0,0,0,0.0002,0.0001,0.0001,true,false,S2-292607827,source2
S1-477859526,11,0,0,0,0,0.0,0.0,0.0,true,false,S3-192882328,source3
S1-477891278,3,1,1,1,1,0.9996,0.0,0.9996,false,true,S2-969392100,source2
S1-478260814,1,0,0,0,0,0.0,0.0,0.0,true,false,S3-755574816,source3
S1-478284179,7,0,0,0,0,0.0,0.0,0.0,true,false,S3-437043882,source3
S1-478336388,3,0,0,0,0,0.0001,0.0,0.0,true,false,S2-680125018,source2
S1-478383522,1,0,1,1,1,0.9876,0.0,0.9876,true,false,S3-292290735,source3
S1-478432801,56,0,0,0,0,0.0,0.0,0.0,true,false,S3-301461097,source3
S1-478639050,1,0,0,0,0,0.0,0.0,0.0,true,false,S2-422547343,source2
S1-478656373,9,0,0,0,0,0.0,0.0,0.0,true,false,S3-985964372,source3
S1-47869953,1,0,0,0,0,0.0001,0.0,0.0001,true,false,S3-138299719,source3
S1-478794699,16,0,0,0,0,0.0002,0.0002,0.0,true,false,S2-867907150,source2
S1-478856108,3,0,0,0,0,0.0,0.0,0.0,true,false,S3-375882018,source3
S1-479210097,1,0,0,0,0,0.0,0.0,0.0,true,false,S2-43147354,source2
S1-479400268,1,0,0,0,0,0.0003,0.0,0.0003,true,false,S2-337940423,source2
S1-479453814,1,0,0,0,0,0.0,0.0,0.0,true,false,S3-24602779,source3
S1-479482102,2,0,0,0,0,0.0001,0.0,0.0001,true,false,S2-682509708,source2
S1-47967970,2,0,0,0,0,0.0001,0.0001,0.0,true,false,S3-759743430,source3
S1-479736086,44,0,0,0,0,0.0,0.0,0.0,true,false,S2-88773721,source2
S1-479824122,42,0,0,0,0,0.0,0.0,0.0,true,false,S2-621450423,source2
S1-479946365,1,0,0,0,0,0.0,0.0,0.0,true,false,S3-971540785,source3
S1-479997542,1,0,0,0,0,0.0,0.0,0.0,true,false,S2-602423628,source2
S1-480000136,2,0,0,0,0,0.0,0.0,0.0,true,false,S2-488887531,source2
S1-480055007,1,1,1,1,1,0.999,0.0,0.999,false,true,S2-761679848,source2
S1-480058070,1,0,0,0,0,0.0,0.0,0.0,true,false,S3-555409667,source3
S1-480381026,5,0,0,0,0,0.0001,0.0001,0.0,true,false,S3-423928586,source3
S1-480390410,42,0,0,0,0,0.0001,0.0,0.0,true,false,S2-810986213,source2
S1-480482281,43,0,0,0,0,0.0,0.0,0.0,true,false,S3-539865899,source3
S1-480516407,34,0,0,0,0,0.0,0.0,0.0,true,false,S2-181576058,source2
S1-48055919,2,0,0,0,0,0.0,0.0,0.0,true,false,S2-322493640,source2
S1-480761541,41,0,0,0,0,0.0,0.0,0.0,true,false,S3-224530253,source3
S1-480806934,1,0,0,0,0,0.0001,0.0,0.0001,true,false,S2-580451376,source2
S1-480894352,4,0,0,0,0,0.0001,0.0,0.0,true,false,S3-194493515,source3
S1-480944988,1,0,0,0,0,0.0,0.0,0.0,true,false,S3-900319772,source3
S1-481053314,26,0,0,0,0,0.0,0.0,0.0,true,false,S3-631372982,source3
S1-48105643,61,0,0,0,0,0.0,0.0,0.0,true,false,S2-488319175,source2
S1-481261914,1,1,1,1,1,0.9909,0.0,0.9909,false,true,S3-823883165,source3
S1-481298035,48,0,0,0,0,0.0,0.0,0.0,true,false,S3-401129624,source3
S1-481334655,1,0,0,0,0,0.0,0.0,0.0,true,false,S3-861928507,source3
S1-481363029,38,0,0,0,0,0.2888,0.0,0.2888,true,false,S3-408779192,source3
S1-481373239,1,0,0,0,0,0.0,0.0,0.0,true,false,S2-688488177,source2
S1-481406384,4,0,0,0,0,0.0002,0.0001,0.0001,true,false,S3-737670101,source3
S1-481507276,1,0,0,0,0,0.0,0.0,0.0,true,false,S3-214773216,source3
S1-481527936,1,0,0,0,0,0.0001,0.0,0.0001,true,false,S2-941102326,source2
S1-481652414,2,0,0,0,0,0.0,0.0,0.0,true,false,S3-643405329,source3
S1-481666470,1,0,0,0,0,0.0,0.0,0.0,true,false,S2-206905313,source2
S1-481927230,1,0,0,0,0,0.0,0.0,0.0,true,false,S2-979085903,source2
S1-48192961,4,0,0,0,0,0.8034,0.0002,0.8032,true,false,S3-152429602,source3
S1-481932363,2,0,0,0,0,0.0,0.0,0.0,true,false,S3-230359993,source3
S1-482132461,5,0,0,0,0,0.0005,0.0,0.0004,true,false,S2-59761546,source2
S1-482225278,2,0,0,0,0,0.0,0.0,0.0,true,false,S3-180238750,source3
S1-482262686,29,0,0,0,0,0.0,0.0,0.0,true,false,S3-476901986,source3
S1-482286138,52,0,0,0,0,0.0001,0.0001,0.0,true,false,S2-623758944,source2
S1-482297851,2,0,0,0,0,0.0,0.0,0.0,true,false,S3-990189194,source3
S1-482349925,1,0,0,0,0,0.0,0.0,0.0,true,false,S2-426381800,source2
S1-482376692,1,0,0,0,0,0.0916,0.0,0.0916,true,false,S2-383767542,source2
S1-48241570,30,0,0,0,0,0.0,0.0,0.0,true,false,S2-227919796,source2
S1-482569494,46,0,0,0,0,0.0,0.0,0.0,true,false,S2-111262131,source2
S1-482616130,67,0,0,0,0,0.0,0.0,0.0,true,false,S2-547598665,source2
S1-482850607,58,0,0,0,0,0.0,0.0,0.0,true,false,S3-567116410,source3
S1-482913899,29,0,0,0,0,0.0,0.0,0.0,true,false,S3-330535239,source3
S1-48300248,37,0,0,0,0,0.0006,0.0,0.0006,true,false,S3-673460314,source3
S1-483126489,4,0,0,0,0,0.0001,0.0001,0.0,true,false,S3-768959898,source3
S1-483140947,1,0,0,0,0,0.0,0.0,0.0,true,false,S3-813661911,source3
S1-483233361,2,0,0,0,0,0.0,0.0,0.0,true,false,S3-402335762,source3
S1-48324905,2,0,0,0,0,0.0001,0.0,0.0,true,false,S3-988646809,source3
S1-483352659,3,0,0,0,0,0.0001,0.0001,0.0,true,false,S3-576819474,source3
S1-483371695,1,0,0,0,0,0.0,0.0,0.0,true,false,S2-834942927,source2
S1-483434064,36,0,0,0,0,0.0,0.0,0.0,true,false,S2-66924417,source2
S1-483496569,2,0,0,0,0,0.0,0.0,0.0,true,false,S2-488186065,source2
S1-48353843,1,0,0,0,0,0.0,0.0,0.0,true,false,S3-965254149,source3
S1-483656830,1,0,0,0,0,0.0,0.0,0.0,true,false,S2-364875531,source2
S1-483854199,2,0,0,0,0,0.0,0.0,0.0,true,false,S3-333821736,source3
S1-483905548,45,0,0,0,0,0.0,0.0,0.0,true,false,S2-803109636,source2
S1-483993700,23,0,0,0,0,0.0,0.0,0.0,true,false,S2-741508060,source2
S1-484133102,1,0,0,0,0,0.0,0.0,0.0,true,false,S2-297147254,source2
S1-484162539,1,0,0,0,0,0.0,0.0,0.0,true,false,S3-651913811,source3
S1-484326657,1,0,0,0,0,0.0,0.0,0.0,true,false,S2-761989439,source2
S1-484464863,8,0,0,0,0,0.0,0.0,0.0,true,false,S2-611776626,source2
S1-484509356,20,0,0,0,0,0.0002,0.0001,0.0001,true,false,S2-725049898,source2
S1-484639219,1,1,1,1,0,0.9369,0.0,0.9369,false,true,S3-389158466,source3
S1-484643107,35,0,0,0,0,0.0001,0.0001,0.0,true,false,S3-184735816,source3
S1-484659365,1,0,0,0,0,0.0003,0.0,0.0003,true,false,S3-994296520,source3
S1-484728325,2,0,0,0,0,0.0,0.0,0.0,true,false,S2-682660453,source2
S1-484761650,1,0,0,0,0,0.0,0.0,0.0,true,false,S2-768546172,source2
S1-484893855,1,0,0,0,0,0.0,0.0,0.0,true,false,S3-413103989,source3
S1-484951417,13,0,0,0,0,0.0001,0.0,0.0001,true,false,S3-124043368,source3
S1-485141565,5,0,0,0,0,0.0001,0.0001,0.0,true,false,S2-798504456,source2
S1-485267784,1,0,0,0,0,0.0,0.0,0.0,true,false,S2-811086572,source2
S1-485356577,48,0,0,0,0,0.0001,0.0,0.0,true,false,S3-682484756,source3
S1-485622086,67,0,0,0,0,0.0,0.0,0.0,true,false,S3-673840836,source3
S1-485825054,1,0,0,0,0,0.0,0.0,0.0,true,false,S3-554376645,source3
S1-48588890,19,0,0,0,0,0.0003,0.0001,0.0002,true,false,S2-792863313,source2
S1-486019907,49,0,0,0,0,0.0001,0.0001,0.0,true,false,S3-740833339,source3
S1-486143808,32,0,0,0,0,0.0001,0.0,0.0001,true,false,S2-88973736,source2
S1-486185859,3,0,0,0,0,0.0,0.0,0.0,true,false,S3-872652637,source3
S1-486198122,73,0,0,0,0,0.0,0.0,0.0,true,false,S2-902614620,source2
S1-486210065,2,0,0,0,0,0.0,0.0,0.0,true,false,S3-947089034,source3
S1-486271462,2,0,0,0,0,0.0,0.0,0.0,true,false,S3-115448409,source3
S1-486296456,50,0,0,0,0,0.0016,0.0001,0.0015,true,false,S3-236390144,source3
S1-486344682,1,0,0,0,0,0.0,0.0,0.0,true,false,S3-599377573,source3
S1-486389191,6,0,0,0,0,0.0087,0.0004,0.0082,true,false,S2-655597234,source2
S1-486634482,4,0,0,0,0,0.0,0.0,0.0,true,false,S3-332936295,source3
S1-486864366,3,0,0,0,0,0.0002,0.0,0.0002,true,false,S2-774226382,source2
S1-486867056,1,0,0,0,0,0.0118,0.0,0.0118,true,false,S2-126464482,source2
S1-486907228,43,0,0,0,0,0.0,0.0,0.0,true,false,S3-773411934,source3
S1-487032061,1,0,0,0,0,0.0,0.0,0.0,true,false,S3-941746145,source3
S1-487043412,1,0,0,0,0,0.0,0.0,0.0,true,false,S3-233220343,source3
S1-48711788,57,0,0,0,0,0.0003,0.0002,0.0001,true,false,S2-583467355,source2
S1-487154804,1,0,0,0,0,0.0,0.0,0.0,true,false,S2-23901043,source2
S1-487182924,42,0,0,0,0,0.0,0.0,0.0,true,false,S2-602339747,source2
S1-487183530,8,0,0,0,0,0.0001,0.0,0.0001,true,false,S3-754875029,source3
S1-487235852,1,1,1,1,1,0.9679,0.0,0.9679,false,true,S3-776708025,source3
S1-487415868,1,1,1,1,1,0.9837,0.0,0.9837,false,true,S2-943171315,source2
S1-487421109,30,0,0,0,0,0.0,0.0,0.0,true,false,S2-347967135,source2
S1-487449323,22,0,0,0,0,0.0002,0.0001,0.0001,true,false,S2-133891194,source2
S1-48770099,5,0,0,0,0,0.0,0.0,0.0,true,false,S3-772156859,source3
S1-487776979,6,0,0,0,0,0.0003,0.0,0.0002,true,false,S3-264954180,source3
S1-487857141,43,0,0,0,0,0.0,0.0,0.0,true,false,S3-525282662,source3
S1-488051414,44,0,0,0,0,0.0,0.0,0.0,true,false,S2-642831788,source2
S1-48832342,46,0,0,0,0,0.0001,0.0,0.0001,true,false,S2-800869900,source2
S1-488332580,14,0,0,0,0,0.0197,0.0026,0.0171,true,false,S3-859639996,source3
S1-48837061,2,0,0,0,0,0.0,0.0,0.0,true,false,S3-257000231,source3
S1-488645480,15,0,0,0,0,0.0001,0.0,0.0001,true,false,S2-586347120,source2
S1-488681298,1,0,0,0,0,0.0,0.0,0.0,true,false,S3-487141031,source3
S1-488828649,25,0,0,0,0,0.0,0.0,0.0,true,false,S2-282819380,source2
S1-488871702,1,1,0,0,0,0.116,0.0,0.116,false,true,S2-241944951,source2
S1-488979626,1,1,1,1,1,0.9734,0.0,0.9734,false,true,S3-495070967,source3
S1-489169236,1,0,0,0,0,0.0,0.0,0.0,true,false,S3-834882218,source3
S1-48928808,113,0,0,0,0,0.0,0.0,0.0,true,false,S3-344183576,source3
S1-489772204,51,0,0,0,0,0.0,0.0,0.0,true,false,S3-294722684,source3
S1-489817305,1,0,0,0,0,0.0,0.0,0.0,true,false,S3-147741764,source3
S1-489995071,29,0,0,0,0,0.0001,0.0,0.0001,true,false,S2-855535637,source2
S1-490144809,2,0,0,0,0,0.0,0.0,0.0,true,false,S2-440331380,source2
S1-49032225,38,0,0,0,0,0.0,0.0,0.0,true,false,S2-543459874,source2
S1-490383704,1,1,1,1,0,0.9476,0.0,0.9476,false,true,S2-403433940,source2
S1-490473619,1,0,0,0,0,0.0,0.0,0.0,true,false,S3-273130398,source3
S1-49053384,1,0,0,0,0,0.0,0.0,0.0,true,false,S3-716893463,source3
S1-490559969,7,0,0,0,0,0.0001,0.0,0.0,true,false,S3-797505453,source3
S1-490689266,1,1,1,1,1,0.9827,0.0,0.9827,false,true,S3-316238241,source3
S1-490725588,33,0,0,0,0,0.0,0.0,0.0,true,false,S2-934812140,source2
S1-490748403,22,0,0,0,0,0.0,0.0,0.0,true,false,S3-834328940,source3
S1-490801230,57,0,0,0,0,0.0,0.0,0.0,true,false,S3-257823186,source3
S1-490917776,1,0,0,0,0,0.0,0.0,0.0,true,false,S3-439119586,source3
S1-490933364,1,0,0,0,0,0.0001,0.0,0.0001,true,false,S2-475961407,source2
S1-490994077,1,0,0,0,0,0.0,0.0,0.0,true,false,S2-531062265,source2
S1-491141800,1,0,0,0,0,0.0,0.0,0.0,true,false,S3-923885465,source3
S1-491204002,22,0,0,0,0,0.0,0.0,0.0,true,false,S3-956754780,source3
S1-491337400,1,0,0,0,0,0.0,0.0,0.0,true,false,S3-919425802,source3
S1-491421997,1,0,0,0,0,0.0,0.0,0.0,true,false,S2-750993116,source2
S1-491603845,1,0,0,0,0,0.0,0.0,0.0,true,false,S3-250393894,source3
S1-491664006,45,0,0,0,0,0.0,0.0,0.0,true,false,S2-834353592,source2
S1-491878623,1,0,0,0,0,0.0,0.0,0.0,true,false,S3-638153798,source3
S1-491903032,4,0,0,0,0,0.1785,0.0,0.1785,true,false,S3-272559754,source3
S1-491904517,1,0,0,0,0,0.1913,0.0,0.1913,true,false,S3-356898073,source3
S1-491973276,53,0,0,0,0,0.0007,0.0006,0.0001,true,false,S3-78523936,source3
S1-49204498,1,0,0,0,0,0.0001,0.0,0.0001,true,false,S2-670759440,source2
S1-492200919,40,0,0,0,0,0.0,0.0,0.0,true,false,S3-490534908,source3
S1-492232458,36,0,0,0,0,0.0,0.0,0.0,true,false,S3-748843940,source3
S1-492323372,2,0,0,0,0,0.0615,0.0004,0.0611,true,false,S2-278357420,source2
S1-49235336,1,0,0,0,0,0.0,0.0,0.0,true,false,S3-528153832,source3
S1-492396479,39,0,0,0,0,0.0,0.0,0.0,true,false,S2-230441924,source2
S1-492433186,1,0,0,0,0,0.0,0.0,0.0,true,false,S2-987389053,source2
S1-492467148,6,0,0,0,0,0.0,0.0,0.0,true,false,S3-178421278,source3
S1-492761709,52,0,0,0,0,0.0004,0.0001,0.0003,true,false,S2-110461118,source2
S1-492793391,2,0,0,0,0,0.0,0.0,0.0,true,false,S3-207262214,source3
S1-492906807,1,1,1,1,1,0.998,0.0,0.998,false,true,S2-296211902,source2
S1-493193800,42,0,0,0,0,0.0,0.0,0.0,true,false,S3-81829926,source3
S1-493265091,52,1,1,1,1,0.9921,0.0,0.9921,false,true,S3-117918192,source3
S1-493292626,1,0,0,0,0,0.0,0.0,0.0,true,false,S3-623144530,source3
S1-493794660,2,0,0,0,0,0.0,0.0,0.0,true,false,S2-863964512,source2
S1-49382308,1,0,0,0,0,0.0273,0.0,0.0273,true,false,S3-169632360,source3
S1-494028959,1,0,0,0,0,0.0,0.0,0.0,true,false,S3-801897899,source3
S1-494100673,1,0,0,0,0,0.0,0.0,0.0,true,false,S3-3142726,source3
S1-494201733,1,0,0,0,0,0.0,0.0,0.0,true,false,S2-497166480,source2
S1-494247507,1,0,0,0,0,0.0,0.0,0.0,true,false,S2-439932778,source2
S1-494268853,3,0,0,0,0,0.0,0.0,0.0,true,false,S2-855323790,source2
S1-494382781,1,0,0,0,0,0.0,0.0,0.0,true,false,S3-832025037,source3
S1-494570981,1,0,0,0,0,0.0,0.0,0.0,true,false,S3-352036107,source3
S1-494577462,1,0,0,0,0,0.0,0.0,0.0,true,false,S2-238501066,source2
S1-49462470,44,0,0,0,0,0.0784,0.0161,0.0624,true,false,S2-774426640,source2
S1-494658105,4,0,0,0,0,0.1649,0.0001,0.1648,true,false,S2-754430630,source2
S1-494671234,1,0,0,0,0,0.0,0.0,0.0,true,false,S2-761462798,source2
S1-495197077,1,0,0,0,0,0.0001,0.0,0.0001,true,false,S2-771021444,source2
S1-495204242,1,0,0,0,0,0.0,0.0,0.0,true,false,S3-103089690,source3
S1-49531495,33,0,0,0,0,0.0,0.0,0.0,true,false,S3-351276411,source3
S1-495348398,6,0,0,0,0,0.0001,0.0001,0.0,true,false,S3-659993517,source3
S1-49535321,4,0,0,0,0,0.0,0.0,0.0,true,false,S3-344524194,source3
S1-495361147,2,0,0,0,0,0.0,0.0,0.0,true,false,S3-420006796,source3
S1-495411319,44,0,0,0,0,0.0,0.0,0.0,true,false,S2-88773721,source2
S1-495445024,1,0,0,0,0,0.0,0.0,0.0,true,false,S2-290342295,source2
S1-49552474,14,0,0,0,0,0.0,0.0,0.0,true,false,S2-341785772,source2
S1-495565221,1,1,1,1,1,0.9995,0.0,0.9995,false,true,S2-192139561,source2
S1-495607447,2,1,1,1,1,0.9973,0.0,0.9973,false,true,S3-150344127,source3
S1-495643608,1,0,0,0,0,0.0,0.0,0.0,true,false,S2-160979579,source2
S1-495689329,2,0,0,0,0,0.0001,0.0,0.0,true,false,S3-412762197,source3
S1-495908162,1,0,0,0,0,0.0,0.0,0.0,true,false,S3-935409009,source3
S1-496069384,1,0,0,0,0,0.0001,0.0,0.0001,true,false,S3-493650221,source3
S1-496095088,67,0,0,0,0,0.0007,0.0,0.0007,true,false,S2-22913222,source2
S1-4962391,1,1,1,1,1,0.9996,0.0,0.9996,false,true,S2-871533737,source2
S1-496255361,1,0,0,0,0,0.0,0.0,0.0,true,false,S3-326558565,source3
S1-496261785,2,0,0,0,0,0.0,0.0,0.0,true,false,S2-459292686,source2
S1-4962711,1,0,0,0,0,0.0,0.0,0.0,true,false,S3-827087056,source3
S1-496346323,3,0,0,0,0,0.0001,0.0001,0.0,true,false,S2-332419658,source2
S1-496359524,2,0,0,0,0,0.0138,0.0,0.0138,true,false,S2-463777398,source2
S1-496446933,1,0,0,0,0,0.2855,0.0,0.2855,true,false,S2-915769300,source2
S1-496507542,1,0,0,0,0,0.0,0.0,0.0,true,false,S3-855854261,source3
S1-496558695,47,0,0,0,0,0.0,0.0,0.0,true,false,S2-337644802,source2
S1-496563197,16,0,0,0,0,0.0002,0.0,0.0002,true,false,S3-417129458,source3
S1-496688637,1,0,0,0,0,0.0,0.0,0.0,true,false,S2-483919065,source2
S1-49676790,1,0,0,0,0,0.0002,0.0,0.0002,true,false,S2-649750157,source2
S1-496808170,35,0,0,0,0,0.0,0.0,0.0,true,false,S3-300964048,source3
S1-496888913,69,0,0,0,0,0.0001,0.0,0.0,true,false,S2-769593268,source2
S1-497025592,49,0,0,0,0,0.0005,0.0,0.0005,true,false,S3-765325140,source3
S1-497160394,2,0,0,0,0,0.0,0.0,0.0,true,false,S3-299347447,source3
S1-497210711,2,0,0,0,0,0.0,0.0,0.0,true,false,S3-98907212,source3
S1-497247261,1,0,0,0,0,0.0,0.0,0.0,true,false,S3-818320083,source3
S1-497448595,53,0,0,0,0,0.0,0.0,0.0,true,false,S3-995989225,source3
S1-497653195,2,0,0,0,0,0.0,0.0,0.0,true,false,S3-26497400,source3
S1-497657006,1,0,0,0,0,0.0,0.0,0.0,true,false,S3-403724993,source3
S1-497758363,53,0,0,0,0,0.0001,0.0,0.0001,true,false,S3-123569279,source3
S1-497825592,2,0,0,0,0,0.0697,0.0613,0.0084,true,false,S3-451118302,source3
S1-497927579,1,0,0,0,0,0.0,0.0,0.0,true,false,S2-152104891,source2
S1-497964808,1,1,0,0,0,0.3014,0.0,0.3014,false,true,S3-190748154,source3
S1-497997494,52,1,1,1,1,0.9972,0.0001,0.9972,false,true,S3-166030131,source3
S1-498316043,1,0,0,0,0,0.0,0.0,0.0,true,false,S3-11522767,source3
S1-498471101,46,0,0,0,0,0.0,0.0,0.0,true,false,S3-684185311,source3
S1-498503363,29,0,0,0,0,0.0,0.0,0.0,true,false,S2-689329503,source2
S1-498516323,1,0,0,0,0,0.0,0.0,0.0,true,false,S3-174444508,source3
S1-498537883,42,0,0,0,0,0.0005,0.0001,0.0004,true,false,S3-697004950,source3
S1-498569847,1,0,0,0,0,0.0,0.0,0.0,true,false,S3-458156761,source3
S1-498662924,1,1,1,1,1,0.9866,0.0,0.9866,false,true,S3-39055578,source3
S1-498738124,7,0,0,0,0,0.0002,0.0001,0.0001,true,false,S2-511725487,source2
S1-498754359,1,0,0,0,0,0.0,0.0,0.0,true,false,S3-938406376,source3
S1-49880635,2,1,1,1,1,0.9936,0.0,0.9936,false,true,S2-468761482,source2
S1-498809660,1,0,0,0,0,0.0,0.0,0.0,true,false,S2-774277343,source2
S1-498973317,1,0,0,0,0,0.0,0.0,0.0,true,false,S2-705892915,source2
S1-498989998,1,0,0,0,0,0.0,0.0,0.0,true,false,S3-48720105,source3
S1-499075570,1,0,0,0,0,0.0,0.0,0.0,true,false,S3-985731402,source3
S1-499308314,2,0,0,0,0,0.0,0.0,0.0,true,false,S2-363868057,source2
S1-499494221,3,0,0,0,0,0.0,0.0,0.0,true,false,S3-28652509,source3
S1-499546353,1,0,0,0,0,0.0,0.0,0.0,true,false,S2-663748020,source2
S1-499683670,10,0,0,0,0,0.0,0.0,0.0,true,false,S2-572061315,source2
S1-499729317,2,0,0,0,0,0.0,0.0,0.0,true,false,S2-548771393,source2
S1-499809025,3,0,0,0,0,0.0,0.0,0.0,true,false,S3-89638034,source3
S1-499844706,6,0,0,0,0,0.0,0.0,0.0,true,false,S2-265638842,source2
S1-499898231,3,0,0,0,0,0.0,0.0,0.0,true,false,S2-593212458,source2
S1-499937619,1,0,0,0,0,0.0,0.0,0.0,true,false,S2-152268604,source2
S1-499939565,1,0,0,0,0,0.0,0.0,0.0,true,false,S2-865088358,source2
S1-499972846,1,0,0,0,0,0.0,0.0,0.0,true,false,S3-206668421,source3
S1-500041768,29,0,0,0,0,0.0,0.0,0.0,true,false,S2-149550360,source2
S1-500059903,74,0,0,0,0,0.0001,0.0001,0.0,true,false,S2-113726283,source2
S1-500072209,74,0,0,0,0,0.0001,0.0,0.0,true,false,S2-720823918,source2
S1-500250016,1,0,0,0,0,0.0,0.0,0.0,true,false,S3-832424107,source3
S1-500261908,2,1,1,1,1,0.9627,0.0,0.9627,false,true,S2-205940570,source2
S1-500334665,4,0,0,0,0,0.0,0.0,0.0,true,false,S2-331724815,source2
S1-500363061,29,0,0,0,0,0.0005,0.0002,0.0003,true,false,S3-804761630,source3
S1-500369022,4,0,0,0,0,0.0,0.0,0.0,true,false,S2-447055701,source2
S1-500526441,3,0,0,0,0,0.0001,0.0,0.0001,true,false,S2-574293947,source2
S1-5006890,1,0,0,0,0,0.0,0.0,0.0,true,false,S2-283918647,source2
S1-501127978,43,0,0,0,0,0.015,0.0001,0.0149,true,false,S2-490736028,source2
S1-501252929,4,0,0,0,0,0.0001,0.0,0.0,true,false,S3-433306607,source3
S1-501300053,1,0,0,0,0,0.0,0.0,0.0,true,false,S3-443722463,source3
S1-501349567,9,0,0,0,0,0.0003,0.0001,0.0001,true,false,S3-213354897,source3
S1-501424983,1,0,0,0,0,0.0,0.0,0.0,true,false,S2-950087762,source2
S1-501530645,1,0,0,0,0,0.0004,0.0,0.0004,true,false,S2-199026847,source2
S1-50157089,52,0,0,0,0,0.0002,0.0,0.0002,true,false,S2-569967225,source2
S1-501599766,1,0,0,0,0,0.0,0.0,0.0,true,false,S2-985067449,source2
S1-501633778,1,0,0,0,0,0.0,0.0,0.0,true,false,S3-978700462,source3
S1-501760502,63,0,0,0,0,0.0008,0.0001,0.0007,true,false,S2-403600839,source2
S1-501961922,1,0,0,0,0,0.0,0.0,0.0,true,false,S3-206904350,source3
S1-502043608,2,0,0,0,0,0.0,0.0,0.0,true,false,S2-135305339,source2
S1-502154222,4,0,0,0,0,0.0203,0.0001,0.0202,true,false,S2-946521977,source2
S1-502209550,1,1,1,1,1,0.9977,0.0,0.9977,false,true,S2-404576751,source2
S1-50235365,3,0,0,0,0,0.0,0.0,0.0,true,false,S3-259962687,source3
S1-502463933,1,0,0,0,0,0.0853,0.0,0.0853,true,false,S3-526066552,source3
S1-502517390,17,0,0,0,0,0.0002,0.0,0.0002,true,false,S2-56631800,source2
S1-502555074,1,1,0,0,0,0.5671,0.0,0.5671,false,true,S3-403740975,source3
S1-502609338,2,0,0,0,0,0.0001,0.0,0.0001,true,false,S3-733697636,source3
S1-502634331,1,0,0,0,0,0.0,0.0,0.0,true,false,S2-169225834,source2
S1-502760234,43,0,0,0,0,0.0002,0.0,0.0001,true,false,S2-504696782,source2
S1-502926085,57,0,0,0,0,0.0,0.0,0.0,true,false,S3-566631649,source3
S1-502933658,35,0,0,0,0,0.0002,0.0,0.0002,true,false,S3-786243347,source3
S1-502990046,7,0,0,0,0,0.024,0.0,0.024,true,false,S2-262225869,source2
S1-503002924,48,0,0,0,0,0.0,0.0,0.0,true,false,S2-858313842,source2
S1-50306698,1,0,0,0,0,0.0,0.0,0.0,true,false,S2-756653786,source2
S1-503134296,5,0,0,0,0,0.0002,0.0001,0.0001,true,false,S2-901785576,source2
S1-503342709,19,0,0,0,0,0.7834,0.0034,0.7799,true,false,S2-710114025,source2
S1-503731083,2,0,0,0,0,0.0,0.0,0.0,true,false,S2-263680379,source2
S1-503828773,2,0,0,0,0,0.0,0.0,0.0,true,false,S2-243886360,source2
S1-503927396,3,0,0,0,0,0.0,0.0,0.0,true,false,S2-72964623,source2
S1-504018784,39,0,0,0,0,0.0,0.0,0.0,true,false,S2-158530475,source2
S1-50405097,37,0,0,0,0,0.0,0.0,0.0,true,false,S2-133462029,source2
S1-504523804,26,0,0,0,0,0.0,0.0,0.0,true,false,S3-631372982,source3
S1-504633584,26,0,0,0,0,0.0001,0.0,0.0001,true,false,S3-125334350,source3
S1-504790211,30,1,0,0,0,0.0298,0.0,0.0297,false,true,S2-340882825,source2
S1-504798667,1,0,0,0,0,0.0001,0.0,0.0001,true,false,S2-254452985,source2
S1-504863624,14,0,0,0,0,0.0001,0.0001,0.0001,true,false,S2-845973569,source2
S1-504899681,49,0,0,0,0,0.0,0.0,0.0,true,false,S2-212014016,source2
S1-505090910,74,0,0,0,0,0.0059,0.0002,0.0057,true,false,S3-807892069,source3
S1-505159867,1,0,0,0,0,0.0001,0.0,0.0001,true,false,S2-61100587,source2
S1-505223852,1,0,0,0,0,0.0,0.0,0.0,true,false,S2-444720805,source2
S1-505242350,58,0,0,0,0,0.0001,0.0,0.0001,true,false,S3-468540774,source3
S1-505262095,39,0,0,0,0,0.0,0.0,0.0,true,false,S3-866342507,source3
S1-505367126,1,0,0,0,0,0.0,0.0,0.0,true,false,S3-148122090,source3
S1-505465652,6,0,0,0,0,0.0,0.0,0.0,true,false,S3-49801425,source3
S1-505599291,9,1,1,1,1,0.9937,0.0,0.9937,false,true,S2-377841028,source2
S1-505934211,57,0,0,0,0,0.0,0.0,0.0,true,false,S3-202608236,source3
S1-506295724,1,0,0,0,0,0.0,0.0,0.0,true,false,S3-640495035,source3
S1-506412705,7,0,0,0,0,0.0001,0.0,0.0,true,false,S3-281996514,source3
S1-50642024,40,1,1,1,1,0.9993,0.0,0.9993,false,true,S3-12777054,source3
S1-506442056,39,0,0,0,0,0.0,0.0,0.0,true,false,S3-694649203,source3
S1-506503447,1,0,0,0,0,0.0,0.0,0.0,true,false,S2-476349918,source2
S1-506528107,2,0,0,0,0,0.0001,0.0,0.0,true,false,S2-916223864,source2
S1-506528187,2,0,0,0,0,0.0,0.0,0.0,true,false,S3-985896402,source3
S1-506582192,1,0,0,0,0,0.0,0.0,0.0,true,false,S3-817108615,source3
S1-506699406,3,0,0,0,0,0.0,0.0,0.0,true,false,S2-692939662,source2
S1-506720235,1,0,0,0,0,0.0,0.0,0.0,true,false,S2-794892610,source2
S1-506783086,2,0,0,0,0,0.0,0.0,0.0,true,false,S3-809971843,source3
S1-506790583,2,0,0,0,0,0.0,0.0,0.0,true,false,S2-687022766,source2
S1-506892040,1,0,0,0,0,0.0,0.0,0.0,true,false,S2-770751342,source2
S1-506971700,13,0,0,0,0,0.0007,0.0002,0.0004,true,false,S3-492859890,source3
S1-50700354,32,0,0,0,0,0.0,0.0,0.0,true,false,S3-230997507,source3
S1-507253815,43,0,0,0,0,0.0,0.0,0.0,true,false,S3-999790230,source3
S1-507376060,3,0,0,0,0,0.0,0.0,0.0,true,false,S2-371014043,source2
S1-507647623,1,0,0,0,0,0.0,0.0,0.0,true,false,S3-877865216,source3
S1-507711091,2,0,0,0,0,0.0,0.0,0.0,true,false,S2-51842838,source2
S1-50780963,33,0,0,0,0,0.0,0.0,0.0,true,false,S3-856868055,source3
S1-507856840,36,0,0,0,0,0.0,0.0,0.0,true,false,S2-66924417,source2
S1-507889139,3,0,0,0,0,0.0003,0.0,0.0002,true,false,S2-571027021,source2
S1-508005859,62,0,0,0,0,0.0,0.0,0.0,true,false,S2-616771983,source2
S1-508095099,8,0,0,0,0,0.0,0.0,0.0,true,false,S3-315431486,source3
S1-50821480,1,0,0,0,0,0.0,0.0,0.0,true,false,S3-467411359,source3
S1-508245542,38,0,0,0,0,0.0,0.0,0.0,true,false,S2-291353274,source2
S1-508273585,1,0,0,0,0,0.0,0.0,0.0,true,false,S2-497166480,source2
S1-508381910,1,0,0,0,0,0.0,0.0,0.0,true,false,S2-272345919,source2
S1-508556728,78,0,0,0,0,0.0001,0.0001,0.0,true,false,S2-296318952,source2
S1-508599460,1,0,0,0,0,0.0,0.0,0.0,true,false,S3-316177242,source3
S1-508606397,1,0,0,0,0,0.0,0.0,0.0,true,false,S3-335144916,source3
S1-508727025,2,0,0,0,0,0.0,0.0,0.0,true,false,S2-949741460,source2
S1-508741576,1,0,0,0,0,0.0,0.0,0.0,true,false,S2-891262453,source2
S1-508823400,23,0,0,0,0,0.0001,0.0,0.0001,true,false,S2-330186762,source2
S1-508908063,3,0,0,0,0,0.0,0.0,0.0,true,false,S2-967185833,source2
S1-508953746,1,0,0,0,0,0.0,0.0,0.0,true,false,S3-325664958,source3
S1-50898411,1,0,0,0,0,0.0,0.0,0.0,true,false,S2-100197477,source2
S1-509002831,6,0,0,0,0,0.0,0.0,0.0,true,false,S2-414700573,source2
S1-509081122,47,0,0,0,0,0.0001,0.0,0.0001,true,false,S2-779046920,source2
S1-509094995,6,0,0,0,0,0.0045,0.0002,0.0043,true,false,S2-747466359,source2
S1-509107855,1,1,1,1,1,0.993,0.0,0.993,false,true,S3-505065877,source3
S1-509332273,2,0,0,0,0,0.0005,0.0002,0.0003,true,false,S2-484697078,source2
S1-509404296,1,0,0,0,0,0.0001,0.0,0.0001,true,false,S2-242367010,source2
S1-509482198,1,0,0,0,0,0.0006,0.0,0.0006,true,false,S3-944087937,source3
S1-509819973,1,0,0,0,0,0.0,0.0,0.0,true,false,S3-319537784,source3
S1-509889731,1,0,0,0,0,0.0,0.0,0.0,true,false,S3-873537915,source3
S1-50999290,4,0,0,0,0,0.0001,0.0,0.0001,true,false,S2-661232572,source2
S1-510104159,7,0,0,0,0,0.0001,0.0001,0.0,true,false,S2-226521083,source2
S1-510181653,3,0,0,0,0,0.0,0.0,0.0,true,false,S2-692939662,source2
S1-510327104,2,0,0,0,0,0.0002,0.0,0.0002,true,false,S2-47667961,source2
S1-510465376,6,0,0,0,0,0.0,0.0,0.0,true,false,S2-386970348,source2
S1-510485852,1,0,0,0,0,0.0001,0.0,0.0001,true,false,S3-711881731,source3
S1-510937618,42,0,0,0,0,0.0,0.0,0.0,true,false,S3-176386540,source3
S1-511010319,69,0,0,0,0,0.0,0.0,0.0,true,false,S2-112345273,source2
S1-51101506,2,0,0,0,0,0.0,0.0,0.0,true,false,S2-363654366,source2
S1-511020619,22,0,0,0,0,0.0,0.0,0.0,true,false,S2-682178941,source2
S1-511087107,42,0,0,0,0,0.0,0.0,0.0,true,false,S3-986769906,source3
S1-51112073,1,0,0,0,0,0.0,0.0,0.0,true,false,S2-190656528,source2
S1-51113716,5,0,0,0,0,0.0,0.0,0.0,true,false,S3-545377325,source3
S1-511142864,68,0,0,0,0,0.0001,0.0001,0.0,true,false,S2-382704991,source2
S1-51128653,1,0,0,0,0,0.0,0.0,0.0,true,false,S3-464746244,source3
S1-511355563,1,0,0,0,0,0.0001,0.0,0.0001,true,false,S3-379609802,source3
S1-511473391,57,0,0,0,0,0.0,0.0,0.0,true,false,S2-964292853,source2
S1-511533807,2,0,0,0,0,0.0,0.0,0.0,true,false,S3-291374131,source3
S1-511869185,1,1,1,1,1,0.9906,0.0,0.9906,false,true,S3-964506475,source3
S1-511963248,4,0,0,0,0,0.0602,0.0001,0.0601,true,false,S2-797854416,source2
S1-512024286,1,0,0,0,0,0.0,0.0,0.0,true,false,S2-523030647,source2
S1-512066012,3,0,0,0,0,0.0,0.0,0.0,true,false,S3-670968816,source3
S1-512069001,1,0,0,0,0,0.0,0.0,0.0,true,false,S2-487805187,source2
S1-512080827,1,0,0,0,0,0.0,0.0,0.0,true,false,S2-551755963,source2
S1-512081097,1,0,0,0,0,0.0,0.0,0.0,true,false,S3-246127570,source3
S1-512138830,1,0,0,0,0,0.0,0.0,0.0,true,false,S2-119098033,source2
S1-512179486,1,0,0,0,0,0.0,0.0,0.0,true,false,S3-506858538,source3
S1-512180453,176,0,0,0,0,0.0001,0.0001,0.0,true,false,S2-686282838,source2
S1-512204886,1,1,1,1,1,0.9862,0.0,0.9862,false,true,S2-246918842,source2
S1-512220754,3,0,0,0,0,0.0001,0.0,0.0001,true,false,S2-431981637,source2
S1-512447149,1,0,0,0,0,0.0,0.0,0.0,true,false,S3-375767001,source3
S1-5124527,113,0,0,0,0,0.0,0.0,0.0,true,false,S3-445901533,source3
S1-512550183,2,0,0,0,0,0.0,0.0,0.0,true,false,S2-847897243,source2
S1-512607790,2,0,0,0,0,0.0,0.0,0.0,true,false,S2-371032621,source2
S1-512842972,2,0,0,0,0,0.0,0.0,0.0,true,false,S3-520611862,source3
S1-51289619,81,0,0,0,0,0.0,0.0,0.0,true,false,S2-459556452,source2
S1-512920716,2,0,0,0,0,0.0,0.0,0.0,true,false,S2-445017995,source2
S1-513015226,113,0,0,0,0,0.0001,0.0,0.0,true,false,S3-421470513,source3
S1-513115250,1,0,0,0,0,0.0,0.0,0.0,true,false,S2-57046353,source2
S1-513223898,39,0,0,0,0,0.0003,0.0001,0.0002,true,false,S2-612206634,source2
S1-513245267,38,0,0,0,0,0.0,0.0,0.0,true,false,S2-135998383,source2
S1-513400646,1,0,0,0,0,0.0,0.0,0.0,true,false,S3-944623384,source3
S1-513511007,1,0,0,0,0,0.0,0.0,0.0,true,false,S2-543982479,source2
S1-513595013,2,1,0,0,0,0.7919,0.0,0.7919,false,true,S2-685753457,source2
S1-513633011,1,0,0,0,0,0.0,0.0,0.0,true,false,S2-36835526,source2
S1-513672594,1,0,0,0,0,0.0,0.0,0.0,true,false,S3-333022357,source3
S1-513693430,1,1,1,1,1,0.9993,0.0,0.9993,false,true,S2-146189707,source2
S1-513839574,3,0,0,0,0,0.0,0.0,0.0,true,false,S3-535010668,source3
S1-513915126,19,0,0,0,0,0.0706,0.0126,0.058,true,false,S2-710114025,source2
S1-51402971,1,0,0,0,0,0.0,0.0,0.0,true,false,S2-697344395,source2
S1-514155563,2,0,0,0,0,0.0002,0.0,0.0001,true,false,S3-555286550,source3
S1-51415712,113,0,0,0,0,0.0,0.0,0.0,true,false,S2-412866359,source2
S1-514231177,2,0,0,0,0,0.0,0.0,0.0,true,false,S3-27816546,source3
S1-514404687,50,0,0,0,0,0.08,0.0003,0.0797,true,false,S2-238323284,source2
S1-514405379,1,0,0,0,0,0.0,0.0,0.0,true,false,S3-680506064,source3
S1-514423627,1,0,0,0,0,0.0,0.0,0.0,true,false,S3-623210039,source3
S1-51447706,1,0,0,0,0,0.0,0.0,0.0,true,false,S2-286846096,source2
S1-514562418,1,0,0,0,0,0.0,0.0,0.0,true,false,S2-283917958,source2
S1-514584605,36,0,0,0,0,0.0,0.0,0.0,true,false,S3-288591840,source3
S1-514734747,1,0,0,0,0,0.0,0.0,0.0,true,false,S3-104686537,source3
S1-514759604,19,0,0,0,0,0.0001,0.0,0.0,true,false,S2-505812513,source2
S1-514801063,41,0,0,0,0,0.0001,0.0,0.0001,true,false,S2-25860616,source2
S1-514811869,1,0,0,0,0,0.0,0.0,0.0,true,false,S3-521351516,source3
S1-515002771,1,0,0,0,0,0.0,0.0,0.0,true,false,S3-660782997,source3
S1-515029365,1,0,0,0,0,0.0,0.0,0.0,true,false,S2-12863121,source2
S1-515060291,40,0,0,0,0,0.0,0.0,0.0,true,false,S2-525781164,source2
S1-515161568,1,0,0,0,0,0.0,0.0,0.0,true,false,S3-502535594,source3
S1-515261392,2,0,0,0,0,0.0,0.0,0.0,true,false,S3-523332362,source3
S1-515377923,1,0,0,0,0,0.0,0.0,0.0,true,false,S2-773770415,source2
S1-515382913,1,0,0,0,0,0.0,0.0,0.0,true,false,S2-991227315,source2
S1-515428220,51,0,0,0,0,0.0,0.0,0.0,true,false,S2-65615772,source2
S1-515493614,33,0,0,0,0,0.0,0.0,0.0,true,false,S3-312866223,source3
S1-515592220,1,0,0,0,0,0.0,0.0,0.0,true,false,S2-423535722,source2
S1-515699183,39,0,0,0,0,0.0,0.0,0.0,true,false,S2-479186257,source2
S1-51590630,3,0,0,0,0,0.0006,0.0001,0.0005,true,false,S2-677813132,source2
S1-515907670,1,0,0,0,0,0.0,0.0,0.0,true,false,S2-149804913,source2
S1-515964425,1,0,0,0,0,0.0001,0.0,0.0001,true,false,S3-805556356,source3
S1-515985137,2,0,0,0,0,0.0,0.0,0.0,true,false,S2-862240346,source2
S1-516066973,54,0,0,0,0,0.0003,0.0,0.0003,true,false,S2-120684097,source2
S1-516233078,1,0,0,0,0,0.0,0.0,0.0,true,false,S3-233934912,source3
S1-516359910,37,0,0,0,0,0.3788,0.0,0.3788,true,false,S2-877540421,source2
S1-516471749,2,0,0,0,0,0.0,0.0,0.0,true,false,S2-732013239,source2
S1-516494232,1,0,0,0,0,0.0,0.0,0.0,true,false,S2-585438511,source2
S1-516533239,1,0,0,0,0,0.0,0.0,0.0,true,false,S2-796399401,source2
S1-516619070,1,0,0,0,0,0.0,0.0,0.0,true,false,S2-181826354,source2
S1-516629012,81,0,0,0,0,0.0002,0.0,0.0001,true,false,S2-571792863,source2
S1-516659558,2,0,0,0,0,0.0,0.0,0.0,true,false,S3-683238304,source3
S1-516705356,2,0,0,0,0,0.009,0.0,0.009,true,false,S3-574098164,source3
S1-516946648,6,0,0,0,0,0.0002,0.0,0.0002,true,false,S3-836272198,source3
S1-517156234,2,0,0,0,0,0.0,0.0,0.0,true,false,S2-942768154,source2
S1-517266559,1,0,0,0,0,0.0,0.0,0.0,true,false,S2-558457101,source2
S1-517349702,22,0,0,0,0,0.0,0.0,0.0,true,false,S3-546385316,source3
S1-517364035,1,0,0,0,0,0.0,0.0,0.0,true,false,S2-565690123,source2
S1-517427440,3,0,0,0,0,0.0,0.0,0.0,true,false,S2-173262463,source2
S1-517434168,52,0,0,0,0,0.0,0.0,0.0,true,false,S3-907766504,source3
S1-517844536,5,0,0,0,0,0.0,0.0,0.0,true,false,S3-124486534,source3
S1-517847092,1,0,0,0,0,0.0001,0.0,0.0001,true,false,S2-350941202,source2
S1-51792704,1,0,0,0,0,0.0,0.0,0.0,true,false,S3-579135170,source3
S1-517989595,1,0,0,0,0,0.0,0.0,0.0,true,false,S2-983139889,source2
S1-518019134,9,0,0,0,0,0.0001,0.0,0.0,true,false,S3-17013823,source3
S1-518074998,1,0,0,0,0,0.0,0.0,0.0,true,false,S2-471248968,source2
S1-518319944,7,0,0,0,0,0.0001,0.0001,0.0,true,false,S2-982003904,source2
S1-518394026,26,0,0,0,0,0.0,0.0,0.0,true,false,S2-700906813,source2
S1-518461201,2,0,0,0,0,0.0,0.0,0.0,true,false,S2-670932206,source2
S1-518468319,1,0,0,0,0,0.0,0.0,0.0,true,false,S3-837401488,source3
S1-518474252,1,0,0,0,0,0.0,0.0,0.0,true,false,S3-637535237,source3
S1-518524118,1,0,0,0,0,0.0006,0.0,0.0006,true,false,S2-137550828,source2
S1-518598243,67,0,0,0,0,0.0001,0.0,0.0,true,false,S3-673840836,source3
S1-518611050,1,0,0,0,0,0.0,0.0,0.0,true,false,S2-639350108,source2
S1-518612349,22,0,0,0,0,0.0,0.0,0.0,true,false,S3-149419596,source3
S1-518941002,25,0,0,0,0,0.0001,0.0,0.0001,true,false,S3-88068278,source3
S1-519076290,45,0,0,0,0,0.0,0.0,0.0,true,false,S3-956829404,source3
S1-519081093,1,0,0,0,0,0.0,0.0,0.0,true,false,S2-372908030,source2
S1-519181142,1,0,0,0,0,0.0001,0.0,0.0001,true,false,S2-936067206,source2
S1-519233391,25,0,0,0,0,0.0,0.0,0.0,true,false,S3-856526477,source3
S1-519256145,3,0,0,0,0,0.0731,0.0002,0.0729,true,false,S2-646353252,source2
S1-519288813,1,0,0,0,0,0.0,0.0,0.0,true,false,S2-802310622,source2
S1-519574287,2,0,0,0,0,0.0,0.0,0.0,true,false,S2-997550614,source2
S1-519870557,1,1,1,1,1,0.9971,0.0,0.9971,false,true,S2-864550158,source2
S1-520072632,3,0,0,0,0,0.0002,0.0001,0.0002,true,false,S3-799208789,source3
S1-52008571,1,0,0,0,0,0.0,0.0,0.0,true,false,S2-298914373,source2
S1-520089442,3,0,0,0,0,0.0,0.0,0.0,true,false,S2-932096839,source2
S1-520107432,8,0,0,0,0,0.0001,0.0001,0.0,true,false,S3-497006810,source3
S1-520122380,4,0,0,0,0,0.0,0.0,0.0,true,false,S2-848490165,source2
S1-52019867,36,0,0,0,0,0.0,0.0,0.0,true,false,S3-72189253,source3
S1-520233720,33,0,0,0,0,0.0,0.0,0.0,true,false,S3-615596422,source3
S1-520239675,1,0,0,0,0,0.0,0.0,0.0,true,false,S3-31185970,source3
S1-520254317,2,0,0,0,0,0.001,0.0,0.001,true,false,S2-785986172,source2
S1-520352895,1,1,1,1,1,0.998,0.0,0.998,false,true,S3-662065450,source3
S1-520357461,1,0,1,1,1,0.9717,0.0,0.9717,true,false,S3-34902775,source3
S1-520361644,2,0,0,0,0,0.0,0.0,0.0,true,false,S2-874938733,source2
S1-520421085,1,0,0,0,0,0.0001,0.0,0.0001,true,false,S3-928585954,source3
S1-520441911,28,0,0,0,0,0.0,0.0,0.0,true,false,S2-614348283,source2
S1-520682975,4,0,0,0,0,0.0009,0.0,0.0009,true,false,S2-621089690,source2
S1-520710871,41,0,0,0,0,0.0,0.0,0.0,true,false,S3-95314190,source3
S1-520730944,58,0,0,0,0,0.0002,0.0,0.0002,true,false,S2-571050569,source2
S1-520752790,1,0,0,0,0,0.0,0.0,0.0,true,false,S2-28135445,source2
S1-520813789,1,0,0,0,0,0.0,0.0,0.0,true,false,S3-395348625,source3
S1-520852171,9,0,0,0,0,0.0,0.0,0.0,true,false,S3-233374841,source3
S1-520992658,1,0,0,0,0,0.0,0.0,0.0,true,false,S3-918398360,source3
S1-52122531,2,0,0,0,0,0.0004,0.0,0.0004,true,false,S3-486123427,source3
S1-521307646,39,0,0,0,0,0.0,0.0,0.0,true,false,S3-434372550,source3
S1-521374462,1,0,0,0,0,0.0,0.0,0.0,true,false,S2-649850048,source2
S1-521498418,8,0,0,0,0,0.0001,0.0001,0.0,true,false,S2-520168735,source2
S1-521511308,1,1,1,1,1,0.9931,0.0,0.9931,false,true,S2-751866437,source2
S1-521605108,3,0,0,0,0,0.0,0.0,0.0,true,false,S3-442494994,source3
S1-521677489,1,0,0,0,0,0.0,0.0,0.0,true,false,S2-663471831,source2
S1-521748153,32,0,0,0,0,0.0,0.0,0.0,true,false,S2-792060456,source2
S1-521882337,1,0,0,0,0,0.0,0.0,0.0,true,false,S2-950705478,source2
S1-521992751,1,0,0,0,0,0.0,0.0,0.0,true,false,S2-593007086,source2
S1-522099866,2,0,0,0,0,0.0,0.0,0.0,true,false,S3-484633832,source3
S1-522103324,58,0,0,0,0,0.0288,0.0024,0.0265,true,false,S2-605538607,source2
S1-522334317,2,0,0,0,0,0.0002,0.0,0.0002,true,false,S3-347301423,source3
S1-522371488,1,0,0,0,0,0.0,0.0,0.0,true,false,S3-732055184,source3
S1-522415085,2,0,0,0,0,0.0,0.0,0.0,true,false,S3-826974531,source3
S1-522532380,4,0,0,0,0,0.0177,0.0,0.0176,true,false,S3-896903837,source3
S1-522543700,11,0,0,0,0,0.0197,0.0005,0.0192,true,false,S3-141506690,source3
S1-522592418,2,0,0,0,0,0.0,0.0,0.0,true,false,S2-112163782,source2
S1-522645947,42,0,0,0,0,0.0,0.0,0.0,true,false,S3-508559633,source3
S1-522802017,43,0,0,0,0,0.0046,0.0011,0.0035,true,false,S2-203299682,source2
S1-522829619,1,0,0,0,0,0.0,0.0,0.0,true,false,S3-352890722,source3
S1-522867352,2,0,0,0,0,0.0002,0.0,0.0002,true,false,S2-397055414,source2
S1-522910380,2,0,0,0,0,0.0001,0.0001,0.0,true,false,S2-712360546,source2
S1-522957247,1,0,0,0,0,0.0,0.0,0.0,true,false,S3-156366354,source3
S1-522964700,1,0,0,0,0,0.0,0.0,0.0,true,false,S3-279189205,source3
S1-523012308,2,0,0,0,0,0.0,0.0,0.0,true,false,S2-431628800,source2
S1-523042628,2,0,0,0,0,0.0001,0.0,0.0001,true,false,S3-160882745,source3
S1-523080699,5,0,0,0,0,0.0,0.0,0.0,true,false,S2-776530699,source2
S1-523240167,54,0,0,0,0,0.0828,0.0,0.0828,true,false,S3-416117385,source3
S1-523284841,58,0,0,0,0,0.0174,0.0021,0.0153,true,false,S2-176188884,source2
S1-523354110,47,0,0,0,0,0.0002,0.0,0.0002,true,false,S2-704890276,source2
S1-523530590,29,0,0,0,0,0.0001,0.0,0.0,true,false,S3-844931669,source3
S1-523597015,1,0,0,0,0,0.0,0.0,0.0,true,false,S2-796933103,source2
S1-523618610,62,0,0,0,0,0.0,0.0,0.0,true,false,S2-218505777,source2
S1-523623802,2,0,0,0,0,0.0108,0.0,0.0108,true,false,S3-556785725,source3
S1-523791298,26,0,0,0,0,0.0,0.0,0.0,true,false,S3-646492033,source3
S1-52392075,1,0,0,0,0,0.0001,0.0,0.0001,true,false,S2-854701431,source2
S1-523975207,2,1,1,1,1,0.9994,0.0,0.9994,false,true,S3-804250913,source3
S1-523999331,1,0,0,0,0,0.0,0.0,0.0,true,false,S3-72447045,source3
S1-524006228,1,0,0,0,0,0.0,0.0,0.0,true,false,S2-172980805,source2
S1-524118607,17,0,0,0,0,0.0025,0.0006,0.0019,true,false,S2-417455367,source2
S1-524250186,11,0,0,0,0,0.0,0.0,0.0,true,false,S3-278467857,source3
S1-524316205,16,0,0,0,0,0.0001,0.0001,0.0,true,false,S2-669197252,source2
S1-524494649,89,0,0,0,0,0.0001,0.0001,0.0,true,false,S2-246846624,source2
S1-524503540,1,0,0,0,0,0.0,0.0,0.0,true,false,S2-690983591,source2
S1-524531986,1,0,0,0,0,0.0,0.0,0.0,true,false,S3-705405815,source3
S1-524765559,1,0,0,0,0,0.0,0.0,0.0,true,false,S2-663227434,source2
S1-524875124,1,0,0,0,0,0.0,0.0,0.0,true,false,S3-882478001,source3
S1-524932969,2,0,0,0,0,0.0,0.0,0.0,true,false,S3-715994092,source3
S1-524933525,38,0,0,0,0,0.0,0.0,0.0,true,false,S3-166057013,source3
S1-524952298,1,0,0,0,0,0.0,0.0,0.0,true,false,S3-921383172,source3
S1-524955330,29,0,0,0,0,0.0,0.0,0.0,true,false,S2-508400921,source2
S1-525008990,17,0,0,0,0,0.0004,0.0001,0.0002,true,false,S2-155456433,source2
S1-525029915,6,0,0,0,0,0.0,0.0,0.0,true,false,S3-478661025,source3
S1-525055772,1,0,0,0,0,0.0,0.0,0.0,true,false,S3-580466095,source3
S1-525061225,48,0,0,0,0,0.0,0.0,0.0,true,false,S2-16088526,source2
S1-525106846,2,0,0,0,0,0.0001,0.0,0.0,true,false,S3-931847444,source3
S1-525179045,1,0,0,0,0,0.0,0.0,0.0,true,false,S3-77530561,source3
S1-525265861,1,0,0,0,0,0.0,0.0,0.0,true,false,S3-597935764,source3
S1-525309212,1,0,0,0,0,0.0,0.0,0.0,true,false,S2-641217477,source2
S1-525373836,1,0,0,0,0,0.0,0.0,0.0,true,false,S3-891456259,source3
S1-525456588,1,0,0,0,0,0.0,0.0,0.0,true,false,S2-603141194,source2
S1-525554685,1,0,0,0,0,0.0,0.0,0.0,true,false,S3-152814310,source3
S1-525579163,3,0,0,0,0,0.0001,0.0001,0.0,true,false,S2-471004725,source2
S1-525590084,1,0,0,0,0,0.0,0.0,0.0,true,false,S2-167187654,source2
S1-525646607,3,0,0,0,0,0.0,0.0,0.0,true,false,S2-510504303,source2
S1-525693268,4,1,1,1,1,0.9926,0.0,0.9926,false,true,S3-414691670,source3
S1-52573936,11,2,0,0,0,0.623,0.0013,0.6217,false,true,S2-771172197,source2
S1-526055672,2,0,0,0,0,0.0,0.0,0.0,true,false,S2-796732818,source2
S1-526290693,7,0,0,0,0,0.0144,0.0001,0.0143,true,false,S2-713198548,source2
S1-526298462,7,0,0,0,0,0.0,0.0,0.0,true,false,S2-472047477,source2
S1-526313438,1,0,0,0,0,0.001,0.0,0.001,true,false,S2-472189290,source2
S1-526331656,1,0,0,0,0,0.0,0.0,0.0,true,false,S3-215276399,source3
S1-526343083,1,0,0,0,0,0.0,0.0,0.0,true,false,S2-808892754,source2
S1-526343825,1,0,0,0,0,0.0,0.0,0.0,true,false,S3-714523294,source3
S1-52634581,1,0,0,0,0,0.5372,0.0,0.5372,true,false,S2-255245347,source2
S1-526349990,1,0,0,0,0,0.0,0.0,0.0,true,false,S2-939923262,source2
S1-526370849,5,0,0,0,0,0.0,0.0,0.0,true,false,S3-526426922,source3
S1-526560414,66,0,0,0,0,0.0,0.0,0.0,true,false,S2-298914373,source2
S1-526635511,12,0,0,0,0,0.0,0.0,0.0,true,false,S2-421948975,source2
S1-526716135,1,0,0,0,0,0.0,0.0,0.0,true,false,S3-30795245,source3
S1-526945105,1,0,0,0,0,0.0188,0.0,0.0188,true,false,S3-957694502,source3
S1-52713894,1,0,0,0,0,0.0,0.0,0.0,true,false,S2-735830595,source2
S1-52718700,2,0,0,0,0,0.0,0.0,0.0,true,false,S2-877661076,source2
S1-527259432,1,0,0,0,0,0.0,0.0,0.0,true,false,S2-608945881,source2
S1-527336899,17,0,0,0,0,0.0001,0.0001,0.0,true,false,S2-155456433,source2
S1-527348353,1,0,0,0,0,0.0,0.0,0.0,true,false,S3-832441488,source3
S1-527378599,1,0,0,0,0,0.0,0.0,0.0,true,false,S3-86828362,source3
S1-527391164,26,0,0,0,0,0.0001,0.0,0.0001,true,false,S3-189188007,source3
S1-527595287,2,0,0,0,0,0.0001,0.0,0.0,true,false,S3-84389449,source3
S1-527704653,83,0,0,0,0,0.0001,0.0,0.0,true,false,S2-537422507,source2
S1-527709196,1,0,0,0,0,0.0,0.0,0.0,true,false,S2-958032008,source2
S1-527727380,46,0,0,0,0,0.0002,0.0,0.0002,true,false,S3-747704178,source3
S1-52788209,1,0,0,0,0,0.0,0.0,0.0,true,false,S3-68030837,source3
S1-527887744,44,0,0,0,0,0.0056,0.0001,0.0055,true,false,S2-100870022,source2
S1-528021997,1,0,0,0,0,0.0,0.0,0.0,true,false,S2-329782732,source2
S1-528100157,5,0,0,0,0,0.0,0.0,0.0,true,false,S2-950012781,source2
S1-528102700,4,0,0,0,0,0.0002,0.0001,0.0001,true,false,S2-448142241,source2
S1-528295592,1,0,0,0,0,0.0,0.0,0.0,true,false,S2-475961407,source2
S1-528314077,5,0,0,0,0,0.0,0.0,0.0,true,false,S2-226421147,source2
S1-528531241,3,0,0,0,0,0.0003,0.0001,0.0002,true,false,S2-973608133,source2
S1-528541842,24,0,0,0,0,0.0,0.0,0.0,true,false,S3-460473747,source3
S1-528543290,1,0,0,0,0,0.0,0.0,0.0,true,false,S3-669863249,source3
S1-528566008,21,0,0,0,0,0.0,0.0,0.0,true,false,S2-767018785,source2
S1-528693385,1,0,0,0,0,0.0,0.0,0.0,true,false,S2-498331749,source2
S1-528810007,1,1,1,1,1,0.9989,0.0,0.9989,false,true,S2-696036406,source2
S1-52886290,1,1,1,0,0,0.8832,0.0,0.8832,false,true,S3-81851034,source3
S1-528999441,1,0,0,0,0,0.0,0.0,0.0,true,false,S3-597249665,source3
S1-529013054,1,0,0,0,0,0.0,0.0,0.0,true,false,S3-472294514,source3
S1-529019136,74,0,0,0,0,0.293,0.0003,0.2927,true,false,S2-712343515,source2
S1-529046082,2,0,0,0,0,0.0,0.0,0.0,true,false,S2-622342675,source2
S1-529137899,33,0,0,0,0,0.0,0.0,0.0,true,false,S2-372722793,source2
S1-529148390,3,0,0,0,0,0.0,0.0,0.0,true,false,S3-9937504,source3
S1-529417017,1,0,0,0,0,0.0,0.0,0.0,true,false,S2-124173627,source2
S1-529499219,1,0,0,0,0,0.0,0.0,0.0,true,false,S3-106160258,source3
S1-529563044,1,0,0,0,0,0.0,0.0,0.0,true,false,S2-902265038,source2
S1-52959380,8,0,0,0,0,0.0,0.0,0.0,true,false,S2-104150643,source2
S1-529811485,2,0,0,0,0,0.0002,0.0,0.0001,true,false,S3-673595393,source3
S1-529871420,43,0,0,0,0,0.0,0.0,0.0,true,false,S3-440468063,source3
S1-529895099,2,0,0,0,0,0.0,0.0,0.0,true,false,S3-160010984,source3
S1-529998321,2,0,0,0,0,0.0,0.0,0.0,true,false,S3-417764473,source3
S1-530010746,24,0,0,0,0,0.0,0.0,0.0,true,false,S2-192761335,source2
S1-53025148,1,0,0,0,0,0.0,0.0,0.0,true,false,S3-857670372,source3
S1-53028738,1,0,0,0,0,0.0004,0.0,0.0004,true,false,S3-352358735,source3
S1-530387724,1,0,0,0,0,0.0,0.0,0.0,true,false,S3-954902758,source3
S1-530648602,14,0,0,0,0,0.3098,0.0003,0.3096,true,false,S2-27087381,source2
S1-530687623,9,0,0,0,0,0.0002,0.0001,0.0001,true,false,S3-75465587,source3
S1-530818728,2,0,0,0,0,0.0,0.0,0.0,true,false,S3-209396331,source3
S1-530987131,37,0,0,0,0,0.0,0.0,0.0,true,false,S3-412738664,source3
S1-531155923,1,0,0,0,0,0.0,0.0,0.0,true,false,S3-174461333,source3
S1-531346049,3,0,0,0,0,0.0,0.0,0.0,true,false,S2-338216664,source2
S1-531568074,2,0,0,0,0,0.0,0.0,0.0,true,false,S3-771622076,source3
S1-531653825,3,0,0,0,0,0.0,0.0,0.0,true,false,S2-348051009,source2
S1-531674523,2,0,0,0,0,0.0,0.0,0.0,true,false,S2-254271213,source2
S1-531702299,3,0,0,0,0,0.0006,0.0005,0.0001,true,false,S3-53316348,source3
S1-531711044,1,0,0,0,0,0.0,0.0,0.0,true,false,S3-453668642,source3
S1-531793687,1,0,0,0,0,0.0001,0.0,0.0001,true,false,S2-905049598,source2
S1-531857856,2,0,0,0,0,0.0,0.0,0.0,true,false,S3-163465081,source3
S1-532040514,3,0,0,0,0,0.0,0.0,0.0,true,false,S3-916542118,source3
S1-532167943,1,0,0,0,0,0.0,0.0,0.0,true,false,S3-679152021,source3
S1-532188526,30,0,0,0,0,0.0,0.0,0.0,true,false,S3-848410215,source3
S1-532196733,2,0,0,0,0,0.0,0.0,0.0,true,false,S2-209338280,source2
S1-532277524,44,0,0,0,0,0.0013,0.0001,0.0013,true,false,S3-278467857,source3
S1-532501429,2,0,0,0,0,0.0,0.0,0.0,true,false,S3-299855657,source3
S1-532502121,1,0,0,0,0,0.0,0.0,0.0,true,false,S2-198255256,source2
S1-532711803,113,0,0,0,0,0.0,0.0,0.0,true,false,S2-734156677,source2
S1-53299854,31,0,0,0,0,0.0002,0.0,0.0002,true,false,S3-564842449,source3
S1-533030339,1,0,0,0,0,0.0,0.0,0.0,true,false,S2-693098236,source2
S1-533218587,1,0,0,0,0,0.0,0.0,0.0,true,false,S2-157446495,source2
S1-53323215,2,0,0,0,0,0.0,0.0,0.0,true,false,S2-663906477,source2
S1-533248665,41,0,0,0,0,0.0,0.0,0.0,true,false,S3-641673654,source3
S1-533343947,1,0,0,0,0,0.0,0.0,0.0,true,false,S3-447383654,source3
S1-533373793,12,0,0,0,0,0.0001,0.0,0.0,true,false,S3-120632939,source3
S1-533396893,1,0,0,0,0,0.0,0.0,0.0,true,false,S3-183613474,source3
S1-533435124,1,0,0,0,0,0.0,0.0,0.0,true,false,S3-900216279,source3
S1-533590094,50,0,0,0,0,0.0008,0.0003,0.0005,true,false,S2-209093728,source2
S1-533701421,1,1,0,0,0,0.6833,0.0,0.6833,false,true,S2-434618903,source2
S1-533744619,1,0,0,0,0,0.0,0.0,0.0,true,false,S3-595344158,source3
S1-533781356,5,0,0,0,0,0.0001,0.0001,0.0,true,false,S2-551432417,source2
S1-533795471,33,0,0,0,0,0.0,0.0,0.0,true,false,S2-66784231,source2
S1-533802013,3,0,0,0,0,0.0024,0.0001,0.0024,true,false,S2-494655227,source2
S1-533811336,44,0,0,0,0,0.0,0.0,0.0,true,false,S3-425074741,source3
S1-533888799,1,1,1,1,1,0.9982,0.0,0.9982,false,true,S2-608972439,source2
S1-533955792,1,0,0,0,0,0.0003,0.0,0.0003,true,false,S2-525033790,source2
S1-533986314,15,0,0,0,0,0.0249,0.0,0.0249,true,false,S3-716727930,source3
S1-534000810,2,0,0,0,0,0.0,0.0,0.0,true,false,S2-510824286,source2
S1-534175129,39,0,0,0,0,0.0,0.0,0.0,true,false,S3-87811429,source3
S1-534279288,5,0,0,0,0,0.0,0.0,0.0,true,false,S3-385012160,source3
S1-53429629,1,0,0,0,0,0.0,0.0,0.0,true,false,S3-754159143,source3
S1-534313302,1,1,1,1,1,0.9951,0.0,0.9951,false,true,S3-473464127,source3
S1-534340769,2,0,0,0,0,0.0,0.0,0.0,true,false,S2-10827840,source2
S1-534385322,72,0,0,0,0,0.0,0.0,0.0,true,false,S2-19127346,source2
S1-534449384,1,0,0,0,0,0.0001,0.0,0.0001,true,false,S2-736490414,source2
S1-53458730,28,0,0,0,0,0.0,0.0,0.0,true,false,S3-534011204,source3
S1-534731343,3,0,0,0,0,0.0001,0.0001,0.0,true,false,S2-166637594,source2
S1-534785540,1,0,0,0,0,0.0,0.0,0.0,true,false,S2-87775611,source2
S1-534788419,1,1,1,1,1,0.9995,0.0,0.9995,false,true,S3-392346451,source3
S1-53488307,2,0,0,0,0,0.0001,0.0,0.0001,true,false,S2-215164855,source2
S1-534907937,1,0,0,0,0,0.0,0.0,0.0,true,false,S2-180447263,source2
S1-534915350,3,0,0,0,0,0.0002,0.0,0.0002,true,false,S2-775272054,source2
S1-535074222,1,0,0,0,0,0.0,0.0,0.0,true,false,S3-285595037,source3
S1-535104605,1,0,0,0,0,0.0002,0.0,0.0002,true,false,S2-208456783,source2
S1-535175176,46,0,0,0,0,0.0,0.0,0.0,true,false,S3-930569353,source3
S1-53524731,1,1,1,1,1,0.9992,0.0,0.9992,false,true,S3-305789526,source3
S1-535315318,6,0,0,0,0,0.0002,0.0,0.0002,true,false,S3-327037789,source3
S1-535404291,40,0,0,0,0,0.0,0.0,0.0,true,false,S3-339461125,source3
S1-535432043,1,0,0,0,0,0.0002,0.0,0.0002,true,false,S2-74851819,source2
S1-535439821,1,0,0,0,0,0.0,0.0,0.0,true,false,S3-112183047,source3
S1-535511372,32,0,0,0,0,0.0,0.0,0.0,true,false,S3-918751391,source3
S1-535642525,3,0,0,0,0,0.0,0.0,0.0,true,false,S2-210947837,source2
S1-535648531,1,0,0,0,0,0.0,0.0,0.0,true,false,S3-908024390,source3
S1-535729154,7,0,0,0,0,0.0001,0.0001,0.0001,true,false,S3-555432594,source3
S1-535787043,1,0,0,0,0,0.0,0.0,0.0,true,false,S2-614640857,source2
S1-53596239,176,0,0,0,0,0.0,0.0,0.0,true,false,S2-72648497,source2
S1-536091235,2,0,0,0,0,0.0,0.0,0.0,true,false,S3-720532129,source3
S1-536123538,37,1,0,0,0,0.7978,0.0,0.7978,false,true,S3-445605030,source3
S1-536126146,6,0,0,0,0,0.0185,0.0,0.0184,true,false,S3-48433562,source3
S1-536204673,1,0,0,0,0,0.0,0.0,0.0,true,false,S2-5646683,source2
S1-536218845,1,0,0,0,0,0.0,0.0,0.0,true,false,S2-464907942,source2
S1-536265977,1,0,0,0,0,0.0,0.0,0.0,true,false,S3-476961057,source3
S1-536406038,2,0,0,0,0,0.0,0.0,0.0,true,false,S3-971756044,source3
S1-536492318,32,0,0,0,0,0.0,0.0,0.0,true,false,S2-960129567,source2
S1-53650047,21,0,0,0,0,0.155,0.0004,0.1546,true,false,S3-505352124,source3
S1-53661949,1,0,0,0,0,0.0,0.0,0.0,true,false,S2-717056681,source2
S1-536626080,38,0,0,0,0,0.0,0.0,0.0,true,false,S3-862877347,source3
S1-536638885,1,0,0,0,0,0.0,0.0,0.0,true,false,S2-481091460,source2
S1-536770526,13,0,0,0,0,0.0059,0.0,0.0059,true,false,S2-181962832,source2
S1-53694776,18,0,0,0,0,0.0,0.0,0.0,true,false,S3-140735834,source3
S1-537077153,1,0,0,0,0,0.0,0.0,0.0,true,false,S2-229199626,source2
S1-537126138,73,0,0,0,0,0.0003,0.0003,0.0,true,false,S2-588940457,source2
S1-537200801,113,0,0,0,0,0.0001,0.0,0.0001,true,false,S2-734156677,source2
S1-53725520,1,0,0,0,0,0.0001,0.0,0.0001,true,false,S3-704445612,source3
S1-537320793,2,0,0,0,0,0.021,0.0,0.021,true,false,S3-392722000,source3
S1-537417002,2,0,0,0,0,0.0,0.0,0.0,true,false,S2-930839882,source2
S1-537619821,1,1,0,0,0,0.2473,0.0,0.2473,false,true,S3-554728394,source3
S1-537657133,1,0,0,0,0,0.0,0.0,0.0,true,false,S3-610339898,source3
S1-537887238,2,0,0,0,0,0.0001,0.0,0.0,true,false,S3-384928266,source3
S1-537891460,3,0,0,0,0,0.0,0.0,0.0,true,false,S3-115030612,source3
S1-537944284,2,0,0,0,0,0.0,0.0,0.0,true,false,S3-307719506,source3
S1-538020889,1,0,0,0,0,0.0,0.0,0.0,true,false,S2-871358534,source2
S1-53816260,3,0,0,0,0,0.0,0.0,0.0,true,false,S2-335561702,source2
S1-538239017,2,0,0,0,0,0.0009,0.0001,0.0008,true,false,S3-185046156,source3
S1-538274103,1,0,0,0,0,0.0,0.0,0.0,true,false,S3-568899518,source3
S1-53830123,48,0,0,0,0,0.0001,0.0001,0.0,true,false,S3-388294428,source3
S1-538305722,89,0,0,0,0,0.0002,0.0001,0.0001,true,false,S3-812508059,source3
S1-538305927,1,1,0,0,0,0.6608,0.0,0.6608,false,true,S2-355188251,source2
S1-538516196,1,0,0,0,0,0.0,0.0,0.0,true,false,S2-927463935,source2
S1-538636180,1,0,0,0,0,0.0,0.0,0.0,true,false,S2-808715382,source2
S1-53869136,1,0,0,0,0,0.0,0.0,0.0,true,false,S2-783576806,source2
S1-538732661,24,0,0,0,0,0.0001,0.0001,0.0,true,false,S3-131760820,source3
S1-538844479,3,0,0,0,0,0.0001,0.0,0.0001,true,false,S2-621809296,source2
S1-538917582,43,1,1,1,1,0.9939,0.0,0.9939,false,true,S3-127148655,source3
S1-539053304,1,0,0,0,0,0.0,0.0,0.0,true,false,S2-894384835,source2
S1-539088209,1,0,0,0,0,0.0,0.0,0.0,true,false,S3-696104880,source3
S1-539090309,1,0,0,0,0,0.6197,0.0,0.6197,true,false,S2-291353274,source2
S1-539192088,4,0,0,0,0,0.0001,0.0,0.0001,true,false,S3-692972984,source3
S1-539195527,1,0,0,0,0,0.0,0.0,0.0,true,false,S3-97312654,source3
S1-539197690,5,0,0,0,0,0.0,0.0,0.0,true,false,S2-119142372,source2
S1-539227838,2,0,0,0,0,0.0001,0.0,0.0001,true,false,S3-627332499,source3
S1-53963224,1,0,0,0,0,0.0,0.0,0.0,true,false,S2-240010318,source2
S1-53963474,2,0,0,0,0,0.0,0.0,0.0,true,false,S3-404113585,source3
S1-539840689,1,0,0,0,0,0.0,0.0,0.0,true,false,S3-569479814,source3
S1-53985049,1,0,0,0,0,0.0,0.0,0.0,true,false,S3-688824274,source3
S1-539850971,13,0,0,0,0,0.0,0.0,0.0,true,false,S3-630555077,source3
S1-540051344,1,1,1,1,1,0.9988,0.0,0.9988,false,true,S2-2676355,source2
S1-540057723,1,0,0,0,0,0.0,0.0,0.0,true,false,S3-322903410,source3
S1-540148118,3,0,0,0,0,0.0001,0.0,0.0001,true,false,S2-756512651,source2
S1-540154167,30,0,0,0,0,0.0,0.0,0.0,true,false,S3-209426948,source3
S1-540257150,3,0,0,0,0,0.0,0.0,0.0,true,false,S3-974639317,source3
S1-540365187,43,0,0,0,0,0.0,0.0,0.0,true,false,S3-24248815,source3
S1-540457458,2,0,0,0,0,0.0,0.0,0.0,true,false,S2-800937355,source2
S1-540486784,1,0,0,0,0,0.0,0.0,0.0,true,false,S3-757079156,source3
S1-54058918,1,0,0,0,0,0.0,0.0,0.0,true,false,S2-641217477,source2
S1-540666164,1,1,1,1,1,0.9994,0.0,0.9994,false,true,S2-543977399,source2
S1-540861277,24,1,1,1,1,0.978,0.0,0.978,false,true,S2-423682649,source2
S1-54095608,1,0,0,0,0,0.0,0.0,0.0,true,false,S3-132341863,source3
S1-540995931,49,0,0,0,0,0.0,0.0,0.0,true,false,S3-982964913,source3
S1-541045953,7,0,0,0,0,0.0001,0.0001,0.0,true,false,S2-968974774,source2
S1-541080274,42,0,0,0,0,0.0,0.0,0.0,true,false,S3-176386540,source3
S1-541152783,2,0,0,0,0,0.0002,0.0001,0.0001,true,false,S2-842463067,source2
S1-541235918,19,0,0,0,0,0.0,0.0,0.0,true,false,S2-984226971,source2
S1-541242696,4,0,0,0,0,0.0,0.0,0.0,true,false,S3-696694898,source3
S1-541267696,1,0,0,0,0,0.0,0.0,0.0,true,false,S3-692922242,source3
S1-541280559,14,0,0,0,0,0.0001,0.0,0.0,true,false,S3-932878643,source3
S1-541300902,2,0,0,0,0,0.0,0.0,0.0,true,false,S3-638459185,source3
S1-541486517,48,0,0,0,0,0.0,0.0,0.0,true,false,S3-147279759,source3
S1-541524113,1,0,0,0,0,0.0002,0.0,0.0002,true,false,S3-160966085,source3
S1-541564298,1,0,0,0,0,0.0,0.0,0.0,true,false,S2-648239457,source2
S1-541577647,1,0,0,0,0,0.0002,0.0,0.0002,true,false,S3-536659198,source3
S1-54173995,29,0,0,0,0,0.0,0.0,0.0,true,false,S2-551509463,source2
S1-541790637,1,0,0,0,0,0.0,0.0,0.0,true,false,S2-578047769,source2
S1-541909838,1,0,0,0,0,0.0,0.0,0.0,true,false,S2-894384835,source2
S1-541913177,2,0,0,0,0,0.0,0.0,0.0,true,false,S3-308536971,source3
S1-541922107,58,0,0,0,0,0.0001,0.0001,0.0,true,false,S2-676477548,source2
S1-541947198,37,0,0,0,0,0.0,0.0,0.0,true,false,S2-217491248,source2
S1-541965233,81,0,0,0,0,0.0142,0.0059,0.0083,true,false,S2-822916887,source2
S1-541981056,4,0,0,0,0,0.0,0.0,0.0,true,false,S2-499884996,source2
S1-542084009,1,0,0,0,0,0.0,0.0,0.0,true,false,S3-925724184,source3
S1-542121689,1,0,0,0,0,0.0,0.0,0.0,true,false,S2-900963319,source2
S1-5421384,15,0,0,0,0,0.007,0.0002,0.0068,true,false,S3-689689104,source3
S1-542211755,90,0,0,0,0,0.0001,0.0001,0.0,true,false,S2-599830805,source2
S1-542501271,1,0,0,0,0,0.0,0.0,0.0,true,false,S2-557009181,source2
S1-542584120,2,0,0,0,0,0.0,0.0,0.0,true,false,S3-275463429,source3
S1-542687059,2,0,0,0,0,0.0,0.0,0.0,true,false,S3-941407201,source3
S1-542761721,2,0,0,0,0,0.0,0.0,0.0,true,false,S2-552647347,source2
S1-542915108,1,0,0,0,0,0.0,0.0,0.0,true,false,S3-156813058,source3
S1-543124061,1,0,0,0,0,0.0001,0.0,0.0001,true,false,S3-986110518,source3
S1-543127091,13,0,0,0,0,0.0,0.0,0.0,true,false,S2-872956773,source2
S1-543144015,1,0,0,0,0,0.0,0.0,0.0,true,false,S2-314906454,source2
S1-543192304,4,0,0,0,0,0.0001,0.0001,0.0,true,false,S3-648399566,source3
S1-543253607,2,0,0,0,0,0.0,0.0,0.0,true,false,S2-912435652,source2
S1-543291404,35,0,0,0,0,0.0,0.0,0.0,true,false,S3-355476685,source3
S1-543380961,2,0,0,0,0,0.0,0.0,0.0,true,false,S2-719140028,source2
S1-54339000,2,0,0,0,0,0.0001,0.0,0.0,true,false,S3-434836825,source3
S1-54352084,1,0,0,0,0,0.0,0.0,0.0,true,false,S3-973262975,source3
S1-543567386,39,0,0,0,0,0.0004,0.0001,0.0003,true,false,S2-858132046,source2
S1-543668732,1,0,0,0,0,0.0,0.0,0.0,true,false,S3-767174178,source3
S1-543722172,2,0,0,0,0,0.0,0.0,0.0,true,false,S3-522765907,source3
S1-543851915,1,0,0,0,0,0.0,0.0,0.0,true,false,S2-367648591,source2
S1-543917962,1,0,0,0,0,0.0,0.0,0.0,true,false,S3-351224016,source3
S1-543997856,1,0,0,0,0,0.0046,0.0,0.0046,true,false,S3-369130400,source3
S1-544033870,1,1,1,1,1,0.999,0.0,0.999,false,true,S2-602241852,source2
S1-544189999,2,0,0,0,0,0.0,0.0,0.0,true,false,S2-66259612,source2
S1-544279537,71,0,0,0,0,0.0003,0.0003,0.0,true,false,S2-381847535,source2
S1-544301844,1,0,0,0,0,0.0,0.0,0.0,true,false,S2-405208546,source2
S1-544324636,1,0,0,0,0,0.0,0.0,0.0,true,false,S3-920441994,source3
S1-544664901,1,0,0,0,0,0.0,0.0,0.0,true,false,S2-287287357,source2
S1-54468631,6,0,0,0,0,0.0,0.0,0.0,true,false,S3-56115177,source3
S1-544760679,1,0,0,0,0,0.0001,0.0,0.0001,true,false,S3-565217063,source3
S1-544773414,1,1,1,1,1,0.9859,0.0,0.9859,false,true,S3-776508663,source3
S1-544824570,1,1,1,1,1,0.9992,0.0,0.9992,false,true,S2-676342828,source2
S1-545031021,1,0,0,0,0,0.0,0.0,0.0,true,false,S3-348178585,source3
S1-545196224,2,0,0,0,0,0.0,0.0,0.0,true,false,S2-461062675,source2
S1-545286725,26,0,0,0,0,0.0,0.0,0.0,true,false,S2-593221230,source2
S1-545293965,1,0,0,0,0,0.0,0.0,0.0,true,false,S3-989301323,source3
S1-545328963,36,0,0,0,0,0.0033,0.0028,0.0004,true,false,S2-122170914,source2
S1-545400668,1,0,0,0,0,0.0,0.0,0.0,true,false,S2-665989302,source2
S1-545495479,2,0,0,0,0,0.0001,0.0,0.0001,true,false,S2-210471273,source2
S1-545529862,2,0,0,0,0,0.0,0.0,0.0,true,false,S2-973826240,source2
S1-54561450,1,0,0,0,0,0.0,0.0,0.0,true,false,S2-832504220,source2
S1-545739734,2,0,0,0,0,0.0001,0.0001,0.0,true,false,S3-189184509,source3
S1-545790155,3,0,0,0,0,0.0,0.0,0.0,true,false,S3-529012041,source3
S1-546205813,1,0,0,0,0,0.0,0.0,0.0,true,false,S3-266439235,source3
S1-546233845,1,1,1,1,1,0.9939,0.0,0.9939,false,true,S2-671752780,source2
S1-54623727,1,0,0,0,0,0.0,0.0,0.0,true,false,S3-545928776,source3
S1-546325650,2,0,0,0,0,0.0,0.0,0.0,true,false,S2-94214011,source2
S1-546364657,3,0,0,0,0,0.0002,0.0001,0.0001,true,false,S3-602253378,source3
S1-546373760,1,0,0,0,0,0.0,0.0,0.0,true,false,S2-548154722,source2
S1-546467485,1,0,0,0,0,0.0,0.0,0.0,true,false,S3-212496667,source3
S1-546648903,10,0,0,0,0,0.1316,0.0013,0.1303,true,false,S3-416127783,source3
S1-546682283,41,0,0,0,0,0.0,0.0,0.0,true,false,S3-442153398,source3
S1-546702780,14,0,0,0,0,0.0002,0.0002,0.0,true,false,S2-922138256,source2
S1-546702803,3,0,0,0,0,0.0,0.0,0.0,true,false,S2-121378391,source2
S1-546760614,5,0,0,0,0,0.3961,0.0,0.3961,true,false,S3-930257549,source3
S1-546789111,1,0,0,0,0,0.0,0.0,0.0,true,false,S2-882721207,source2
S1-546838645,27,0,0,0,0,0.0013,0.0,0.0012,true,false,S2-626674166,source2
S1-546990850,1,0,0,0,0,0.0,0.0,0.0,true,false,S2-987279589,source2
S1-547247429,1,0,0,0,0,0.0,0.0,0.0,true,false,S3-674853320,source3
S1-54724899,1,0,0,0,0,0.0,0.0,0.0,true,false,S3-606183225,source3
S1-547535005,1,0,0,0,0,0.0,0.0,0.0,true,false,S3-356770476,source3
S1-547546143,3,0,0,0,0,0.0001,0.0,0.0,true,false,S3-927838183,source3
S1-547550173,1,0,0,0,0,0.0,0.0,0.0,true,false,S3-538925347,source3
S1-547630919,54,0,0,0,0,0.0,0.0,0.0,true,false,S3-856285441,source3
S1-547641536,2,1,0,0,0,0.0911,0.0,0.0911,false,true,S3-430070224,source3
S1-547740920,1,0,0,0,0,0.0,0.0,0.0,true,false,S3-235940815,source3
S1-547807369,48,0,0,0,0,0.0,0.0,0.0,true,false,S2-16088526,source2
S1-547867135,19,0,0,0,0,0.0001,0.0001,0.0,true,false,S2-946938247,source2
S1-54788916,29,0,0,0,0,0.0,0.0,0.0,true,false,S3-716169189,source3
S1-547971316,1,0,0,0,0,0.0,0.0,0.0,true,false,S2-627733994,source2
S1-547976821,1,0,0,0,0,0.0,0.0,0.0,true,false,S2-42992785,source2
S1-547978953,19,0,0,0,0,0.0003,0.0001,0.0002,true,false,S2-560155647,source2
S1-547985949,1,0,0,0,0,0.0001,0.0,0.0001,true,false,S2-818736016,source2
S1-548004922,1,0,0,0,0,0.0,0.0,0.0,true,false,S2-201354531,source2
S1-548090179,68,0,0,0,0,0.0,0.0,0.0,true,false,S3-645005923,source3
S1-548093714,13,0,0,0,0,0.4337,0.0001,0.4336,true,false,S3-256805913,source3
S1-548228684,1,0,0,0,0,0.0,0.0,0.0,true,false,S3-515516683,source3
S1-548304791,1,0,0,0,0,0.0,0.0,0.0,true,false,S3-657444571,source3
S1-548331213,1,0,0,0,0,0.0,0.0,0.0,true,false,S2-365421986,source2
S1-548375445,1,0,0,0,0,0.0,0.0,0.0,true,false,S3-239387200,source3
S1-548377191,1,0,0,0,0,0.0,0.0,0.0,true,false,S3-752263296,source3
S1-54843090,1,1,1,1,1,0.9992,0.0,0.9992,false,true,S3-356759525,source3
S1-548586587,29,0,0,0,0,0.0,0.0,0.0,true,false,S3-527462447,source3
S1-548666602,47,0,0,0,0,0.0001,0.0,0.0001,true,false,S2-125116353,source2
S1-548717271,1,0,0,0,0,0.0,0.0,0.0,true,false,S3-813314301,source3
S1-548735769,1,0,0,0,0,0.0,0.0,0.0,true,false,S2-539867790,source2
S1-54874176,1,0,0,0,0,0.0,0.0,0.0,true,false,S2-122203211,source2
S1-548811788,3,1,1,1,1,0.967,0.0,0.967,false,true,S2-753773305,source2
S1-548838723,38,0,0,0,0,0.0,0.0,0.0,true,false,S2-406417949,source2
S1-548852318,38,0,0,0,0,0.1233,0.0,0.1233,true,false,S3-358133843,source3
S1-549086594,2,0,0,0,0,0.0409,0.0,0.0409,true,false,S3-172940292,source3
S1-549101599,1,1,1,1,1,0.9931,0.0,0.9931,false,true,S3-86840764,source3
S1-549241263,1,0,0,0,0,0.0,0.0,0.0,true,false,S2-670948516,source2
S1-549302006,1,0,0,0,0,0.0001,0.0,0.0001,true,false,S2-212539797,source2
S1-549415438,3,0,0,0,0,0.0,0.0,0.0,true,false,S3-854235216,source3
S1-549481090,12,0,0,0,0,0.0376,0.0004,0.0372,true,false,S2-416610455,source2
S1-549608547,1,0,0,0,0,0.0,0.0,0.0,true,false,S2-67793221,source2
S1-549612411,1,0,0,0,0,0.0,0.0,0.0,true,false,S3-916699006,source3
S1-549965449,2,0,0,0,0,0.0,0.0,0.0,true,false,S2-304261497,source2
S1-550190717,1,1,1,1,1,0.9804,0.0,0.9804,false,true,S3-329622221,source3
S1-550246730,2,0,0,0,0,0.0,0.0,0.0,true,false,S3-366039188,source3
S1-55033507,15,0,0,0,0,0.0,0.0,0.0,true,false,S3-721626775,source3
S1-550450344,73,0,0,0,0,0.0006,0.0003,0.0002,true,false,S3-937822487,source3
S1-550533347,32,0,0,0,0,0.0,0.0,0.0,true,false,S2-826749078,source2
S1-550551866,45,0,0,0,0,0.0,0.0,0.0,true,false,S3-534975188,source3
S1-55067577,1,0,0,0,0,0.0001,0.0,0.0001,true,false,S3-595958964,source3
S1-550705667,49,0,0,0,0,0.0,0.0,0.0,true,false,S3-770842088,source3
S1-550807948,1,0,0,0,0,0.0,0.0,0.0,true,false,S3-602478593,source3
S1-550919717,4,0,0,0,0,0.0,0.0,0.0,true,false,S2-67308550,source2
S1-550928733,65,0,0,0,0,0.074,0.0062,0.0678,true,false,S3-941655471,source3
S1-550938653,1,0,0,0,0,0.0,0.0,0.0,true,false,S3-48880752,source3
S1-550960819,1,0,0,0,0,0.0,0.0,0.0,true,false,S2-352506802,source2
S1-551125133,1,0,0,0,0,0.0001,0.0,0.0001,true,false,S2-436957875,source2
S1-551235283,2,0,0,0,0,0.0,0.0,0.0,true,false,S3-892375765,source3
S1-551356717,43,0,0,0,0,0.0002,0.0,0.0001,true,false,S3-614300694,source3
S1-551373310,1,0,0,0,0,0.0,0.0,0.0,true,false,S2-990830695,source2
S1-551380284,1,0,0,0,0,0.0,0.0,0.0,true,false,S2-461810698,source2
S1-551396630,1,0,0,0,0,0.0103,0.0,0.0103,true,false,S2-571375645,source2
S1-551445318,1,0,0,0,0,0.0,0.0,0.0,true,false,S3-13516765,source3
S1-551469891,2,0,0,0,0,0.0,0.0,0.0,true,false,S3-878013859,source3
S1-551480571,1,0,0,0,0,0.0001,0.0,0.0001,true,false,S2-570361359,source2
S1-552429372,30,0,0,0,0,0.0,0.0,0.0,true,false,S3-707346710,source3
S1-55248059,1,0,0,0,0,0.0,0.0,0.0,true,false,S2-754241661,source2
S1-552544757,1,0,0,0,0,0.0,0.0,0.0,true,false,S2-345646099,source2
S1-552549808,13,0,0,0,0,0.0001,0.0001,0.0,true,false,S2-152334398,source2
S1-552606641,4,0,0,0,0,0.0,0.0,0.0,true,false,S2-116519014,source2
S1-552658307,1,0,0,0,0,0.0,0.0,0.0,true,false,S2-690672652,source2
S1-552668445,2,0,0,0,0,0.0,0.0,0.0,true,false,S2-264423020,source2
S1-552737277,15,0,0,0,0,0.015,0.0014,0.0136,true,false,S2-670084831,source2
S1-553063664,14,0,0,0,0,0.0,0.0,0.0,true,false,S3-354490234,source3
S1-553167730,2,0,0,0,0,0.0001,0.0001,0.0,true,false,S3-164697297,source3
S1-55322064,15,0,0,0,0,0.6235,0.0,0.6235,true,false,S2-867065031,source2
S1-553316817,2,0,0,0,0,0.0,0.0,0.0,true,false,S2-838874302,source2
S1-553330268,1,0,0,0,0,0.0,0.0,0.0,true,false,S2-191045664,source2
S1-553334532,6,0,0,0,0,0.0001,0.0001,0.0,true,false,S3-76805206,source3
S1-55333937,1,0,0,0,0,0.0,0.0,0.0,true,false,S2-409647370,source2
S1-553405257,1,0,0,0,0,0.0,0.0,0.0,true,false,S3-689389542,source3
S1-553498803,1,0,0,0,0,0.0,0.0,0.0,true,false,S3-757017677,source3
S1-553712807,1,0,0,0,0,0.0,0.0,0.0,true,false,S3-888210673,source3
S1-554070895,2,0,0,0,0,0.0,0.0,0.0,true,false,S3-625016160,source3
S1-554097475,15,0,0,0,0,0.0,0.0,0.0,true,false,S2-251808682,source2
S1-55417136,1,0,0,0,0,0.0,0.0,0.0,true,false,S3-417788389,source3
S1-55455593,1,0,0,0,0,0.0,0.0,0.0,true,false,S2-271055676,source2
S1-554583067,70,0,0,0,0,0.0001,0.0,0.0001,true,false,S3-516727609,source3
S1-554608448,1,0,0,0,0,0.072,0.0,0.072,true,false,S3-355476685,source3
S1-554817468,1,1,1,1,1,0.9952,0.0,0.9952,false,true,S3-455436265,source3
S1-554819145,48,0,0,0,0,0.0001,0.0,0.0001,true,false,S3-114631761,source3
S1-554974970,1,0,0,0,0,0.0,0.0,0.0,true,false,S2-212299943,source2
S1-55505161,1,0,0,0,0,0.0,0.0,0.0,true,false,S3-867078782,source3
S1-555099375,113,0,0,0,0,0.0001,0.0,0.0001,true,false,S2-934376052,source2
S1-555171337,41,0,0,0,0,0.0016,0.0,0.0016,true,false,S3-828529196,source3
S1-555191033,33,0,0,0,0,0.0,0.0,0.0,true,false,S3-353342528,source3
S1-555218009,1,1,0,0,0,0.7935,0.0,0.7935,false,true,S3-812530968,source3
S1-555277541,4,0,0,0,0,0.0001,0.0,0.0,true,false,S3-309626271,source3
S1-555502589,45,0,0,0,0,0.0001,0.0001,0.0,true,false,S2-525862775,source2
S1-555599724,6,0,0,0,0,0.0,0.0,0.0,true,false,S3-341208722,source3
S1-5556228,42,0,0,0,0,0.0,0.0,0.0,true,false,S3-495382572,source3
S1-555751497,45,0,0,0,0,0.0,0.0,0.0,true,false,S2-796543885,source2
S1-555762942,4,0,0,0,0,0.0,0.0,0.0,true,false,S2-805458077,source2
S1-555781157,1,0,0,0,0,0.0,0.0,0.0,true,false,S3-385665030,source3
S1-555792488,3,0,0,0,0,0.0,0.0,0.0,true,false,S2-840637471,source2
S1-555846435,3,0,0,0,0,0.0001,0.0,0.0,true,false,S2-114070036,source2
S1-555957831,1,1,0,0,0,0.0017,0.0,0.0017,false,true,S3-850596301,source3
S1-556030141,3,0,0,0,0,0.0001,0.0,0.0001,true,false,S3-6605683,source3
S1-55615857,41,0,0,0,0,0.0,0.0,0.0,true,false,S3-896629674,source3
S1-55628894,1,1,1,1,1,0.9837,0.0,0.9837,false,true,S3-66951337,source3
S1-556368452,1,0,0,0,0,0.0,0.0,0.0,true,false,S3-840328070,source3
S1-556536621,44,0,0,0,0,0.0,0.0,0.0,true,false,S2-439584807,source2
S1-556594398,1,0,0,0,0,0.0,0.0,0.0,true,false,S2-30122740,source2
S1-556638864,2,0,0,0,0,0.0002,0.0,0.0002,true,false,S2-133891194,source2
S1-556708511,5,0,0,0,0,0.0,0.0,0.0,true,false,S3-439245932,source3
S1-55679373,1,0,0,0,0,0.0,0.0,0.0,true,false,S3-815547773,source3
S1-556837698,1,0,0,0,0,0.0,0.0,0.0,true,false,S3-486378932,source3
S1-556845820,1,0,0,0,0,0.0,0.0,0.0,true,false,S3-804968788,source3
S1-556918752,1,0,0,0,0,0.0,0.0,0.0,true,false,S2-719091371,source2
S1-556931472,1,0,0,0,0,0.0,0.0,0.0,true,false,S2-706664613,source2
S1-557016476,1,0,0,0,0,0.0,0.0,0.0,true,false,S2-510131514,source2
S1-557031349,1,0,0,0,0,0.0,0.0,0.0,true,false,S2-842281516,source2
S1-557081540,2,1,1,1,1,0.9638,0.0,0.9638,false,true,S2-737293268,source2
S1-557131855,2,0,0,0,0,0.0001,0.0001,0.0,true,false,S2-779837321,source2
S1-557145214,1,0,0,0,0,0.0001,0.0,0.0001,true,false,S3-151651868,source3
S1-557177235,1,0,0,0,0,0.0805,0.0,0.0805,true,false,S2-368458588,source2
S1-55721868,60,0,0,0,0,0.0,0.0,0.0,true,false,S3-90124333,source3
S1-557379384,1,1,1,1,1,0.9616,0.0,0.9616,false,true,S3-140894593,source3
S1-557397347,1,0,0,0,0,0.0,0.0,0.0,true,false,S3-175557843,source3
S1-557399885,2,0,0,0,0,0.0,0.0,0.0,true,false,S2-48963502,source2
S1-557411773,1,0,0,0,0,0.0,0.0,0.0,true,false,S3-899283566,source3
S1-557511474,1,0,0,0,0,0.0,0.0,0.0,true,false,S2-430967143,source2
S1-557547015,71,0,0,0,0,0.0,0.0,0.0,true,false,S2-179151448,source2
S1-557806091,39,0,0,0,0,0.0001,0.0001,0.0,true,false,S3-463581100,source3
S1-557975484,1,0,0,0,0,0.0,0.0,0.0,true,false,S3-420669965,source3
S1-558011533,61,0,0,0,0,0.0001,0.0,0.0,true,false,S2-555546830,source2
S1-558138436,34,0,0,0,0,0.0,0.0,0.0,true,false,S2-115146211,source2
S1-558232381,1,1,1,1,1,0.9841,0.0,0.9841,false,true,S3-238938568,source3
S1-558262132,1,0,0,0,0,0.0,0.0,0.0,true,false,S2-442723251,source2
S1-558458240,1,0,0,0,0,0.0,0.0,0.0,true,false,S2-133660776,source2
S1-558486960,4,0,0,0,0,0.0001,0.0,0.0001,true,false,S3-247148649,source3
S1-558615125,1,0,0,0,0,0.0,0.0,0.0,true,false,S2-700596531,source2
S1-558660613,1,1,1,1,1,0.9988,0.0,0.9988,false,true,S2-317153621,source2
S1-558752887,1,0,0,0,0,0.0,0.0,0.0,true,false,S2-10773065,source2
S1-558847131,1,1,1,1,0,0.9449,0.0,0.9449,false,true,S3-165017733,source3
S1-558942327,1,1,1,1,1,0.9969,0.0,0.9969,false,true,S3-830489604,source3
S1-559122838,1,0,0,0,0,0.0,0.0,0.0,true,false,S2-373386057,source2
S1-55915812,1,0,0,0,0,0.0,0.0,0.0,true,false,S2-119162985,source2
S1-559190054,1,0,0,0,0,0.0001,0.0,0.0001,true,false,S2-321334496,source2
S1-559466350,1,0,0,0,0,0.0,0.0,0.0,true,false,S3-266848363,source3
S1-55950574,1,0,0,0,0,0.0,0.0,0.0,true,false,S3-340175917,source3
S1-559606358,2,0,0,0,0,0.0,0.0,0.0,true,false,S2-456130072,source2
S1-559691865,5,0,0,0,0,0.0001,0.0,0.0,true,false,S2-950012781,source2
S1-559762671,2,0,0,0,0,0.0,0.0,0.0,true,false,S3-366039188,source3
S1-5598260,26,0,0,0,0,0.3985,0.0,0.3985,true,false,S2-53160245,source2
S1-559829513,2,0,0,0,0,0.0,0.0,0.0,true,false,S3-7224230,source3
S1-559834896,1,0,0,0,0,0.0,0.0,0.0,true,false,S3-308003443,source3
S1-559873839,1,0,0,0,0,0.0001,0.0,0.0001,true,false,S3-106896971,source3
S1-559894174,1,0,0,0,0,0.0,0.0,0.0,true,false,S2-344995401,source2
S1-559913580,1,1,1,1,1,0.9566,0.0,0.9566,false,true,S2-311879305,source2
S1-559946790,1,0,0,0,0,0.0,0.0,0.0,true,false,S3-643764406,source3
S1-559951900,51,0,0,0,0,0.0,0.0,0.0,true,false,S3-555818589,source3
S1-560072030,37,0,0,0,0,0.0007,0.0,0.0007,true,false,S3-797771608,source3
S1-560220771,1,0,0,0,0,0.1682,0.0,0.1682,true,false,S2-259655871,source2
S1-560377511,2,0,0,0,0,0.0001,0.0,0.0001,true,false,S3-215413225,source3
S1-560393288,2,0,0,0,0,0.0,0.0,0.0,true,false,S3-598766670,source3
S1-560422033,2,0,0,0,0,0.0,0.0,0.0,true,false,S2-380796793,source2
S1-560519448,59,0,0,0,0,0.0,0.0,0.0,true,false,S2-243072146,source2
S1-560522379,3,1,1,1,1,0.9989,0.0,0.9988,false,true,S3-645686456,source3
S1-560886438,2,0,0,0,0,0.0015,0.0001,0.0014,true,false,S3-962263643,source3
S1-560985660,17,0,0,0,0,0.0004,0.0002,0.0002,true,false,S2-122377884,source2
S1-560997894,2,0,0,0,0,0.0,0.0,0.0,true,false,S2-844978925,source2
S1-561152069,1,0,0,0,0,0.0,0.0,0.0,true,false,S2-713817759,source2
S1-561170031,2,0,0,0,0,0.0,0.0,0.0,true,false,S3-279598098,source3
S1-561229105,1,0,0,0,0,0.0,0.0,0.0,true,false,S2-245382081,source2
S1-561239077,1,0,0,0,0,0.0,0.0,0.0,true,false,S3-153623468,source3
S1-561261898,1,0,0,0,0,0.0,0.0,0.0,true,false,S2-2480712,source2
S1-561269090,1,0,0,0,0,0.0,0.0,0.0,true,false,S3-60497840,source3
S1-561447830,57,0,0,0,0,0.0004,0.0,0.0003,true,false,S2-766546763,source2
S1-561506149,2,1,1,1,1,0.9816,0.0,0.9815,false,true,S2-29424513,source2
S1-561587054,1,0,0,0,0,0.0001,0.0,0.0001,true,false,S2-325273148,source2
S1-561644939,1,0,0,0,0,0.0,0.0,0.0,true,false,S3-874927702,source3
S1-561687101,74,0,0,0,0,0.0001,0.0,0.0001,true,false,S2-3072135,source2
S1-561692020,1,0,0,0,0,0.0,0.0,0.0,true,false,S3-825672450,source3
S1-561721636,2,0,0,0,0,0.0001,0.0,0.0001,true,false,S3-356203149,source3
S1-561798195,1,0,0,0,0,0.0,0.0,0.0,true,false,S3-937256627,source3
S1-56184207,1,0,0,0,0,0.0,0.0,0.0,true,false,S2-667360503,source2
S1-561850604,2,0,0,0,0,0.0,0.0,0.0,true,false,S2-621830421,source2
S1-561885740,1,0,0,0,0,0.0396,0.0,0.0396,true,false,S3-693719808,source3
S1-561949997,1,0,0,0,0,0.0,0.0,0.0,true,false,S3-615097493,source3
S1-56212964,2,0,0,0,0,0.0,0.0,0.0,true,false,S2-709901010,source2
S1-562150790,36,0,0,0,0,0.0001,0.0,0.0,true,false,S3-640997844,source3
S1-562163221,1,0,0,0,0,0.0,0.0,0.0,true,false,S3-846429374,source3
S1-562186345,1,0,0,0,0,0.0,0.0,0.0,true,false,S3-935083182,source3
S1-562232822,1,0,0,0,0,0.0,0.0,0.0,true,false,S3-617044944,source3
S1-562250844,39,0,0,0,0,0.0,0.0,0.0,true,false,S3-659918656,source3
S1-562274117,1,0,0,0,0,0.0,0.0,0.0,true,false,S3-434848749,source3
S1-562288862,1,0,0,0,0,0.0,0.0,0.0,true,false,S2-609326733,source2
S1-562504412,3,0,0,0,0,0.0,0.0,0.0,true,false,S3-396819935,source3
S1-562795269,1,0,0,0,0,0.0002,0.0,0.0002,true,false,S2-755569144,source2
S1-562837448,2,0,0,0,0,0.0,0.0,0.0,true,false,S3-488009241,source3
S1-562847595,28,0,0,0,0,0.0,0.0,0.0,true,false,S2-122711789,source2
S1-562919896,1,0,0,0,0,0.0,0.0,0.0,true,false,S3-232963819,source3
S1-562922418,10,0,0,0,0,0.0004,0.0001,0.0003,true,false,S2-74901870,source2
S1-563207993,1,1,0,0,0,0.3826,0.0,0.3826,false,true,S2-275007491,source2
S1-56326829,1,1,1,1,1,0.9994,0.0,0.9994,false,true,S3-492762370,source3
S1-563405161,1,0,0,0,0,0.0,0.0,0.0,true,false,S3-929282683,source3
S1-563466879,1,0,0,0,0,0.0,0.0,0.0,true,false,S3-129226849,source3
S1-56349695,40,0,0,0,0,0.0001,0.0,0.0001,true,false,S2-562839435,source2
S1-563507370,1,0,0,0,0,0.0,0.0,0.0,true,false,S2-638025972,source2
S1-563624255,2,0,0,0,0,0.0,0.0,0.0,true,false,S2-683854022,source2
S1-563690824,1,0,0,0,0,0.0,0.0,0.0,true,false,S3-396449814,source3
S1-563697888,1,0,0,0,0,0.0001,0.0,0.0001,true,false,S3-910351363,source3
S1-563715989,2,0,0,0,0,0.0,0.0,0.0,true,false,S3-862177212,source3
S1-563764828,29,0,0,0,0,0.0,0.0,0.0,true,false,S3-527462447,source3
S1-563808516,3,0,0,0,0,0.0001,0.0001,0.0,true,false,S2-158743113,source2
S1-563919326,1,1,1,1,1,0.977,0.0,0.977,false,true,S3-581481422,source3
S1-563933566,5,0,0,0,0,0.1318,0.0,0.1318,true,false,S2-700033587,source2
S1-564026363,1,1,1,1,1,0.999,0.0,0.999,false,true,S2-33237397,source2
S1-564169111,1,0,0,0,0,0.0,0.0,0.0,true,false,S2-314786163,source2
S1-564193651,44,0,0,0,0,0.0,0.0,0.0,true,false,S3-123919747,source3
S1-564223388,2,0,0,0,0,0.0,0.0,0.0,true,false,S3-685451370,source3
S1-564712778,6,0,0,0,0,0.0002,0.0001,0.0002,true,false,S2-132513427,source2
S1-564729135,30,0,0,0,0,0.0,0.0,0.0,true,false,S2-227919796,source2
S1-56483344,4,0,0,0,0,0.0004,0.0001,0.0004,true,false,S3-839808791,source3
S1-564854916,5,0,0,0,0,0.0001,0.0001,0.0,true,false,S3-569301178,source3
S1-564986694,1,0,0,0,0,0.0,0.0,0.0,true,false,S3-891970599,source3
S1-565140476,113,0,0,0,0,0.0,0.0,0.0,true,false,S3-344183576,source3
S1-56520129,1,0,0,0,0,0.0409,0.0,0.0409,true,false,S2-79732030,source2
S1-565244562,1,0,0,0,0,0.0,0.0,0.0,true,false,S3-783196803,source3
S1-565339485,1,0,0,0,0,0.0,0.0,0.0,true,false,S3-876962801,source3
S1-565451637,40,0,0,0,0,0.0001,0.0,0.0001,true,false,S3-95492421,source3
S1-565478347,2,0,0,0,0,0.0,0.0,0.0,true,false,S3-991970810,source3
S1-565539266,1,0,0,0,0,0.0,0.0,0.0,true,false,S3-632605825,source3
S1-565697883,1,0,0,0,0,0.0,0.0,0.0,true,false,S2-351344079,source2
S1-565773090,5,0,0,0,0,0.0,0.0,0.0,true,false,S3-46061439,source3
S1-565844497,41,0,0,0,0,0.0,0.0,0.0,true,false,S2-259036724,source2
S1-565944487,1,0,0,0,0,0.0,0.0,0.0,true,false,S2-377736276,source2
S1-565965240,1,0,0,0,0,0.0,0.0,0.0,true,false,S2-765929286,source2
S1-566066314,1,0,0,0,0,0.0001,0.0,0.0001,true,false,S2-51029540,source2
S1-566137077,11,0,0,0,0,0.0,0.0,0.0,true,false,S3-964336995,source3
S1-566183725,1,0,0,0,0,0.0,0.0,0.0,true,false,S2-165730140,source2
S1-566250265,1,0,0,0,0,0.0,0.0,0.0,true,false,S2-318095919,source2
S1-56629354,29,0,0,0,0,0.0,0.0,0.0,true,false,S3-693578227,source3
S1-566330599,43,0,0,0,0,0.0,0.0,0.0,true,false,S3-801955850,source3
S1-56634790,1,0,0,0,0,0.0,0.0,0.0,true,false,S3-272131193,source3
S1-566384097,1,0,0,0,0,0.0,0.0,0.0,true,false,S3-848526602,source3
S1-566441905,1,0,0,0,0,0.0,0.0,0.0,true,false,S3-154084109,source3
S1-566485202,5,0,0,0,0,0.0001,0.0,0.0,true,false,S3-849708458,source3
S1-566664126,31,0,0,0,0,0.0,0.0,0.0,true,false,S2-971955195,source2
S1-566722777,2,0,0,0,0,0.0,0.0,0.0,true,false,S3-83080849,source3
S1-566823473,2,0,0,0,0,0.0,0.0,0.0,true,false,S2-286891768,source2
S1-56685596,1,0,0,0,0,0.0,0.0,0.0,true,false,S2-814550390,source2
S1-566945033,1,0,0,0,0,0.0,0.0,0.0,true,false,S3-147843154,source3
S1-56703688,3,0,0,0,0,0.0002,0.0,0.0001,true,false,S3-249219315,source3
S1-56703691,67,0,0,0,0,0.0002,0.0001,0.0001,true,false,S2-655893676,source2
S1-567040343,15,0,0,0,0,0.3984,0.0002,0.3983,true,false,S2-27087381,source2
S1-567139358,1,0,0,0,0,0.0,0.0,0.0,true,false,S3-831532903,source3
S1-567174440,43,0,0,0,0,0.0,0.0,0.0,true,false,S2-181945985,source2
S1-5672910,5,0,0,0,0,0.0003,0.0002,0.0001,true,false,S2-213785348,source2
S1-567305891,22,0,0,0,0,0.0,0.0,0.0,true,false,S2-894047860,source2
S1-567328173,71,0,0,0,0,0.0,0.0,0.0,true,false,S2-552430781,source2
S1-567398746,30,0,0,0,0,0.0,0.0,0.0,true,false,S3-979848252,source3
S1-567424927,3,0,0,0,0,0.0001,0.0,0.0001,true,false,S2-683222801,source2
S1-567481042,113,0,0,0,0,0.0,0.0,0.0,true,false,S3-26157292,source3
S1-567490349,3,0,0,0,0,0.0,0.0,0.0,true,false,S2-341918859,source2
S1-567494413,4,0,0,0,0,0.0091,0.0,0.0091,true,false,S2-76031909,source2
S1-567647679,1,1,1,1,1,0.9999,0.0,0.9999,false,true,S3-425045259,source3
S1-567709520,1,0,0,0,0,0.0,0.0,0.0,true,false,S2-246292224,source2
S1-567740643,56,0,0,0,0,0.0005,0.0001,0.0005,true,false,S3-416117385,source3
S1-567743619,45,0,0,0,0,0.0001,0.0,0.0001,true,false,S3-383028688,source3
S1-567819962,4,0,0,0,0,0.0001,0.0,0.0,true,false,S3-453070247,source3
S1-567993514,2,1,1,1,1,0.995,0.0,0.995,false,true,S3-817684936,source3
S1-568106836,1,0,0,0,0,0.0001,0.0,0.0001,true,false,S3-89968268,source3
S1-5681092,2,0,0,0,0,0.0001,0.0,0.0,true,false,S3-539309753,source3
S1-568127228,1,0,0,0,0,0.0,0.0,0.0,true,false,S3-147741764,source3
S1-568152145,2,0,0,0,0,0.0001,0.0,0.0001,true,false,S3-305963223,source3
S1-568179926,1,0,0,0,0,0.0,0.0,0.0,true,false,S3-686973572,source3
S1-568180677,1,0,0,0,0,0.0,0.0,0.0,true,false,S2-975017529,source2
S1-568224214,1,0,0,0,0,0.0,0.0,0.0,true,false,S3-83800532,source3
S1-568248556,2,0,0,0,0,0.0,0.0,0.0,true,false,S2-731211183,source2
S1-568297098,61,0,0,0,0,0.0,0.0,0.0,true,false,S2-610487117,source2
S1-568312304,1,0,0,0,0,0.0,0.0,0.0,true,false,S3-427993813,source3
S1-568503939,27,0,0,0,0,0.0,0.0,0.0,true,false,S2-737441748,source2
S1-568557103,1,0,0,0,0,0.0,0.0,0.0,true,false,S2-116865757,source2
S1-568588493,1,0,0,0,0,0.0,0.0,0.0,true,false,S3-396449814,source3
S1-568632554,18,0,0,0,0,0.0001,0.0001,0.0,true,false,S3-744155234,source3
S1-568707825,2,0,0,0,0,0.0,0.0,0.0,true,false,S3-502891710,source3
S1-568887110,18,0,0,0,0,0.0001,0.0001,0.0,true,false,S2-75907054,source2
S1-568920945,2,0,0,0,0,0.0,0.0,0.0,true,false,S3-779287634,source3
S1-569100881,3,0,0,0,0,0.0,0.0,0.0,true,false,S2-883693217,source2
S1-569151789,2,0,0,0,0,0.072,0.0001,0.0719,true,false,S2-173506049,source2
S1-569247577,30,0,0,0,0,0.0,0.0,0.0,true,false,S2-403858184,source2
S1-569366761,5,0,0,0,0,0.0001,0.0001,0.0,true,false,S3-934745716,source3
S1-569409975,38,0,0,0,0,0.0,0.0,0.0,true,false,S2-605734275,source2
S1-569595420,1,0,0,0,0,0.0,0.0,0.0,true,false,S3-883614975,source3
S1-569613289,54,0,0,0,0,0.0001,0.0,0.0001,true,false,S2-544679828,source2
S1-569673368,1,0,0,0,0,0.0,0.0,0.0,true,false,S2-161465355,source2
S1-569826851,2,0,0,0,0,0.0,0.0,0.0,true,false,S3-750791684,source3
S1-5698910,44,0,0,0,0,0.0,0.0,0.0,true,false,S2-980749350,source2
S1-569915715,1,0,0,0,0,0.0143,0.0,0.0143,true,false,S2-483338156,source2
S1-569916776,40,0,0,0,0,0.0002,0.0,0.0001,true,false,S2-38624546,source2
S1-569999180,49,0,0,0,0,0.0,0.0,0.0,true,false,S2-510424275,source2
S1-570166398,1,0,0,0,0,0.0001,0.0,0.0001,true,false,S2-665987156,source2
S1-570181116,4,0,0,0,0,0.0,0.0,0.0,true,false,S2-344408497,source2
S1-570587296,38,0,0,0,0,0.0,0.0,0.0,true,false,S2-388698583,source2
S1-570622516,2,0,0,0,0,0.0,0.0,0.0,true,false,S3-137206821,source3
S1-570676783,1,1,1,1,1,0.986,0.0,0.986,false,true,S2-374341917,source2
S1-570687888,1,0,0,0,0,0.0003,0.0,0.0003,true,false,S2-98950539,source2
S1-570717918,1,0,0,0,0,0.0,0.0,0.0,true,false,S2-643413168,source2
S1-570835196,1,0,0,0,0,0.0,0.0,0.0,true,false,S3-696705199,source3
S1-570918664,4,0,0,0,0,0.0007,0.0,0.0007,true,false,S2-528096388,source2
S1-5710979,6,0,0,0,0,0.0003,0.0001,0.0002,true,false,S3-70512447,source3
S1-571115458,2,0,0,0,0,0.0001,0.0,0.0001,true,false,S2-39996098,source2
S1-571138398,10,0,0,0,0,0.0001,0.0001,0.0,true,false,S2-457612732,source2
S1-571287018,1,0,0,0,0,0.0,0.0,0.0,true,false,S3-48786952,source3
S1-571350289,43,0,0,0,0,0.0,0.0,0.0,true,false,S3-472965976,source3
S1-571376605,5,0,0,0,0,0.0,0.0,0.0,true,false,S2-94732549,source2
S1-571383304,42,0,0,0,0,0.0,0.0,0.0,true,false,S3-123617246,source3
S1-571420311,113,0,0,0,0,0.0,0.0,0.0,true,false,S2-774576625,source2
S1-571614439,1,0,0,0,0,0.0,0.0,0.0,true,false,S3-21038074,source3
S1-571777559,1,0,0,0,0,0.0,0.0,0.0,true,false,S3-163908630,source3
S1-571862225,1,0,0,0,0,0.0,0.0,0.0,true,false,S3-83914946,source3
S1-571938194,5,0,0,0,0,0.0001,0.0001,0.0,true,false,S3-276168870,source3
S1-57210879,1,1,1,1,1,0.9902,0.0,0.9902,false,true,S2-166160872,source2
S1-572138262,25,0,0,0,0,0.0,0.0,0.0,true,false,S3-901201480,source3
S1-572317697,1,0,0,0,0,0.0,0.0,0.0,true,false,S3-878320240,source3
S1-57235044,2,0,0,0,0,0.0,0.0,0.0,true,false,S3-526412481,source3
S1-572464827,4,0,0,0,0,0.0518,0.0001,0.0517,true,false,S2-587945736,source2
S1-572490154,1,0,0,0,0,0.0,0.0,0.0,true,false,S2-756074187,source2
S1-572646151,3,0,0,0,0,0.0,0.0,0.0,true,false,S2-609126175,source2
S1-572658737,42,0,0,0,0,0.0002,0.0001,0.0001,true,false,S2-809519547,source2
S1-57274805,1,0,0,0,0,0.0,0.0,0.0,true,false,S2-299564362,source2
S1-572881405,1,0,0,0,0,0.0001,0.0,0.0001,true,false,S3-352358735,source3
S1-572965989,1,0,0,0,0,0.0,0.0,0.0,true,false,S2-879985030,source2
S1-572982578,33,0,0,0,0,0.0,0.0,0.0,true,false,S3-828125570,source3
S1-573079840,44,0,0,0,0,0.0024,0.0017,0.0007,true,false,S2-810892049,source2
S1-573082357,2,0,0,0,0,0.0001,0.0,0.0,true,false,S3-628057204,source3
S1-573394741,3,0,0,0,0,0.0,0.0,0.0,true,false,S3-523846555,source3
S1-573488407,1,0,0,0,0,0.0,0.0,0.0,true,false,S3-466660359,source3
S1-573506703,2,0,0,0,0,0.0,0.0,0.0,true,false,S2-424736206,source2
S1-573536840,31,0,0,0,0,0.0,0.0,0.0,true,false,S2-786194848,source2
S1-573783309,3,0,0,0,0,0.0001,0.0,0.0,true,false,S2-770401431,source2
S1-573796035,1,0,0,0,0,0.0,0.0,0.0,true,false,S2-146827374,source2
S1-573874770,1,0,0,0,0,0.0,0.0,0.0,true,false,S3-170148818,source3
S1-573918971,7,0,0,0,0,0.0001,0.0001,0.0,true,false,S3-542073052,source3
S1-573937092,6,0,0,0,0,0.0001,0.0,0.0001,true,false,S2-721152536,source2
S1-57396698,38,0,0,0,0,0.0,0.0,0.0,true,false,S2-518525663,source2
S1-574037114,43,0,0,0,0,0.0,0.0,0.0,true,false,S3-288828229,source3
S1-574055016,2,0,0,0,0,0.001,0.0,0.001,true,false,S2-755781182,source2
S1-57406354,24,0,0,0,0,0.0,0.0,0.0,true,false,S3-341276511,source3
S1-574145565,1,0,0,0,0,0.0,0.0,0.0,true,false,S3-875154720,source3
S1-574568737,29,1,0,0,0,0.0232,0.0,0.0232,false,true,S2-689329503,source2
S1-574649590,1,0,0,0,0,0.0,0.0,0.0,true,false,S2-302308359,source2
S1-574668375,1,0,0,0,0,0.0,0.0,0.0,true,false,S2-385908574,source2
S1-574783839,52,0,0,0,0,0.0001,0.0,0.0,true,false,S3-773785851,source3
S1-574871837,1,0,0,0,0,0.0,0.0,0.0,true,false,S2-494260341,source2
S1-575135452,31,0,0,0,0,0.0001,0.0,0.0001,true,false,S2-597159535,source2
S1-575411672,29,0,0,0,0,0.0,0.0,0.0,true,false,S3-844931669,source3
S1-575449189,3,0,0,0,0,0.0,0.0,0.0,true,false,S3-356534765,source3
S1-575486380,1,0,0,0,0,0.0,0.0,0.0,true,false,S2-717077040,source2
S1-575523721,81,0,0,0,0,0.0,0.0,0.0,true,false,S2-865386312,source2
S1-575776204,58,0,0,0,0,0.0,0.0,0.0,true,false,S2-974126678,source2
S1-575902348,12,0,0,0,0,0.0001,0.0001,0.0,true,false,S2-929012834,source2
S1-576003847,26,0,0,0,0,0.0,0.0,0.0,true,false,S2-247572689,source2
S1-576161323,1,0,0,0,0,0.0,0.0,0.0,true,false,S2-779433119,source2
S1-576199389,1,0,0,0,0,0.0,0.0,0.0,true,false,S3-823400406,source3
S1-576220090,1,0,0,0,0,0.0,0.0,0.0,true,false,S2-596075110,source2
S1-576426786,1,0,0,0,0,0.0,0.0,0.0,true,false,S3-235790162,source3
S1-57644663,20,0,0,0,0,0.001,0.0,0.0009,true,false,S2-397789829,source2
S1-576483897,38,0,0,0,0,0.0,0.0,0.0,true,false,S3-21825866,source3
S1-576546837,41,0,0,0,0,0.0,0.0,0.0,true,false,S3-896629674,source3
S1-576747343,2,0,0,0,0,0.0,0.0,0.0,true,false,S2-754789254,source2
S1-576794761,46,0,0,0,0,0.0,0.0,0.0,true,false,S3-825072403,source3
S1-576868286,89,0,0,0,0,0.0001,0.0001,0.0,true,false,S3-896006612,source3
S1-576873693,39,0,0,0,0,0.0,0.0,0.0,true,false,S2-699778678,source2
S1-576947319,1,0,0,0,0,0.0001,0.0,0.0001,true,false,S3-856062818,source3
S1-577171185,43,0,0,0,0,0.0006,0.0,0.0006,true,false,S3-614300694,source3
S1-577203661,1,0,0,0,0,0.0,0.0,0.0,true,false,S3-34138431,source3
S1-57725224,1,0,0,0,0,0.0,0.0,0.0,true,false,S3-269171037,source3
S1-577334107,4,0,0,0,0,0.0,0.0,0.0,true,false,S2-328678142,source2
S1-577619215,1,0,0,0,0,0.0,0.0,0.0,true,false,S3-842212903,source3
S1-578201761,3,0,0,0,0,0.0,0.0,0.0,true,false,S3-97300614,source3
S1-578466884,1,0,0,0,0,0.0,0.0,0.0,true,false,S2-945339512,source2
S1-578590810,67,0,0,0,0,0.0,0.0,0.0,true,false,S2-916336931,source2
S1-57859332,1,0,0,0,0,0.0001,0.0,0.0001,true,false,S3-396716947,source3
S1-57870403,1,0,0,0,0,0.0,0.0,0.0,true,false,S3-429535759,source3
S1-578886972,2,0,0,0,0,0.0,0.0,0.0,true,false,S3-226475150,source3
S1-579258016,35,0,0,0,0,0.0,0.0,0.0,true,false,S2-827275925,source2
S1-579339338,1,0,0,0,0,0.0,0.0,0.0,true,false,S2-715235185,source2
S1-579361456,15,0,0,0,0,0.0003,0.0001,0.0002,true,false,S2-387917057,source2
S1-579521008,44,0,0,0,0,0.0,0.0,0.0,true,false,S2-449746137,source2
S1-579550186,3,0,0,0,0,0.0001,0.0001,0.0,true,false,S2-451768146,source2
S1-579569038,3,0,0,0,0,0.0,0.0,0.0,true,false,S3-152668629,source3
S1-579617619,13,0,0,0,0,0.0007,0.0,0.0007,true,false,S2-597591142,source2
S1-579701491,1,0,0,0,0,0.0,0.0,0.0,true,false,S3-885298924,source3
S1-579962524,1,0,0,0,0,0.0,0.0,0.0,true,false,S3-929845484,source3
S1-580118356,2,0,0,0,0,0.0,0.0,0.0,true,false,S2-572486268,source2
S1-580205927,43,0,0,0,0,0.0,0.0,0.0,true,false,S3-598842608,source3
S1-580405723,3,0,0,0,0,0.0001,0.0,0.0,true,false,S3-923850024,source3
S1-580454506,38,0,0,0,0,0.0,0.0,0.0,true,false,S2-146607525,source2
S1-580610148,1,0,0,0,0,0.0016,0.0,0.0016,true,false,S2-147569802,source2
S1-580728640,1,0,0,0,0,0.0,0.0,0.0,true,false,S3-827366360,source3
S1-580777083,4,0,0,0,0,0.0001,0.0001,0.0,true,false,S2-292955368,source2
S1-580814975,1,0,0,0,0,0.0,0.0,0.0,true,false,S2-920340516,source2
S1-580832167,1,0,0,0,0,0.0,0.0,0.0,true,false,S3-807715631,source3
S1-580839903,2,0,0,0,0,0.0,0.0,0.0,true,false,S2-588816815,source2
S1-58090536,1,0,0,0,0,0.0,0.0,0.0,true,false,S3-998184203,source3
S1-580966525,2,0,0,0,0,0.0,0.0,0.0,true,false,S2-31635665,source2
S1-580992307,70,1,0,0,0,0.0018,0.0001,0.0017,false,true,S3-62710162,source3
S1-581129852,2,0,0,0,0,0.0001,0.0,0.0,true,false,S3-177049334,source3
S1-581210039,1,0,0,0,0,0.0,0.0,0.0,true,false,S3-531367980,source3
S1-581427792,61,0,0,0,0,0.0001,0.0001,0.0,true,false,S2-218505777,source2
S1-581586592,1,0,0,0,0,0.0,0.0,0.0,true,false,S3-359416129,source3
S1-581701248,3,0,0,0,0,0.0001,0.0,0.0,true,false,S3-864865049,source3
S1-581769671,18,0,0,0,0,0.0001,0.0001,0.0,true,false,S3-589071894,source3
S1-581881231,1,0,0,0,0,0.0,0.0,0.0,true,false,S3-614951933,source3
S1-581924464,67,0,0,0,0,0.0001,0.0,0.0,true,false,S3-304333185,source3
S1-582046795,12,0,0,0,0,0.0008,0.0007,0.0001,true,false,S2-609683235,source2
S1-582182140,7,0,0,0,0,0.001,0.0001,0.0009,true,false,S2-794857806,source2
S1-582327231,41,1,1,1,1,0.9824,0.0001,0.9823,false,true,S3-496635259,source3
S1-582423036,1,0,0,0,0,0.0,0.0,0.0,true,false,S2-246811936,source2
S1-582474903,1,0,0,0,0,0.0,0.0,0.0,true,false,S3-753032590,source3
S1-582697248,5,0,0,0,0,0.0,0.0,0.0,true,false,S3-763713835,source3
S1-582774672,1,0,0,0,0,0.0002,0.0,0.0002,true,false,S3-749339753,source3
S1-582850592,1,0,0,0,0,0.0001,0.0,0.0001,true,false,S3-209426948,source3
S1-583059672,83,0,0,0,0,0.0002,0.0001,0.0,true,false,S2-399971243,source2
S1-583065030,10,0,0,0,0,0.0002,0.0,0.0001,true,false,S3-692396339,source3
S1-58319567,5,0,0,0,0,0.0,0.0,0.0,true,false,S2-119142372,source2
S1-583279170,2,0,0,0,0,0.0,0.0,0.0,true,false,S2-963186955,source2
S1-58331302,35,0,0,0,0,0.0,0.0,0.0,true,false,S2-211389639,source2
S1-583376468,10,0,0,0,0,0.0,0.0,0.0,true,false,S2-810515102,source2
S1-583432753,1,0,0,0,0,0.0,0.0,0.0,true,false,S2-113957626,source2
S1-583506779,33,0,0,0,0,0.0001,0.0,0.0,true,false,S3-172806340,source3
S1-583550662,2,0,0,0,0,0.0,0.0,0.0,true,false,S2-408906304,source2
S1-583651095,29,1,1,1,1,0.9983,0.0,0.9982,false,true,S3-462311143,source3
S1-583792630,1,1,1,1,1,0.9908,0.0,0.9908,false,true,S2-376773774,source2
S1-583874028,29,0,0,0,0,0.0001,0.0,0.0001,true,false,S2-689329503,source2
S1-584055831,1,1,1,0,0,0.8486,0.0,0.8486,false,true,S3-878695229,source3
S1-584058135,2,0,0,0,0,0.0,0.0,0.0,true,false,S2-432477334,source2
S1-584177675,54,0,0,0,0,0.0002,0.0001,0.0001,true,false,S2-812894315,source2
S1-584204266,1,0,0,0,0,0.0,0.0,0.0,true,false,S2-474032945,source2
S1-584345595,1,0,0,0,0,0.0001,0.0,0.0001,true,false,S2-465642879,source2
S1-584493896,4,0,0,0,0,0.0003,0.0,0.0003,true,false,S2-300352086,source2
S1-584499457,1,0,0,0,0,0.0,0.0,0.0,true,false,S2-954748429,source2
S1-584514719,46,0,0,0,0,0.0,0.0,0.0,true,false,S3-597545273,source3
S1-584606702,6,0,0,0,0,0.0002,0.0002,0.0,true,false,S2-249724972,source2
S1-584709461,1,0,0,0,0,0.0,0.0,0.0,true,false,S3-848991676,source3
S1-584740131,3,0,0,0,0,0.0,0.0,0.0,true,false,S3-572768463,source3
S1-584792649,1,0,0,0,0,0.0,0.0,0.0,true,false,S2-411547279,source2
S1-584835729,39,0,0,0,0,0.0,0.0,0.0,true,false,S3-845925163,source3
S1-58513157,52,0,0,0,0,0.001,0.0,0.001,true,false,S3-528882942,source3
S1-585187511,13,0,0,0,0,0.0012,0.0001,0.0011,true,false,S3-538855372,source3
S1-585436472,2,0,0,0,0,0.0001,0.0,0.0,true,false,S3-159583358,source3
S1-585509512,30,0,0,0,0,0.0,0.0,0.0,true,false,S2-400942794,source2
S1-585532131,1,0,0,0,0,0.0,0.0,0.0,true,false,S3-442396640,source3
S1-585574692,1,0,0,0,0,0.0,0.0,0.0,true,false,S3-672060102,source3
S1-585596917,49,0,0,0,0,0.0002,0.0001,0.0001,true,false,S3-589614096,source3
S1-585618225,2,0,0,0,0,0.0,0.0,0.0,true,false,S3-278002806,source3
S1-585720119,2,0,0,0,0,0.0,0.0,0.0,true,false,S3-540999901,source3
S1-58598742,8,0,0,0,0,0.0,0.0,0.0,true,false,S3-196035862,source3
S1-586138346,1,0,0,0,0,0.0001,0.0,0.0001,true,false,S2-436225620,source2
S1-58616769,1,0,0,0,0,0.0,0.0,0.0,true,false,S2-962944178,source2
S1-586366028,1,0,0,0,0,0.2962,0.0,0.2962,true,false,S2-542662534,source2
S1-586403227,30,0,0,0,0,0.0001,0.0,0.0001,true,false,S2-400942794,source2
S1-586440064,1,0,0,0,0,0.0,0.0,0.0,true,false,S2-1936933,source2
S1-5864747,1,0,0,0,0,0.0001,0.0,0.0001,true,false,S3-114594618,source3
S1-586568552,1,0,0,0,0,0.0,0.0,0.0,true,false,S2-8120187,source2
S1-58659159,57,0,0,0,0,0.0,0.0,0.0,true,false,S3-942277224,source3
S1-586610914,1,1,1,1,1,0.994,0.0,0.994,false,true,S3-639396653,source3
S1-586699005,2,0,0,0,0,0.0,0.0,0.0,true,false,S2-667626408,source2
S1-586714210,1,1,1,1,1,0.9996,0.0,0.9996,false,true,S3-499265396,source3
S1-586851970,1,0,0,0,0,0.0,0.0,0.0,true,false,S2-723535814,source2
S1-58689838,1,0,0,0,0,0.0,0.0,0.0,true,false,S2-869386886,source2
S1-586927247,5,0,0,0,0,0.0001,0.0001,0.0,true,false,S2-693599933,source2
S1-58699167,2,0,0,0,0,0.0,0.0,0.0,true,false,S3-688240501,source3
S1-587036994,1,1,1,1,1,0.9997,0.0,0.9997,false,true,S2-737300507,source2
S1-58703768,37,0,0,0,0,0.0,0.0,0.0,true,false,S3-552665147,source3
S1-587476348,1,0,0,0,0,0.0,0.0,0.0,true,false,S2-289021274,source2
S1-587492119,1,0,0,0,0,0.0001,0.0,0.0001,true,false,S3-180897223,source3
S1-58752008,12,0,0,0,0,0.0001,0.0,0.0001,true,false,S2-930878840,source2
S1-587555977,2,0,0,0,0,0.0,0.0,0.0,true,false,S3-527839082,source3
S1-587590421,46,0,0,0,0,0.0,0.0,0.0,true,false,S3-24359295,source3
S1-587613711,30,0,0,0,0,0.0,0.0,0.0,true,false,S3-408212372,source3
S1-587657166,2,0,0,0,0,0.0,0.0,0.0,true,false,S3-837738581,source3
S1-587681015,12,0,0,0,0,0.0005,0.0001,0.0004,true,false,S2-111647224,source2
S1-587714900,43,0,0,0,0,0.0001,0.0,0.0,true,false,S3-228237325,source3
S1-587767860,1,1,1,1,1,0.9996,0.0,0.9996,false,true,S2-766864987,source2
S1-587936865,1,0,0,0,0,0.0,0.0,0.0,true,false,S3-244790876,source3
S1-5879997,26,0,0,0,0,0.0002,0.0,0.0001,true,false,S3-899842456,source3
S1-588082155,1,0,0,0,0,0.0,0.0,0.0,true,false,S2-72648497,source2
S1-588094961,1,0,0,0,0,0.0,0.0,0.0,true,false,S3-383178643,source3
S1-588204378,47,0,0,0,0,0.0,0.0,0.0,true,false,S2-840004711,source2
S1-58827653,1,0,0,0,0,0.0,0.0,0.0,true,false,S3-33926272,source3
S1-588302854,1,1,0,0,0,0.1407,0.0,0.1407,false,true,S2-874748213,source2
S1-588334625,1,0,0,0,0,0.0,0.0,0.0,true,false,S3-102781518,source3
S1-588360895,4,1,0,0,0,0.0172,0.0001,0.017,false,true,S2-157435214,source2
S1-58846476,4,0,0,0,0,0.0,0.0,0.0,true,false,S3-54780922,source3
S1-588497433,1,0,0,0,0,0.0001,0.0,0.0001,true,false,S3-288216766,source3
S1-588629232,2,0,0,0,0,0.0,0.0,0.0,true,false,S2-666724810,source2
S1-588948552,1,0,0,0,0,0.0001,0.0,0.0001,true,false,S3-464746244,source3
S1-588972180,1,0,0,0,0,0.0,0.0,0.0,true,false,S3-337860144,source3
S1-589067925,46,0,0,0,0,0.0,0.0,0.0,true,false,S2-793245793,source2
S1-589202454,1,0,0,0,0,0.0,0.0,0.0,true,false,S3-703170809,source3
S1-589242126,1,0,0,0,0,0.1557,0.0,0.1557,true,false,S3-502615413,source3
S1-589253257,32,0,0,0,0,0.0,0.0,0.0,true,false,S2-97997258,source2
S1-589284935,1,0,0,0,0,0.0,0.0,0.0,true,false,S2-646606580,source2
S1-589327578,50,0,0,0,0,0.0003,0.0,0.0002,true,false,S3-759750374,source3
S1-589414390,1,0,0,0,0,0.0,0.0,0.0,true,false,S2-28134581,source2
S1-589484240,1,1,0,0,0,0.4068,0.0,0.4068,false,true,S2-469592381,source2
S1-589553100,3,0,0,0,0,0.0,0.0,0.0,true,false,S3-148418242,source3
S1-589553472,33,0,0,0,0,0.0,0.0,0.0,true,false,S3-169632360,source3
S1-589595998,3,0,0,0,0,0.0409,0.0154,0.0255,true,false,S2-807570161,source2
S1-589644824,1,0,0,0,0,0.0,0.0,0.0,true,false,S3-773051301,source3
S1-589810546,32,0,0,0,0,0.0,0.0,0.0,true,false,S3-142611281,source3
S1-589974300,27,0,0,0,0,0.0,0.0,0.0,true,false,S2-150882117,source2
S1-589995039,1,0,0,0,0,0.0,0.0,0.0,true,false,S3-891743253,source3
S1-590136213,1,0,0,0,0,0.0,0.0,0.0,true,false,S3-880062112,source3
S1-590379632,1,0,0,0,0,0.0001,0.0,0.0001,true,false,S2-8442817,source2
S1-590545086,1,0,0,0,0,0.0,0.0,0.0,true,false,S2-813492818,source2
S1-590903108,1,0,0,0,0,0.0,0.0,0.0,true,false,S2-339853392,source2
S1-591028943,32,0,0,0,0,0.0,0.0,0.0,true,false,S3-51661,source3
S1-591296225,1,0,0,0,0,0.0,0.0,0.0,true,false,S2-544614601,source2
S1-59134412,6,0,0,0,0,0.0,0.0,0.0,true,false,S2-265638842,source2
S1-591365175,1,0,0,0,0,0.0,0.0,0.0,true,false,S2-40923800,source2
S1-591374141,26,0,0,0,0,0.0,0.0,0.0,true,false,S3-362227959,source3
S1-591419217,6,0,0,0,0,0.0,0.0,0.0,true,false,S3-521465920,source3
S1-591597954,1,0,0,0,0,0.0125,0.0,0.0125,true,false,S2-890585514,source2
S1-591936792,3,0,0,0,0,0.0001,0.0,0.0,true,false,S2-884128173,source2
S1-592043070,6,0,0,0,0,0.0002,0.0,0.0001,true,false,S2-655597234,source2
S1-592366780,1,0,0,0,0,0.0,0.0,0.0,true,false,S2-580458683,source2
S1-592380810,1,0,0,0,0,0.0,0.0,0.0,true,false,S2-719899958,source2
S1-592427656,42,0,0,0,0,0.0,0.0,0.0,true,false,S3-124070071,source3
S1-592721832,5,0,0,0,0,0.0,0.0,0.0,true,false,S3-503435156,source3
S1-592761187,1,0,0,0,0,0.0,0.0,0.0,true,false,S2-59129159,source2
S1-592784056,1,0,0,0,0,0.0,0.0,0.0,true,false,S2-446722445,source2
S1-593010888,2,0,0,0,0,0.0,0.0,0.0,true,false,S3-887705247,source3
S1-593046327,43,0,0,0,0,0.0,0.0,0.0,true,false,S3-400844199,source3
S1-593387936,2,1,0,0,0,0.1158,0.0,0.1158,false,true,S3-255830893,source3
S1-593521175,1,0,0,0,0,0.0,0.0,0.0,true,false,S3-365661063,source3
S1-593539933,20,0,0,0,0,0.0,0.0,0.0,true,false,S2-791255533,source2
S1-593547022,1,0,0,0,0,0.0001,0.0,0.0001,true,false,S3-503060122,source3
S1-593585496,2,0,0,0,0,0.0,0.0,0.0,true,false,S3-115448409,source3
S1-593745438,2,0,0,0,0,0.0001,0.0,0.0,true,false,S3-898990977,source3
S1-593758090,1,0,0,0,0,0.0,0.0,0.0,true,false,S2-646606580,source2
S1-593838230,1,0,0,0,0,0.0002,0.0,0.0002,true,false,S3-624714831,source3
S1-593947474,33,0,0,0,0,0.0,0.0,0.0,true,false,S3-532594506,source3
S1-59409377,1,0,0,0,0,0.0,0.0,0.0,true,false,S2-28841666,source2
S1-594141325,3,0,0,0,0,0.0002,0.0,0.0002,true,false,S2-415597790,source2
S1-594160339,32,0,0,0,0,0.0,0.0,0.0,true,false,S3-51661,source3
S1-594308816,1,0,0,0,0,0.0,0.0,0.0,true,false,S2-28479992,source2
S1-594541001,28,0,0,0,0,0.0,0.0,0.0,true,false,S3-797611444,source3
S1-594543866,62,0,0,0,0,0.0007,0.0002,0.0004,true,false,S2-859302303,source2
S1-594651762,1,0,0,0,0,0.0,0.0,0.0,true,false,S2-732522994,source2
S1-594656139,9,0,0,0,0,0.0,0.0,0.0,true,false,S2-826175919,source2
S1-594751014,1,0,0,0,0,0.0,0.0,0.0,true,false,S3-761079443,source3
S1-594866829,1,1,1,1,1,0.9962,0.0,0.9962,false,true,S3-998705364,source3
S1-594956815,4,0,0,0,0,0.0003,0.0001,0.0002,true,false,S2-246014557,source2
S1-595073660,1,0,0,0,0,0.0,0.0,0.0,true,false,S3-226964840,source3
S1-595454070,59,0,0,0,0,0.0,0.0,0.0,true,false,S2-381676404,source2
S1-595525735,1,0,0,0,0,0.0,0.0,0.0,true,false,S2-481091460,source2
S1-596007326,42,0,0,0,0,0.0,0.0,0.0,true,false,S3-391583959,source3
S1-596023058,66,0,0,0,0,0.3382,0.0001,0.3382,true,false,S2-298914373,source2
S1-59603182,43,0,0,0,0,0.0,0.0,0.0,true,false,S2-932582398,source2
S1-596052810,1,0,0,0,0,0.0,0.0,0.0,true,false,S2-26967209,source2
S1-596107541,33,0,0,0,0,0.0001,0.0,0.0001,true,false,S2-108332820,source2
S1-596161174,37,0,0,0,0,0.0,0.0,0.0,true,false,S3-110630740,source3
S1-596167370,39,0,0,0,0,0.0004,0.0,0.0004,true,false,S3-44179996,source3
S1-596276858,1,0,0,0,0,0.0,0.0,0.0,true,false,S2-545605859,source2
S1-596375677,2,0,0,0,0,0.0,0.0,0.0,true,false,S2-480518790,source2
S1-596393912,44,0,0,0,0,0.0001,0.0,0.0001,true,false,S2-975023541,source2
S1-596426035,4,0,0,0,0,0.0002,0.0001,0.0001,true,false,S2-569554225,source2
S1-596450212,2,0,0,0,0,0.0009,0.0,0.0009,true,false,S2-816355882,source2
S1-596455020,3,0,0,0,0,0.0001,0.0001,0.0001,true,false,S2-884573970,source2
S1-596462122,5,0,0,0,0,0.0,0.0,0.0,true,false,S3-817285949,source3
S1-596469743,1,0,0,0,0,0.0,0.0,0.0,true,false,S3-497170153,source3
S1-59654654,2,0,0,0,0,0.0001,0.0,0.0,true,false,S3-591818899,source3
S1-596652873,1,0,0,0,0,0.0,0.0,0.0,true,false,S3-664385456,source3
S1-596691905,1,0,0,0,0,0.0,0.0,0.0,true,false,S2-417780470,source2
S1-596738218,25,0,0,0,0,0.0,0.0,0.0,true,false,S3-838296338,source3
S1-596743118,4,0,0,0,0,0.0412,0.0001,0.0412,true,false,S2-971326435,source2
S1-596918090,2,0,0,0,0,0.0,0.0,0.0,true,false,S2-979276925,source2
S1-596951959,1,0,0,0,0,0.0,0.0,0.0,true,false,S3-984791036,source3
S1-59695408,1,0,0,0,0,0.0,0.0,0.0,true,false,S2-996222847,source2
S1-597230824,2,0,0,0,0,0.0,0.0,0.0,true,false,S3-10231278,source3
S1-597398434,1,0,0,0,0,0.0,0.0,0.0,true,false,S3-506638535,source3
S1-597401517,4,0,0,0,0,0.0002,0.0001,0.0001,true,false,S2-775254406,source2
S1-597479687,2,0,0,0,0,0.0,0.0,0.0,true,false,S3-577310590,source3
S1-597539565,2,0,0,0,0,0.0,0.0,0.0,true,false,S2-495364619,source2
S1-597687570,35,0,0,0,0,0.0,0.0,0.0,true,false,S2-744653215,source2
S1-597716003,1,1,1,1,1,0.9709,0.0,0.9709,false,true,S3-522595590,source3
S1-5977315,2,0,0,0,0,0.0,0.0,0.0,true,false,S2-224991649,source2
S1-59775571,2,0,0,0,0,0.0,0.0,0.0,true,false,S3-944822564,source3
S1-597762257,57,0,0,0,0,0.0,0.0,0.0,true,false,S3-257823186,source3
S1-597856896,1,0,0,0,0,0.0,0.0,0.0,true,false,S2-77458410,source2
S1-598081658,1,0,0,0,0,0.0,0.0,0.0,true,false,S3-464746244,source3
S1-598158852,1,0,0,0,0,0.0,0.0,0.0,true,false,S3-537875244,source3
S1-598367464,175,0,0,0,0,0.0001,0.0,0.0,true,false,S2-16079282,source2
S1-59853884,1,0,0,0,0,0.0,0.0,0.0,true,false,S2-908067690,source2
S1-598605289,1,1,1,1,1,0.9987,0.0,0.9987,false,true,S3-192752392,source3
S1-598648941,1,0,0,0,0,0.0,0.0,0.0,true,false,S3-475842473,source3
S1-598823125,14,0,0,0,0,0.0,0.0,0.0,true,false,S3-172241382,source3
S1-598895497,34,0,0,0,0,0.0001,0.0,0.0,true,false,S2-315694448,source2
S1-59907536,1,1,1,1,1,0.9913,0.0,0.9913,false,true,S3-662772837,source3
S1-599153927,1,0,0,0,0,0.0,0.0,0.0,true,false,S3-576224886,source3
S1-599209501,27,0,0,0,0,0.0,0.0,0.0,true,false,S3-516622446,source3
S1-599295937,1,0,0,0,0,0.0,0.0,0.0,true,false,S2-52135149,source2
S1-599350830,2,0,0,0,0,0.0005,0.0,0.0005,true,false,S2-413611048,source2
S1-599435695,2,0,0,0,0,0.0,0.0,0.0,true,false,S3-620849283,source3
S1-599565476,1,0,0,0,0,0.0,0.0,0.0,true,false,S2-770236935,source2
S1-599601032,1,0,0,0,0,0.0001,0.0,0.0001,true,false,S3-82759769,source3
S1-599623121,1,0,0,0,0,0.0001,0.0,0.0001,true,false,S3-262726412,source3
S1-59962472,1,0,0,0,0,0.0,0.0,0.0,true,false,S3-733553216,source3
S1-599687414,2,0,0,0,0,0.0007,0.0003,0.0004,true,false,S3-877371575,source3
S1-599737664,1,0,0,0,0,0.0001,0.0,0.0001,true,false,S2-126464482,source2
S1-599787167,3,0,0,0,0,0.0,0.0,0.0,true,false,S3-932308817,source3
S1-599860224,29,0,0,0,0,0.0004,0.0001,0.0004,true,false,S2-500789813,source2
S1-599908495,1,0,0,0,0,0.0008,0.0,0.0008,true,false,S2-26390929,source2
S1-599925641,2,1,1,1,1,0.9991,0.0,0.9991,false,true,S3-134586856,source3
S1-599994399,1,0,0,0,0,0.0,0.0,0.0,true,false,S3-92888029,source3
S1-600088932,1,1,1,1,1,0.9988,0.0,0.9988,false,true,S2-495388088,source2
S1-600305912,1,0,0,0,0,0.0,0.0,0.0,true,false,S2-921397202,source2
S1-600460573,1,0,0,0,0,0.0,0.0,0.0,true,false,S2-64530314,source2
S1-600659240,6,0,0,0,0,0.0004,0.0001,0.0004,true,false,S2-648307518,source2
S1-600707327,1,0,0,0,0,0.0,0.0,0.0,true,false,S3-518125467,source3
S1-600741270,1,0,0,0,0,0.0,0.0,0.0,true,false,S3-732975762,source3
S1-600799192,32,0,0,0,0,0.0,0.0,0.0,true,false,S2-629377847,source2
S1-600808702,1,0,0,0,0,0.0,0.0,0.0,true,false,S3-13516765,source3
S1-600885184,1,1,1,1,1,0.9968,0.0,0.9968,false,true,S3-889604839,source3
S1-600894307,1,0,0,0,0,0.0001,0.0,0.0001,true,false,S2-278761266,source2
S1-600957870,3,0,0,0,0,0.0,0.0,0.0,true,false,S3-508447344,source3
S1-601027830,19,0,0,0,0,0.0001,0.0001,0.0,true,false,S2-849117792,source2
S1-601063853,3,0,0,0,0,0.0001,0.0,0.0,true,false,S3-583142487,source3
S1-601104528,7,0,0,0,0,0.0001,0.0001,0.0,true,false,S2-677089574,source2
S1-601242427,2,0,0,0,0,0.0,0.0,0.0,true,false,S3-924203936,source3
S1-601274888,2,0,0,0,0,0.0,0.0,0.0,true,false,S3-666385091,source3
S1-601474647,2,0,0,0,0,0.0002,0.0,0.0002,true,false,S2-919402587,source2
S1-60151568,19,0,0,0,0,0.0004,0.0001,0.0004,true,false,S2-585268555,source2
S1-601615647,3,0,0,0,0,0.0,0.0,0.0,true,false,S2-983379660,source2
S1-60171676,14,1,1,1,1,0.9894,0.0005,0.9889,false,true,S2-609638194,source2
S1-601723122,1,0,0,0,0,0.0,0.0,0.0,true,false,S3-466737604,source3
S1-601763308,2,0,0,0,0,0.0,0.0,0.0,true,false,S2-573546633,source2
S1-601924236,1,0,0,0,0,0.096,0.0,0.096,true,false,S2-202453293,source2
S1-60196016,2,0,0,0,0,0.0001,0.0,0.0001,true,false,S3-106980743,source3
S1-601964566,2,0,0,0,0,0.0,0.0,0.0,true,false,S2-318670652,source2
S1-60215724,44,0,0,0,0,0.0,0.0,0.0,true,false,S2-62685360,source2
S1-602203952,1,0,0,0,0,0.0,0.0,0.0,true,false,S2-923127913,source2
S1-602251580,1,0,0,0,0,0.0,0.0,0.0,true,false,S2-447378278,source2
S1-602313462,36,0,0,0,0,0.0,0.0,0.0,true,false,S2-114801328,source2
S1-602400578,1,0,0,0,0,0.0,0.0,0.0,true,false,S2-189859274,source2
S1-602440532,5,0,0,0,0,0.0001,0.0001,0.0,true,false,S2-581300863,source2
S1-602502021,1,1,1,1,1,0.9965,0.0,0.9965,false,true,S3-244790876,source3
S1-602505400,55,0,0,0,0,0.0053,0.0006,0.0047,true,false,S3-698460628,source3
S1-602581877,2,0,0,0,0,0.0,0.0,0.0,true,false,S3-8911245,source3
S1-602602584,1,0,0,0,0,0.0,0.0,0.0,true,false,S2-521879965,source2
S1-602774197,2,1,1,1,1,0.9984,0.0,0.9984,false,true,S3-208577176,source3
S1-60298642,1,0,0,0,0,0.0,0.0,0.0,true,false,S3-37368201,source3
S1-603025364,47,0,0,0,0,0.0001,0.0,0.0,true,false,S2-150370226,source2
S1-603075972,73,0,0,0,0,0.0005,0.0001,0.0004,true,false,S2-588940457,source2
S1-603129525,31,0,0,0,0,0.0,0.0,0.0,true,false,S3-209426948,source3
S1-603545336,1,0,0,0,0,0.0,0.0,0.0,true,false,S3-306478147,source3
S1-60364342,3,0,0,0,0,0.0001,0.0,0.0,true,false,S3-883254327,source3
S1-603705836,2,0,0,0,0,0.0004,0.0001,0.0003,true,false,S3-898990977,source3
S1-603804007,4,0,0,0,0,0.0,0.0,0.0,true,false,S3-176880631,source3
S1-603849231,3,0,0,0,0,0.0,0.0,0.0,true,false,S2-166637594,source2
S1-603928436,3,0,0,0,0,0.0,0.0,0.0,true,false,S3-515309732,source3
S1-604015391,33,0,0,0,0,0.0001,0.0,0.0,true,false,S3-563043948,source3
S1-604039378,29,0,0,0,0,0.0,0.0,0.0,true,false,S2-16752256,source2
S1-604063938,2,0,0,0,0,0.0001,0.0,0.0,true,false,S2-339610900,source2
S1-604067124,33,0,0,0,0,0.0001,0.0,0.0,true,false,S3-552230357,source3
S1-60414159,1,0,0,0,0,0.0,0.0,0.0,true,false,S2-991465936,source2
S1-604376271,43,0,0,0,0,0.0855,0.0,0.0855,true,false,S3-801955850,source3
S1-604404774,1,0,0,0,0,0.0,0.0,0.0,true,false,S3-168655037,source3
S1-604477417,2,0,0,0,0,0.0,0.0,0.0,true,false,S2-894413559,source2
S1-604615192,2,0,0,0,0,0.0,0.0,0.0,true,false,S3-835898544,source3
S1-604650770,5,0,0,0,0,0.0002,0.0001,0.0,true,false,S2-435164614,source2
S1-604696101,5,0,0,0,0,0.0,0.0,0.0,true,false,S2-365689232,source2
S1-604792531,1,0,0,0,0,0.0,0.0,0.0,true,false,S2-914950127,source2
S1-604847839,44,0,0,0,0,0.0,0.0,0.0,true,false,S2-531733878,source2
S1-605012148,36,0,0,0,0,0.0,0.0,0.0,true,false,S2-307548635,source2
S1-605026145,32,0,0,0,0,0.5663,0.0002,0.5661,true,false,S2-42051080,source2
S1-605237458,1,0,0,0,0,0.0,0.0,0.0,true,false,S2-882206605,source2
S1-605302995,1,1,0,0,0,0.0012,0.0,0.0012,false,true,S2-804102430,source2
S1-605386209,66,0,0,0,0,0.0,0.0,0.0,true,false,S3-849983410,source3
S1-605428668,1,0,0,0,0,0.0001,0.0,0.0001,true,false,S3-235564706,source3
S1-605463770,2,0,0,0,0,0.0,0.0,0.0,true,false,S2-880764652,source2
S1-605483203,113,0,0,0,0,0.0,0.0,0.0,true,false,S3-277538561,source3
S1-605524580,19,1,0,0,0,0.0014,0.0,0.0014,false,false,S3-226330260,source3
S1-605670997,15,0,0,0,0,0.0,0.0,0.0,true,false,S3-659738791,source3
S1-605680458,4,1,1,1,1,0.9862,0.0,0.9862,false,true,S3-227457099,source3
S1-605858505,2,0,0,0,0,0.0,0.0,0.0,true,false,S2-611065617,source2
S1-605882320,44,0,0,0,0,0.0001,0.0001,0.0,true,false,S3-959927802,source3
S1-605988687,23,0,0,0,0,0.0001,0.0,0.0001,true,false,S2-441938596,source2
S1-606042442,2,0,0,0,0,0.0,0.0,0.0,true,false,S2-169781152,source2
S1-606287331,3,0,0,0,0,0.0,0.0,0.0,true,false,S3-314969122,source3
S1-60629534,5,0,0,0,0,0.0001,0.0001,0.0,true,false,S2-658011747,source2
S1-60643856,1,0,0,0,0,0.0,0.0,0.0,true,false,S2-584595791,source2
S1-606466704,49,0,0,0,0,0.0,0.0,0.0,true,false,S3-549654538,source3
S1-606480359,2,0,0,0,0,0.0005,0.0,0.0005,true,false,S2-981280930,source2
S1-606513186,43,0,0,0,0,0.0,0.0,0.0,true,false,S2-10421156,source2
S1-606725408,57,0,0,0,0,0.0002,0.0,0.0002,true,false,S2-143014389,source2
S1-606766926,1,0,0,0,0,0.0,0.0,0.0,true,false,S2-810807770,source2
S1-606827289,2,0,0,0,0,0.0,0.0,0.0,true,false,S3-257913840,source3
S1-606861161,2,0,0,0,0,0.0,0.0,0.0,true,false,S3-325797046,source3
S1-606887450,1,0,0,0,0,0.0,0.0,0.0,true,false,S2-906504493,source2
S1-606968422,1,0,0,0,0,0.0,0.0,0.0,true,false,S3-876083977,source3
S1-607288836,5,0,0,0,0,0.0001,0.0,0.0001,true,false,S2-804948682,source2
S1-607311453,2,0,0,0,0,0.0,0.0,0.0,true,false,S2-576380478,source2
S1-607454257,1,0,0,0,0,0.0,0.0,0.0,true,false,S3-610803402,source3
S1-607490421,3,0,0,0,0,0.0,0.0,0.0,true,false,S2-129380491,source2
S1-607574730,3,0,0,0,0,0.0,0.0,0.0,true,false,S2-497486406,source2
S1-607578701,1,0,0,0,0,0.0,0.0,0.0,true,false,S3-610374106,source3
S1-607877585,44,0,0,0,0,0.0,0.0,0.0,true,false,S3-985798102,source3
S1-607920224,1,0,0,0,0,0.0,0.0,0.0,true,false,S3-570397691,source3
S1-608025476,51,0,0,0,0,0.0,0.0,0.0,true,false,S2-778948236,source2
S1-608093705,1,0,0,0,0,0.0002,0.0,0.0002,true,false,S3-400151554,source3
S1-608095444,35,0,0,0,0,0.0002,0.0001,0.0,true,false,S2-371523403,source2
S1-608209014,1,1,1,1,1,0.999,0.0,0.999,false,true,S3-224939296,source3
S1-608383690,1,0,0,0,0,0.0,0.0,0.0,true,false,S3-848749332,source3
S1-608438542,17,0,0,0,0,0.0,0.0,0.0,true,false,S3-759750374,source3
S1-608469533,4,0,0,0,0,0.0001,0.0001,0.0,true,false,S2-834433448,source2
S1-608498339,6,0,0,0,0,0.0,0.0,0.0,true,false,S3-180265840,source3
S1-608532085,39,0,0,0,0,0.0001,0.0,0.0,true,false,S2-902911954,source2
S1-608573710,39,0,0,0,0,0.0,0.0,0.0,true,false,S2-858132046,source2
S1-608781404,33,0,0,0,0,0.0,0.0,0.0,true,false,S3-200900814,source3
S1-608811769,29,0,0,0,0,0.0,0.0,0.0,true,false,S2-689329503,source2
S1-608838229,1,0,0,0,0,0.0,0.0,0.0,true,false,S2-307306898,source2
S1-609044766,1,0,0,0,0,0.0224,0.0,0.0224,true,false,S2-471852141,source2
S1-609062608,67,0,0,0,0,0.0,0.0,0.0,true,false,S3-832343497,source3
S1-609275796,31,0,0,0,0,0.4497,0.0,0.4497,true,false,S3-200550392,source3
S1-609327908,2,0,0,0,0,0.0,0.0,0.0,true,false,S2-898596587,source2
S1-60946319,1,0,0,0,0,0.4144,0.0,0.4144,true,false,S3-892347069,source3
S1-609669425,4,0,0,0,0,0.0,0.0,0.0,true,false,S2-701521766,source2
S1-609670944,42,0,0,0,0,0.0001,0.0,0.0001,true,false,S2-694734881,source2
S1-609690180,1,0,0,0,0,0.0,0.0,0.0,true,false,S3-237497669,source3
S1-609758235,39,0,0,0,0,0.0001,0.0,0.0,true,false,S3-857700523,source3
S1-60980827,1,0,0,0,0,0.0,0.0,0.0,true,false,S2-588726178,source2
S1-609847200,1,0,0,0,0,0.0377,0.0,0.0377,true,false,S2-525428583,source2
S1-609861135,4,0,0,0,0,0.0,0.0,0.0,true,false,S3-116867893,source3
S1-609865733,57,0,0,0,0,0.0,0.0,0.0,true,false,S3-387746809,source3
S1-61016123,17,0,0,0,0,0.0044,0.0001,0.0043,true,false,S3-210567387,source3
S1-610162639,1,0,0,0,0,0.1259,0.0,0.1259,true,false,S3-170148637,source3
S1-610242242,3,0,0,0,0,0.0001,0.0,0.0,true,false,S2-636826764,source2
S1-610284272,1,0,0,0,0,0.0,0.0,0.0,true,false,S3-723615269,source3
S1-610307816,6,0,0,0,0,0.0,0.0,0.0,true,false,S3-723268050,source3
S1-610320727,1,0,0,0,0,0.0,0.0,0.0,true,false,S2-908457811,source2
S1-610391369,1,1,1,1,1,0.9972,0.0,0.9972,false,true,S2-421201280,source2
S1-610494630,20,0,0,0,0,0.0,0.0,0.0,true,false,S2-684877274,source2
S1-610653604,32,0,0,0,0,0.0,0.0,0.0,true,false,S2-332778892,source2
S1-61070161,1,0,0,0,0,0.0,0.0,0.0,true,false,S2-36179031,source2
S1-61073486,12,0,0,0,0,0.0003,0.0002,0.0,true,false,S3-253991454,source3
S1-610888322,39,0,0,0,0,0.0,0.0,0.0,true,false,S2-543459874,source2
S1-610939595,32,0,0,0,0,0.0,0.0,0.0,true,false,S3-51661,source3
S1-610997714,2,0,0,0,0,0.0,0.0,0.0,true,false,S3-324317754,source3
S1-611075098,57,0,0,0,0,0.0,0.0,0.0,true,false,S3-763478361,source3
S1-611106612,30,0,0,0,0,0.0,0.0,0.0,true,false,S2-775797539,source2
S1-611205671,49,0,0,0,0,0.0001,0.0,0.0001,true,false,S3-549654538,source3
S1-611206679,6,0,0,0,0,0.0002,0.0001,0.0001,true,false,S2-9986119,source2
S1-611250975,4,0,0,0,0,0.0,0.0,0.0,true,false,S3-348286516,source3
S1-61126755,2,0,0,0,0,0.0,0.0,0.0,true,false,S2-416831058,source2
S1-611277338,1,0,0,0,0,0.0,0.0,0.0,true,false,S2-520709828,source2
S1-611573336,68,0,0,0,0,0.0001,0.0,0.0,true,false,S3-938248713,source3
S1-611591856,1,0,0,0,0,0.0,0.0,0.0,true,false,S3-513930229,source3
S1-611881342,31,0,0,0,0,0.0,0.0,0.0,true,false,S3-82569247,source3
S1-611961955,1,0,0,0,0,0.0,0.0,0.0,true,false,S2-865535932,source2
S1-611970266,6,0,0,0,0,0.0001,0.0001,0.0,true,false,S3-891721680,source3
S1-612035801,2,0,0,0,0,0.0,0.0,0.0,true,false,S2-751219693,source2
S1-612132570,42,0,0,0,0,0.0,0.0,0.0,true,false,S2-446700518,source2
S1-612183811,58,0,0,0,0,0.0001,0.0,0.0001,true,false,S3-132618172,source3
S1-612669660,13,0,0,0,0,0.0001,0.0,0.0,true,false,S3-977934496,source3
S1-612764771,5,0,0,0,0,0.0,0.0,0.0,true,false,S3-17785869,source3
S1-612840301,30,0,0,0,0,0.0,0.0,0.0,true,false,S3-135063094,source3
S1-61289785,1,0,0,0,0,0.0,0.0,0.0,true,false,S3-985371852,source3
S1-613109829,2,0,0,0,0,0.0,0.0,0.0,true,false,S3-8828918,source3
S1-613121753,29,0,0,0,0,0.0004,0.0001,0.0003,true,false,S3-625532396,source3
S1-613137824,2,0,0,0,0,0.0,0.0,0.0,true,false,S2-841397030,source2
S1-613330043,1,1,0,0,0,0.7825,0.0,0.7825,false,true,S3-186168543,source3
S1-613445780,2,0,0,0,0,0.0,0.0,0.0,true,false,S3-783632803,source3
S1-613457143,2,0,0,0,0,0.0027,0.0,0.0026,true,false,S2-667626408,source2
S1-613628259,1,0,0,0,0,0.0001,0.0,0.0001,true,false,S2-735830595,source2
S1-613652483,6,0,0,0,0,0.0001,0.0,0.0,true,false,S2-305033236,source2
S1-613679197,1,0,0,0,0,0.0,0.0,0.0,true,false,S3-941743338,source3
S1-6138878,1,0,0,0,0,0.0,0.0,0.0,true,false,S3-634818241,source3
S1-613912057,1,0,0,0,0,0.0,0.0,0.0,true,false,S2-664425303,source2
S1-614027580,52,0,0,0,0,0.0001,0.0,0.0001,true,false,S2-421078322,source2
S1-614313300,31,0,0,0,0,0.0,0.0,0.0,true,false,S2-285859028,source2
S1-614413773,77,0,0,0,0,0.0,0.0,0.0,true,false,S3-486055761,source3
S1-614428023,1,0,0,0,0,0.0,0.0,0.0,true,false,S2-500805690,source2
S1-614484771,1,0,0,0,0,0.0,0.0,0.0,true,false,S2-428065951,source2
S1-614617326,56,0,0,0,0,0.0,0.0,0.0,true,false,S2-942267364,source2
S1-614724462,13,0,0,0,0,0.03,0.0137,0.0162,true,false,S3-268722722,source3
S1-614770978,1,0,0,0,0,0.0372,0.0,0.0372,true,false,S2-304930872,source2
S1-614896442,2,1,1,1,1,0.999,0.0,0.999,false,true,S2-273141057,source2
S1-614982217,58,0,0,0,0,0.0,0.0,0.0,true,false,S2-488786537,source2
S1-615098572,1,1,1,1,1,0.9985,0.0,0.9985,false,true,S3-640507824,source3
S1-615137991,2,0,0,0,0,0.0,0.0,0.0,true,false,S3-879525248,source3
S1-615144404,2,0,0,0,0,0.0,0.0,0.0,true,false,S3-816392085,source3
S1-615226029,1,0,0,0,0,0.1385,0.0,0.1385,true,false,S2-607283719,source2
S1-615275487,46,0,0,0,0,0.0,0.0,0.0,true,false,S2-899455591,source2
S1-615343139,1,0,0,0,0,0.0731,0.0,0.0731,true,false,S3-758094579,source3
S1-615385489,30,0,0,0,0,0.0,0.0,0.0,true,false,S2-176453879,source2
S1-615385913,10,0,0,0,0,0.0007,0.0001,0.0007,true,false,S3-703141277,source3
S1-615455408,44,0,0,0,0,0.0,0.0,0.0,true,false,S3-589978426,source3
S1-615543652,1,1,1,1,1,0.9985,0.0,0.9985,false,true,S2-280289222,source2
S1-615597696,1,0,0,0,0,0.0,0.0,0.0,true,false,S2-409166643,source2
S1-615726657,42,0,0,0,0,0.0,0.0,0.0,true,false,S3-891901989,source3
S1-615738219,3,0,0,0,0,0.0,0.0,0.0,true,false,S3-334002793,source3
S1-615771798,73,0,0,0,0,0.0001,0.0,0.0,true,false,S2-588940457,source2
S1-615803846,42,0,0,0,0,0.0,0.0,0.0,true,false,S2-60027470,source2
S1-616003763,3,0,0,0,0,0.0001,0.0001,0.0,true,false,S2-662676898,source2
S1-616031220,54,0,0,0,0,0.0005,0.0003,0.0002,true,false,S3-605354188,source3
S1-616261587,3,0,0,0,0,0.0001,0.0,0.0,true,false,S2-817591733,source2
S1-616444043,2,1,1,1,1,0.9986,0.0004,0.9982,false,true,S3-113064761,source3
S1-616551707,4,0,0,0,0,0.22,0.0,0.22,true,false,S3-328209369,source3
S1-616597454,3,1,0,0,0,0.7887,0.0,0.7887,false,true,S2-32477824,source2
S1-616632367,4,0,0,0,0,0.0277,0.0,0.0277,true,false,S2-587945736,source2
S1-616710640,61,0,0,0,0,0.0067,0.0025,0.0042,true,false,S3-409038554,source3
S1-616738701,1,0,0,0,0,0.0,0.0,0.0,true,false,S2-280820951,source2
S1-616755144,1,0,0,0,0,0.0,0.0,0.0,true,false,S3-328330417,source3
S1-616759470,1,0,0,0,0,0.0002,0.0,0.0002,true,false,S2-871325588,source2
S1-616950184,1,1,1,1,1,0.9892,0.0,0.9892,false,true,S3-336874273,source3
S1-617001581,69,0,0,0,0,0.0,0.0,0.0,true,false,S2-857895218,source2
S1-617557134,1,0,0,0,0,0.0001,0.0,0.0001,true,false,S3-976868791,source3
S1-617633241,1,0,0,0,0,0.0,0.0,0.0,true,false,S2-987788937,source2
S1-617703331,5,0,0,0,0,0.0002,0.0,0.0002,true,false,S2-417579530,source2
S1-617881623,22,0,0,0,0,0.0,0.0,0.0,true,false,S3-606155390,source3
S1-618141630,1,0,0,0,0,0.0001,0.0,0.0001,true,false,S3-600011823,source3
S1-618220038,1,0,0,0,0,0.0001,0.0,0.0001,true,false,S3-891970599,source3
S1-618259962,1,0,0,0,0,0.0,0.0,0.0,true,false,S3-966803338,source3
S1-618364441,42,0,0,0,0,0.0,0.0,0.0,true,false,S3-227972442,source3
S1-618592992,1,0,0,0,0,0.0,0.0,0.0,true,false,S3-795138580,source3
S1-618662942,2,0,0,0,0,0.0,0.0,0.0,true,false,S2-758796661,source2
S1-618738429,1,0,0,0,0,0.0,0.0,0.0,true,false,S3-230338372,source3
S1-618807720,43,0,0,0,0,0.0,0.0,0.0,true,false,S3-614308226,source3
S1-618966370,39,0,0,0,0,0.0,0.0,0.0,true,false,S3-430273360,source3
S1-618987893,1,0,0,0,0,0.0065,0.0,0.0065,true,false,S2-810167930,source2
S1-619033493,36,0,0,0,0,0.0,0.0,0.0,true,false,S2-534997558,source2
S1-619076941,4,0,0,0,0,0.0001,0.0,0.0,true,false,S3-623798784,source3
S1-619083407,1,0,0,0,0,0.0,0.0,0.0,true,false,S3-205182771,source3
S1-619173831,1,0,0,0,0,0.0,0.0,0.0,true,false,S2-956677516,source2
S1-61924925,3,0,0,0,0,0.0001,0.0,0.0001,true,false,S3-312139415,source3
S1-619313179,1,0,0,0,0,0.0,0.0,0.0,true,false,S2-429059121,source2
S1-619379480,1,1,0,0,0,0.2396,0.0,0.2396,false,true,S3-828375222,source3
S1-619498151,1,1,1,1,1,0.9997,0.0,0.9997,false,true,S3-708212572,source3
S1-619611946,10,1,0,0,0,0.5443,0.0263,0.5179,false,true,S2-921344517,source2
S1-619699783,1,0,0,0,0,0.0,0.0,0.0,true,false,S2-372101286,source2
S1-620001323,51,0,0,0,0,0.0,0.0,0.0,true,false,S3-510164984,source3
S1-620106632,1,0,0,0,0,0.0,0.0,0.0,true,false,S2-811366167,source2
S1-620120205,2,0,0,0,0,0.0,0.0,0.0,true,false,S2-78889283,source2
S1-620173167,1,0,0,0,0,0.0,0.0,0.0,true,false,S2-14517200,source2
S1-620176345,1,0,0,0,0,0.0,0.0,0.0,true,false,S2-854312583,source2
S1-62022625,1,0,0,0,0,0.0,0.0,0.0,true,false,S2-869386886,source2
S1-62023363,4,0,0,0,0,0.0,0.0,0.0,true,false,S3-120824023,source3
S1-62025482,2,0,0,0,0,0.0,0.0,0.0,true,false,S3-746189264,source3
S1-620257501,4,0,0,0,0,0.0001,0.0,0.0001,true,false,S2-155417340,source2
S1-620311578,3,0,0,0,0,0.0003,0.0,0.0003,true,false,S3-505325375,source3
S1-620413393,35,0,0,0,0,0.0,0.0,0.0,true,false,S2-55421595,source2
S1-620608935,2,0,0,0,0,0.0,0.0,0.0,true,false,S3-284947176,source3
S1-620610020,1,0,0,0,0,0.0,0.0,0.0,true,false,S3-849906439,source3
S1-62073639,19,0,0,0,0,0.0,0.0,0.0,true,false,S3-860025162,source3
S1-62076398,5,0,0,0,0,0.0,0.0,0.0,true,false,S2-111121035,source2
S1-621107708,1,0,0,0,0,0.0001,0.0,0.0001,true,false,S2-372117012,source2
S1-621116252,2,0,0,0,0,0.0002,0.0,0.0002,true,false,S3-353865173,source3
S1-621117023,37,0,0,0,0,0.0,0.0,0.0,true,false,S3-55121096,source3
S1-621121657,35,0,0,0,0,0.0,0.0,0.0,true,false,S3-737244159,source3
S1-62123552,1,0,0,0,0,0.0,0.0,0.0,true,false,S2-649948398,source2
S1-621270574,58,0,0,0,0,0.0,0.0,0.0,true,false,S2-488786537,source2
S1-621351324,1,0,0,0,0,0.714,0.0,0.714,true,false,S3-932300843,source3
S1-621488922,44,0,0,0,0,0.0222,0.0001,0.0222,true,false,S2-439584807,source2
S1-621597210,35,0,0,0,0,0.0,0.0,0.0,true,false,S3-355476685,source3
S1-621720885,4,0,0,0,0,0.0001,0.0,0.0001,true,false,S3-838296338,source3
S1-621866070,1,0,0,0,0,0.0,0.0,0.0,true,false,S3-776141157,source3
S1-621919370,2,0,0,0,0,0.0,0.0,0.0,true,false,S3-883625554,source3
S1-622041038,29,0,0,0,0,0.0,0.0,0.0,true,false,S2-646783465,source2
S1-622089068,4,0,0,0,0,0.0003,0.0002,0.0002,true,false,S3-744970618,source3
S1-622152883,1,0,0,0,0,0.0002,0.0,0.0002,true,false,S3-573689290,source3
S1-622161358,2,1,1,1,1,0.9996,0.0,0.9996,false,true,S3-865157167,source3
S1-622205546,11,0,0,0,0,0.0001,0.0,0.0001,true,false,S2-974363668,source2
S1-622237387,3,0,0,0,0,0.0001,0.0,0.0,true,false,S3-864865049,source3
S1-622241555,19,0,0,0,0,0.1187,0.0281,0.0906,true,false,S2-710114025,source2
S1-622257785,1,0,0,0,0,0.0,0.0,0.0,true,false,S2-246534162,source2
S1-622306119,2,0,0,0,0,0.0,0.0,0.0,true,false,S2-806406333,source2
S1-622356307,1,0,0,0,0,0.0,0.0,0.0,true,false,S3-860965158,source3
S1-622374625,81,0,0,0,0,0.0,0.0,0.0,true,false,S2-331452816,source2
S1-62254317,3,0,0,0,0,0.0001,0.0001,0.0001,true,false,S3-120782572,source3
S1-622623094,1,0,0,0,0,0.0,0.0,0.0,true,false,S2-490267856,source2
S1-622874768,2,0,0,0,0,0.0026,0.0,0.0026,true,false,S3-943109373,source3
S1-62293330,1,0,0,0,0,0.5749,0.0,0.5749,true,false,S2-961690734,source2
S1-622936725,57,0,0,0,0,0.0,0.0,0.0,true,false,S3-419447747,source3
S1-622957926,8,0,0,0,0,0.0002,0.0,0.0002,true,false,S3-271731610,source3
S1-623087726,17,1,1,1,1,0.9977,0.0001,0.9976,false,true,S2-156629748,source2
S1-623119414,2,0,0,0,0,0.0,0.0,0.0,true,false,S2-456812296,source2
S1-623168313,1,0,0,0,0,0.0,0.0,0.0,true,false,S2-208623517,source2
S1-623261026,1,0,0,0,0,0.0,0.0,0.0,true,false,S3-860514544,source3
S1-62329201,19,0,0,0,0,0.0019,0.0003,0.0016,true,false,S3-610346476,source3
S1-623313504,1,0,0,0,0,0.0,0.0,0.0,true,false,S3-203593493,source3
S1-623433606,2,0,0,0,0,0.0,0.0,0.0,true,false,S3-158646593,source3
S1-623875773,1,0,0,0,0,0.0,0.0,0.0,true,false,S3-217763352,source3
S1-623964069,2,0,0,0,0,0.0001,0.0,0.0,true,false,S2-512237933,source2
S1-624038392,1,0,0,0,0,0.0,0.0,0.0,true,false,S2-695901359,source2
S1-624045976,1,0,0,0,0,0.0,0.0,0.0,true,false,S3-927489497,source3
S1-624408695,2,0,0,0,0,0.0,0.0,0.0,true,false,S2-836444455,source2
S1-624453922,1,0,0,0,0,0.0,0.0,0.0,true,false,S3-591012865,source3
S1-624520214,74,0,0,0,0,0.1385,0.0,0.1385,true,false,S3-807892069,source3
S1-624620097,1,0,0,0,0,0.0,0.0,0.0,true,false,S3-459972476,source3
S1-624629965,1,0,0,0,0,0.0,0.0,0.0,true,false,S3-655606488,source3
S1-624838132,1,0,0,0,0,0.0,0.0,0.0,true,false,S2-975017529,source2
S1-624853217,1,1,0,0,0,0.0833,0.0,0.0833,false,true,S2-142962044,source2
S1-625231733,32,0,0,0,0,0.0,0.0,0.0,true,false,S2-671649180,source2
S1-625293111,3,0,0,0,0,0.0,0.0,0.0,true,false,S2-535538356,source2
S1-625299462,32,0,0,0,0,0.0,0.0,0.0,true,false,S2-792060456,source2
S1-625308695,54,0,0,0,0,0.0088,0.0,0.0087,true,false,S3-856285441,source3
S1-62539057,61,0,0,0,0,0.0,0.0,0.0,true,false,S2-857755271,source2
S1-625446096,1,0,0,0,0,0.0114,0.0,0.0114,true,false,S2-454327258,source2
S1-625492526,4,0,0,0,0,0.0014,0.0,0.0014,true,false,S3-949231398,source3
S1-625589764,54,0,0,0,0,0.0,0.0,0.0,true,false,S3-171291891,source3
S1-625687645,1,0,0,0,0,0.0,0.0,0.0,true,false,S3-861831312,source3
S1-625802894,2,0,0,0,0,0.0,0.0,0.0,true,false,S3-937656129,source3
S1-626035686,1,0,0,0,0,0.0,0.0,0.0,true,false,S2-935952618,source2
S1-626074257,1,0,0,0,0,0.0,0.0,0.0,true,false,S3-967258426,source3
S1-626192676,7,0,0,0,0,0.0,0.0,0.0,true,false,S2-889737897,source2
S1-626494746,1,1,0,0,0,0.2396,0.0,0.2396,false,true,S2-866531719,source2
S1-626513532,1,1,1,1,0,0.9319,0.0,0.9319,false,true,S3-427747746,source3
S1-626521335,43,0,0,0,0,0.0001,0.0,0.0001,true,false,S3-689304552,source3
S1-62654531,1,0,0,0,0,0.0,0.0,0.0,true,false,S3-147843154,source3
S1-626565825,2,0,0,0,0,0.0003,0.0,0.0003,true,false,S3-86788899,source3
S1-626571872,1,0,0,0,0,0.0,0.0,0.0,true,false,S2-54814417,source2
S1-626606903,4,0,0,0,0,0.0002,0.0001,0.0001,true,false,S3-228436642,source3
S1-62706584,1,1,1,1,1,0.9961,0.0,0.9961,false,true,S2-652123001,source2
S1-627101574,58,0,0,0,0,0.0,0.0,0.0,true,false,S2-453254444,source2
S1-627144525,4,0,0,0,0,0.0003,0.0002,0.0001,true,false,S3-300678052,source3
S1-627166444,32,0,0,0,0,0.0,0.0,0.0,true,false,S3-273473142,source3
S1-627250249,2,0,0,0,0,0.0002,0.0,0.0002,true,false,S2-920392816,source2
S1-62734071,39,0,0,0,0,0.0,0.0,0.0,true,false,S3-657552215,source3
S1-627353378,60,0,0,0,0,0.0,0.0,0.0,true,false,S3-466110731,source3
S1-627443733,1,0,0,0,0,0.0,0.0,0.0,true,false,S2-779681754,source2
S1-627487902,48,0,0,0,0,0.0001,0.0,0.0001,true,false,S3-746226862,source3
S1-627864371,2,0,0,0,0,0.0001,0.0,0.0001,true,false,S2-130314815,source2
S1-627879618,1,0,0,0,0,0.0,0.0,0.0,true,false,S3-243093164,source3
S1-627894847,33,0,0,0,0,0.0,0.0,0.0,true,false,S3-122380683,source3
S1-627896481,3,0,0,0,0,0.0001,0.0001,0.0,true,false,S3-90772100,source3
S1-627912655,62,0,0,0,0,0.0015,0.0003,0.0013,true,false,S2-218505777,source2
S1-627955921,52,0,0,0,0,0.0001,0.0,0.0001,true,false,S3-528882942,source3
S1-627975149,1,1,1,1,1,0.9925,0.0,0.9925,false,true,S2-614220387,source2
S1-627985126,1,0,0,0,0,0.0,0.0,0.0,true,false,S3-887117856,source3
S1-62807369,3,0,0,0,0,0.0001,0.0,0.0001,true,false,S3-451649328,source3
S1-628087603,1,1,1,1,1,0.9995,0.0,0.9995,false,true,S3-141698771,source3
S1-628132595,42,0,0,0,0,0.0,0.0,0.0,true,false,S3-569969889,source3
S1-62834009,1,0,0,0,0,0.0,0.0,0.0,true,false,S2-105591933,source2
S1-628364291,33,0,0,0,0,0.0,0.0,0.0,true,false,S2-864135069,source2
S1-628436260,2,0,0,0,0,0.0,0.0,0.0,true,false,S3-502891710,source3
S1-628486312,1,0,0,0,0,0.0,0.0,0.0,true,false,S3-849243092,source3
S1-628555152,2,0,0,0,0,0.0,0.0,0.0,true,false,S3-412505763,source3
S1-628575121,1,0,0,0,0,0.0,0.0,0.0,true,false,S2-528821655,source2
S1-628696475,1,1,1,1,1,0.9976,0.0,0.9976,false,true,S2-645863417,source2
S1-628910745,2,1,1,1,0,0.9355,0.0,0.9355,false,true,S3-870611545,source3
S1-628948690,1,1,1,1,1,0.9995,0.0,0.9995,false,true,S2-613512658,source2
S1-629085601,2,0,0,0,0,0.0,0.0,0.0,true,false,S3-623023741,source3
S1-629105478,18,0,0,0,0,0.0,0.0,0.0,true,false,S3-810962627,source3
S1-629118510,2,0,0,0,0,0.0,0.0,0.0,true,false,S3-334540841,source3
S1-629216213,23,0,0,0,0,0.0,0.0,0.0,true,false,S2-441938596,source2
S1-629412315,2,0,0,0,0,0.0,0.0,0.0,true,false,S2-895674743,source2
S1-629461527,1,0,0,0,0,0.0001,0.0,0.0001,true,false,S2-79999200,source2
S1-629464448,3,0,0,0,0,0.0,0.0,0.0,true,false,S3-320866143,source3
S1-629550667,1,0,0,0,0,0.0,0.0,0.0,true,false,S2-416243900,source2
S1-62984253,2,0,0,0,0,0.0,0.0,0.0,true,false,S3-357152669,source3
S1-629855232,1,1,1,1,1,0.9959,0.0,0.9959,false,true,S2-436732357,source2
S1-629859442,1,0,0,0,0,0.0002,0.0,0.0002,true,false,S2-977594573,source2
S1-629980998,2,0,0,0,0,0.0,0.0,0.0,true,false,S3-740717243,source3
S1-630130733,37,0,0,0,0,0.0,0.0,0.0,true,false,S2-196293551,source2
S1-630223771,1,0,0,0,0,0.0,0.0,0.0,true,false,S2-517957550,source2
S1-630232982,1,1,1,1,1,0.9967,0.0,0.9967,false,true,S2-744959989,source2
S1-630262795,3,0,0,0,0,0.0,0.0,0.0,true,false,S2-461062675,source2
S1-630482653,31,0,0,0,0,0.0001,0.0,0.0,true,false,S2-487805187,source2
S1-630579476,46,0,0,0,0,0.0,0.0,0.0,true,false,S2-360065271,source2
S1-630645487,9,0,0,0,0,0.0,0.0,0.0,true,false,S3-256122815,source3
S1-630839433,1,0,0,0,0,0.0001,0.0,0.0001,true,false,S2-678293592,source2
S1-63099926,3,0,0,0,0,0.0,0.0,0.0,true,false,S2-164274633,source2
S1-631050308,27,0,0,0,0,0.0,0.0,0.0,true,false,S2-110271666,source2
S1-631052666,2,0,0,0,0,0.0,0.0,0.0,true,false,S2-797242328,source2
S1-631122305,44,0,0,0,0,0.0,0.0,0.0,true,false,S2-638660643,source2
S1-631152952,4,0,0,0,0,0.0137,0.0,0.0136,true,false,S2-672734557,source2
S1-631167304,2,0,0,0,0,0.0001,0.0001,0.0,true,false,S2-246022304,source2
S1-631180517,4,0,0,0,0,0.0266,0.014,0.0126,true,false,S3-711672186,source3
S1-631237878,1,0,0,0,0,0.0,0.0,0.0,true,false,S3-356203149,source3
S1-631240370,32,0,0,0,0,0.0001,0.0,0.0001,true,false,S2-613033624,source2
S1-631425833,1,1,0,0,0,0.3065,0.0,0.3065,false,true,S2-507533577,source2
S1-631432902,1,0,0,0,0,0.0,0.0,0.0,true,false,S3-946735227,source3
S1-631524485,58,0,0,0,0,0.0009,0.0,0.0008,true,false,S2-140392613,source2
S1-631595927,1,0,0,0,0,0.0,0.0,0.0,true,false,S2-756553454,source2
S1-63159754,1,0,0,0,0,0.0,0.0,0.0,true,false,S2-639798561,source2
S1-631645021,8,0,0,0,0,0.0001,0.0001,0.0,true,false,S3-148910668,source3
S1-631772217,1,0,0,0,0,0.0,0.0,0.0,true,false,S3-942849775,source3
S1-631863432,1,0,0,0,0,0.0,0.0,0.0,true,false,S3-433178093,source3
S1-631900768,74,0,0,0,0,0.0002,0.0,0.0002,true,false,S3-807892069,source3
S1-631944125,11,1,1,1,0,0.938,0.0,0.938,false,true,S2-305427278,source2
S1-632113915,1,0,0,0,0,0.0003,0.0,0.0003,true,false,S2-566309986,source2
S1-632160216,1,0,0,0,0,0.0,0.0,0.0,true,false,S2-672744241,source2
S1-63218603,37,0,0,0,0,0.0001,0.0,0.0,true,false,S2-667299879,source2
S1-63221997,1,0,0,0,0,0.0,0.0,0.0,true,false,S3-206073073,source3
S1-63258012,30,0,0,0,0,0.0,0.0,0.0,true,false,S2-400942794,source2
S1-632585967,71,0,0,0,0,0.0,0.0,0.0,true,false,S3-840328070,source3
S1-63259774,29,0,0,0,0,0.0,0.0,0.0,true,false,S3-922971635,source3
S1-632751138,1,0,0,0,0,0.0,0.0,0.0,true,false,S3-122947708,source3
S1-632767812,1,0,0,0,0,0.0,0.0,0.0,true,false,S2-903560158,source2
S1-632812909,1,0,0,0,0,0.0,0.0,0.0,true,false,S2-174618060,source2
S1-632949444,17,0,0,0,0,0.0009,0.0002,0.0007,true,false,S2-292607827,source2
S1-632954698,38,0,0,0,0,0.0,0.0,0.0,true,false,S3-568336525,source3
S1-632999438,42,0,0,0,0,0.0,0.0,0.0,true,false,S2-69965969,source2
S1-633010332,2,0,0,0,0,0.0,0.0,0.0,true,false,S3-365323447,source3
S1-633020460,33,0,0,0,0,0.0,0.0,0.0,true,false,S3-146572169,source3
S1-633198652,1,0,0,0,0,0.0,0.0,0.0,true,false,S2-734337283,source2
S1-63320685,2,0,0,0,0,0.0,0.0,0.0,true,false,S3-986624164,source3
S1-633324106,54,0,0,0,0,0.0,0.0,0.0,true,false,S3-416127783,source3
S1-633523699,2,0,0,0,0,0.0001,0.0,0.0,true,false,S3-674061062,source3
S1-633523724,50,0,0,0,0,0.0003,0.0002,0.0001,true,false,S3-236390144,source3
S1-633551607,19,0,0,0,0,0.0002,0.0002,0.0,true,false,S2-95398254,source2
S1-633611597,28,0,0,0,0,0.0,0.0,0.0,true,false,S3-719987330,source3
S1-633661997,37,0,0,0,0,0.0005,0.0,0.0005,true,false,S3-889013194,source3
S1-633779655,5,0,0,0,0,0.0,0.0,0.0,true,false,S2-279664505,source2
S1-63400313,1,0,0,0,0,0.0001,0.0,0.0001,true,false,S3-15566256,source3
S1-634152028,4,1,1,0,0,0.8754,0.0002,0.8753,false,true,S3-34326720,source3
S1-634290824,113,0,0,0,0,0.0,0.0,0.0,true,false,S3-344183576,source3
S1-63435293,45,0,0,0,0,0.0,0.0,0.0,true,false,S2-818736016,source2
S1-634406086,2,0,0,0,0,0.0039,0.0,0.0039,true,false,S3-828329455,source3
S1-634855427,175,0,0,0,0,0.0,0.0,0.0,true,false,S3-350262520,source3
S1-634857786,1,0,0,0,0,0.0,0.0,0.0,true,false,S3-710979604,source3
S1-634908265,3,0,0,0,0,0.0,0.0,0.0,true,false,S3-881877041,source3
S1-634913594,38,0,0,0,0,0.0,0.0,0.0,true,false,S3-234931047,source3
S1-635110499,44,0,0,0,0,0.0,0.0,0.0,true,false,S3-759082898,source3
S1-635204742,2,0,0,0,0,0.0001,0.0001,0.0,true,false,S3-591818899,source3
S1-635341042,58,0,0,0,0,0.0,0.0,0.0,true,false,S3-364005034,source3
S1-635344779,43,0,0,0,0,0.0,0.0,0.0,true,false,S3-339990019,source3
S1-635401949,2,1,0,0,0,0.0064,0.0,0.0064,false,true,S2-877623126,source2
S1-635442408,32,0,0,0,0,0.0002,0.0,0.0002,true,false,S2-153857566,source2
S1-635462399,1,1,1,1,1,0.9934,0.0,0.9934,false,true,S3-919775504,source3
S1-635463618,2,0,0,0,0,0.0,0.0,0.0,true,false,S2-51842838,source2
S1-635491453,1,1,1,1,1,0.9666,0.0,0.9666,false,true,S2-80171195,source2
S1-635675202,5,0,0,0,0,0.0,0.0,0.0,true,false,S2-287727111,source2
S1-635695385,1,0,0,0,0,0.0,0.0,0.0,true,false,S3-461939418,source3
S1-635751663,3,0,0,0,0,0.0,0.0,0.0,true,false,S3-643134776,source3
S1-635787940,41,0,0,0,0,0.0,0.0,0.0,true,false,S2-970560912,source2
S1-635801894,1,0,0,0,0,0.0233,0.0,0.0233,true,false,S2-736337457,source2
S1-63589647,1,0,0,0,0,0.0001,0.0,0.0001,true,false,S3-667106573,source3
S1-636013622,35,0,0,0,0,0.0,0.0,0.0,true,false,S3-737244159,source3
S1-636168079,2,0,0,0,0,0.0,0.0,0.0,true,false,S3-251553981,source3
S1-636302886,36,0,0,0,0,0.0,0.0,0.0,true,false,S2-670992606,source2
S1-636319872,2,0,0,0,0,0.0,0.0,0.0,true,false,S2-156028920,source2
S1-63633863,18,0,0,0,0,0.0,0.0,0.0,true,false,S2-75907054,source2
S1-636418528,3,0,0,0,0,0.0001,0.0,0.0,true,false,S2-606808097,source2
S1-636549603,7,0,0,0,0,0.0001,0.0,0.0001,true,false,S2-976611288,source2
S1-6366982,2,0,0,0,0,0.0,0.0,0.0,true,false,S2-88814839,source2
S1-636764280,113,0,0,0,0,0.0,0.0,0.0,true,false,S2-940543980,source2
S1-637017504,1,0,0,0,0,0.0,0.0,0.0,true,false,S3-106242811,source3
S1-637019088,33,0,0,0,0,0.0,0.0,0.0,true,false,S3-455215722,source3
S1-637361291,1,0,0,0,0,0.0,0.0,0.0,true,false,S2-614860342,source2
S1-637424319,1,1,1,1,1,0.9976,0.0,0.9976,false,true,S3-99909662,source3
S1-637572406,42,0,0,0,0,0.0005,0.0,0.0005,true,false,S2-350847418,source2
S1-63772701,1,0,0,0,0,0.0,0.0,0.0,true,false,S2-322137026,source2
S1-637742942,5,0,0,0,0,0.0,0.0,0.0,true,false,S2-37614224,source2
S1-637831268,1,0,0,0,0,0.0,0.0,0.0,true,false,S2-414527293,source2
S1-637849531,10,0,0,0,0,0.2396,0.0004,0.2392,true,false,S2-557634773,source2
S1-638106937,2,0,0,0,0,0.0277,0.0,0.0277,true,false,S3-983809427,source3
S1-638110492,34,0,0,0,0,0.0,0.0,0.0,true,false,S3-889273570,source3
S1-638114610,30,0,0,0,0,0.0,0.0,0.0,true,false,S3-520603293,source3
S1-63812028,1,0,0,0,0,0.0,0.0,0.0,true,false,S2-752081733,source2
S1-6381641,51,0,0,0,0,0.0,0.0,0.0,true,false,S2-887275297,source2
S1-63817568,2,0,0,0,0,0.0,0.0,0.0,true,false,S2-997286759,source2
S1-638516838,4,0,0,0,0,0.0372,0.0,0.0372,true,false,S2-139219752,source2
S1-638668785,49,0,0,0,0,0.0001,0.0,0.0001,true,false,S3-986695535,source3
S1-638717516,2,0,0,0,0,0.0,0.0,0.0,true,false,S2-569482641,source2
S1-638785454,3,0,0,0,0,0.0,0.0,0.0,true,false,S2-510481286,source2
S1-638901188,1,0,0,0,0,0.0,0.0,0.0,true,false,S2-840961779,source2
S1-639012333,3,0,0,0,0,0.0001,0.0,0.0,true,false,S2-178224871,source2
S1-639091249,4,0,0,0,0,0.0,0.0,0.0,true,false,S2-805458077,source2
S1-639245591,1,0,0,0,0,0.0,0.0,0.0,true,false,S2-35528818,source2
S1-639397611,43,0,0,0,0,0.0,0.0,0.0,true,false,S2-260519218,source2
S1-639593524,1,0,0,0,0,0.0,0.0,0.0,true,false,S3-262783474,source3
S1-639639555,27,0,0,0,0,0.0,0.0,0.0,true,false,S3-309039978,source3
S1-639653364,35,0,0,0,0,0.0,0.0,0.0,true,false,S3-723070493,source3
S1-639933000,1,0,0,0,0,0.0,0.0,0.0,true,false,S2-288029502,source2
S1-640054263,7,0,0,0,0,0.0,0.0,0.0,true,false,S3-285521731,source3
S1-640116870,1,1,1,0,0,0.8873,0.0,0.8873,false,true,S2-65866639,source2
S1-64034905,4,0,0,0,0,0.0001,0.0001,0.0,true,false,S3-839808791,source3
S1-64057623,1,1,1,1,1,0.9981,0.0,0.9981,false,true,S3-186941254,source3
S1-640684626,2,0,0,0,0,0.0001,0.0,0.0001,true,false,S2-797754922,source2
S1-640829798,1,0,0,0,0,0.0,0.0,0.0,true,false,S2-865387587,source2
S1-640836090,36,0,0,0,0,0.0001,0.0,0.0,true,false,S3-926920977,source3
S1-640963226,67,0,0,0,0,0.0,0.0,0.0,true,false,S3-673840836,source3
S1-640972450,1,0,0,0,0,0.0,0.0,0.0,true,false,S3-315639215,source3
S1-641109388,1,0,0,0,0,0.0002,0.0,0.0002,true,false,S3-820473990,source3
S1-641236003,54,0,1,1,1,0.9851,0.0019,0.9833,true,false,S3-82107141,source3
S1-641410900,3,0,0,0,0,0.0001,0.0,0.0,true,false,S3-771073356,source3
S1-641542841,7,0,0,0,0,0.0002,0.0001,0.0001,true,false,S2-161566527,source2
S1-641720845,36,0,0,0,0,0.0,0.0,0.0,true,false,S3-748843940,source3
S1-64181981,53,0,0,0,0,0.0,0.0,0.0,true,false,S3-513428797,source3
S1-641846461,1,0,0,0,0,0.0,0.0,0.0,true,false,S2-779567404,source2
S1-6418799,1,0,0,0,0,0.0,0.0,0.0,true,false,S2-223716005,source2
S1-641889632,1,0,0,0,0,0.0,0.0,0.0,true,false,S2-441863190,source2
S1-641963962,1,0,0,0,0,0.0,0.0,0.0,true,false,S3-538932133,source3
S1-642006247,33,0,0,0,0,0.0001,0.0001,0.0001,true,false,S2-253704160,source2
S1-642139824,44,0,0,0,0,0.0024,0.0002,0.0022,true,false,S2-930272452,source2
S1-642242449,1,0,0,0,0,0.0,0.0,0.0,true,false,S2-454998902,source2
S1-642277127,1,1,1,1,1,0.9997,0.0,0.9997,false,true,S2-681764650,source2
S1-64231661,2,0,0,0,0,0.0,0.0,0.0,true,false,S3-906114761,source3
S1-642398159,26,0,0,0,0,0.0,0.0,0.0,true,false,S3-92001570,source3
S1-64248638,2,0,0,0,0,0.0,0.0,0.0,true,false,S2-794926277,source2
S1-642573707,1,0,0,0,0,0.0,0.0,0.0,true,false,S3-729419440,source3
S1-642598700,1,0,0,0,0,0.0,0.0,0.0,true,false,S3-477158581,source3
S1-642602582,1,0,0,0,0,0.0,0.0,0.0,true,false,S3-117728074,source3
S1-64279143,1,0,0,0,0,0.0,0.0,0.0,true,false,S2-338706830,source2
S1-642889408,1,0,0,0,0,0.0,0.0,0.0,true,false,S2-477846705,source2
S1-642895892,1,0,0,0,0,0.0,0.0,0.0,true,false,S3-400517667,source3
S1-642915384,1,0,0,0,0,0.0,0.0,0.0,true,false,S2-111204333,source2
S1-643023296,3,1,1,1,1,0.9849,0.0,0.9849,false,true,S3-984544511,source3
S1-643429773,2,0,0,0,0,0.0001,0.0,0.0001,true,false,S3-640207759,source3
S1-643639852,1,0,0,0,0,0.0266,0.0,0.0266,true,false,S2-489666501,source2
S1-643679642,43,0,0,0,0,0.0,0.0,0.0,true,false,S3-185808197,source3
S1-643801218,3,0,0,0,0,0.0,0.0,0.0,true,false,S3-386767048,source3
S1-643802882,1,0,0,0,0,0.0,0.0,0.0,true,false,S3-49496918,source3
S1-644064977,3,0,0,0,0,0.0,0.0,0.0,true,false,S2-384330461,source2
S1-644197009,30,0,0,0,0,0.0,0.0,0.0,true,false,S2-664366871,source2
S1-644251559,41,0,0,0,0,0.0,0.0,0.0,true,false,S2-488384040,source2
S1-644304901,5,0,0,0,0,0.0001,0.0001,0.0,true,false,S2-132972172,source2
S1-644310062,1,1,1,1,1,0.9915,0.0,0.9915,false,true,S3-898502000,source3
S1-644412773,4,0,0,0,0,0.0001,0.0,0.0001,true,false,S3-431992159,source3
S1-644609283,29,0,0,0,0,0.0,0.0,0.0,true,false,S2-826033515,source2
S1-644672044,5,0,0,0,0,0.0004,0.0,0.0004,true,false,S2-417579530,source2
S1-644727021,38,0,0,0,0,0.0,0.0,0.0,true,false,S2-932255610,source2
S1-644993010,1,0,0,0,0,0.0001,0.0,0.0001,true,false,S3-39430716,source3
S1-644997356,43,0,0,0,0,0.0,0.0,0.0,true,false,S3-732674677,source3
S1-645049490,42,0,0,0,0,0.0,0.0,0.0,true,false,S2-560449715,source2
S1-645147697,2,0,0,0,0,0.0001,0.0001,0.0,true,false,S2-878656408,source2
S1-6452507,1,1,1,1,1,0.9972,0.0,0.9972,false,true,S2-966134785,source2
S1-645308360,35,0,0,0,0,0.0,0.0,0.0,true,false,S3-288126496,source3
S1-645629640,1,0,0,0,0,0.0001,0.0,0.0001,true,false,S2-206032485,source2
S1-645713459,1,0,0,0,0,0.0,0.0,0.0,true,false,S3-143283912,source3
S1-645817997,3,0,0,0,0,0.0,0.0,0.0,true,false,S2-706577316,source2
S1-645936148,2,0,0,0,0,0.0,0.0,0.0,true,false,S3-177377264,source3
S1-645956281,4,0,0,0,0,0.0001,0.0001,0.0,true,false,S2-892694237,source2
S1-646010389,2,0,0,0,0,0.0,0.0,0.0,true,false,S2-811849963,source2
S1-646120217,2,0,0,0,0,0.0,0.0,0.0,true,false,S3-935522566,source3
S1-646143601,1,0,0,0,0,0.0001,0.0,0.0001,true,false,S3-419230824,source3
S1-646701374,1,0,0,0,0,0.001,0.0,0.001,true,false,S3-462991588,source3
S1-646727510,1,0,0,0,0,0.0,0.0,0.0,true,false,S3-9302579,source3
S1-646787278,1,0,0,0,0,0.0,0.0,0.0,true,false,S3-858389932,source3
S1-647084648,2,0,0,0,0,0.0,0.0,0.0,true,false,S3-844286911,source3
S1-647187081,1,0,0,0,0,0.0,0.0,0.0,true,false,S2-195972156,source2
S1-647453057,39,0,0,0,0,0.0,0.0,0.0,true,false,S3-441188460,source3
S1-647489744,2,0,0,0,0,0.0,0.0,0.0,true,false,S3-79444760,source3
S1-647492550,4,0,0,0,0,0.0,0.0,0.0,true,false,S3-989678340,source3
S1-647560634,24,0,0,0,0,0.0,0.0,0.0,true,false,S3-986827642,source3
S1-647566673,40,0,0,0,0,0.0001,0.0,0.0001,true,false,S2-17776298,source2
S1-64760934,68,0,0,0,0,0.0008,0.0001,0.0007,true,false,S3-476877208,source3
S1-647630301,2,0,0,0,0,0.0,0.0,0.0,true,false,S3-281031640,source3
S1-647709654,1,0,0,0,0,0.0,0.0,0.0,true,false,S2-965389616,source2
S1-647752506,1,0,0,0,0,0.0,0.0,0.0,true,false,S3-501829913,source3
S1-647822760,3,0,0,0,0,0.1499,0.0002,0.1497,true,false,S2-602551443,source2
S1-647920122,1,0,0,0,0,0.0,0.0,0.0,true,false,S2-604647219,source2
S1-647956283,3,0,0,0,0,0.0,0.0,0.0,true,false,S3-97300614,source3
S1-648028764,2,0,0,0,0,0.0,0.0,0.0,true,false,S2-786015854,source2
S1-648030801,2,0,0,0,0,0.0001,0.0001,0.0,true,false,S2-661047508,source2
S1-648136590,1,0,0,0,0,0.0,0.0,0.0,true,false,S3-851023432,source3
S1-648145659,1,1,1,1,1,0.9855,0.0,0.9855,false,true,S2-443986173,source2
S1-648158272,1,0,0,0,0,0.0,0.0,0.0,true,false,S3-303239341,source3
S1-648184853,52,0,0,0,0,0.0,0.0,0.0,true,false,S3-829638705,source3
S1-648297182,1,1,1,1,1,0.9952,0.0,0.9952,false,true,S3-916937848,source3
S1-6484023,2,0,0,0,0,0.0,0.0,0.0,true,false,S2-303840498,source2
S1-64840372,1,0,0,0,0,0.0002,0.0,0.0002,true,false,S3-368386071,source3
S1-648549229,1,0,0,0,0,0.2727,0.0,0.2727,true,false,S2-769716297,source2
S1-648578332,1,0,0,0,0,0.0001,0.0,0.0001,true,false,S2-650340510,source2
S1-648674437,38,0,0,0,0,0.0,0.0,0.0,true,false,S3-284064000,source3
S1-648849793,38,0,0,0,0,0.0,0.0,0.0,true,false,S3-454541234,source3
S1-648886561,1,0,0,0,0,0.0,0.0,0.0,true,false,S2-214113069,source2
S1-648894561,1,0,0,0,0,0.0,0.0,0.0,true,false,S3-587731268,source3
S1-648916392,1,0,0,0,0,0.0001,0.0,0.0001,true,false,S3-795884781,source3
S1-648966828,1,0,0,0,0,0.0019,0.0,0.0019,true,false,S2-236074126,source2
S1-649029066,1,0,0,0,0,0.0,0.0,0.0,true,false,S2-297147254,source2
S1-64915886,1,0,0,0,0,0.0,0.0,0.0,true,false,S3-117874334,source3
S1-649167777,1,0,0,0,0,0.0,0.0,0.0,true,false,S2-362546545,source2
S1-649197669,33,0,0,0,0,0.0,0.0,0.0,true,false,S3-202445256,source3
S1-649204084,29,0,0,0,0,0.0,0.0,0.0,true,false,S3-262348460,source3
S1-649238343,1,0,0,0,0,0.0002,0.0,0.0002,true,false,S3-70236575,source3
S1-649279998,31,0,0,0,0,0.0,0.0,0.0,true,false,S3-462038153,source3
S1-64938975,36,0,0,0,0,0.0,0.0,0.0,true,false,S3-673096850,source3
S1-649450166,2,0,0,0,0,0.0,0.0,0.0,true,false,S3-720532129,source3
S1-649506567,2,1,1,1,1,0.9968,0.0001,0.9967,false,true,S3-834490766,source3
S1-64966742,60,0,0,0,0,0.0,0.0,0.0,true,false,S3-90124333,source3
S1-649697945,3,0,0,0,0,0.0,0.0,0.0,true,false,S2-42911706,source2
S1-649828044,2,0,0,0,0,0.0,0.0,0.0,true,false,S2-331452816,source2
S1-649829257,1,0,0,0,0,0.0,0.0,0.0,true,false,S3-750471207,source3
S1-649892128,1,0,0,0,0,0.0,0.0,0.0,true,false,S2-890710365,source2
S1-650013734,1,0,0,0,0,0.0,0.0,0.0,true,false,S3-9302579,source3
S1-650051667,18,0,0,0,0,0.0,0.0,0.0,true,false,S3-145457240,source3
S1-650239343,2,0,0,0,0,0.0036,0.0,0.0036,true,false,S2-637726220,source2
S1-650254962,45,0,0,0,0,0.0,0.0,0.0,true,false,S2-899455591,source2
S1-650284192,39,0,0,0,0,0.0001,0.0,0.0001,true,false,S2-73570850,source2
S1-650289478,1,0,0,0,0,0.0,0.0,0.0,true,false,S3-620949089,source3
S1-650451147,83,0,0,0,0,0.0001,0.0,0.0001,true,false,S2-375550325,source2
S1-650455249,1,0,0,0,0,0.0,0.0,0.0,true,false,S3-716453190,source3
S1-650491742,2,0,0,0,0,0.0,0.0,0.0,true,false,S2-534837314,source2
S1-650599690,6,0,0,0,0,0.0,0.0,0.0,true,false,S2-827584632,source2
S1-650606886,5,0,0,0,0,0.0001,0.0001,0.0,true,false,S3-313911382,source3
S1-650641874,1,0,0,0,0,0.0001,0.0,0.0001,true,false,S3-163478658,source3
S1-650741593,1,1,1,1,1,0.9589,0.0,0.9589,false,true,S2-888235254,source2
S1-650959769,44,0,0,0,0,0.0,0.0,0.0,true,false,S3-469574335,source3
S1-651035084,76,0,0,0,0,0.0002,0.0,0.0002,true,false,S2-95398254,source2
S1-651083370,2,0,0,0,0,0.0001,0.0,0.0,true,false,S3-73889033,source3
S1-651127103,3,0,0,0,0,0.0,0.0,0.0,true,false,S2-357466957,source2
S1-651169032,1,0,0,0,0,0.0,0.0,0.0,true,false,S3-440640540,source3
S1-651404856,1,0,0,0,0,0.0,0.0,0.0,true,false,S3-147161435,source3
S1-651438917,20,0,0,0,0,0.0003,0.0001,0.0002,true,false,S2-708051579,source2
S1-651462238,6,0,0,0,0,0.0023,0.002,0.0003,true,false,S3-51420070,source3
S1-651556706,1,0,0,0,0,0.0001,0.0,0.0001,true,false,S2-162582759,source2
S1-651584988,28,0,0,0,0,0.0,0.0,0.0,true,false,S3-409243417,source3
S1-651932971,4,0,0,0,0,0.0012,0.0003,0.0008,true,false,S3-597627183,source3
S1-652039586,1,0,0,0,0,0.0,0.0,0.0,true,false,S3-559344139,source3
S1-652171268,33,0,0,0,0,0.0,0.0,0.0,true,false,S3-66595305,source3
S1-652191376,1,1,1,1,1,0.9996,0.0,0.9996,false,true,S3-791532874,source3
S1-652227494,42,0,0,0,0,0.0,0.0,0.0,true,false,S3-922309888,source3
S1-652270729,3,0,0,0,0,0.0,0.0,0.0,true,false,S3-789132245,source3
S1-652366125,1,1,1,1,0,0.9386,0.0,0.9386,false,true,S2-659264662,source2
S1-652461636,2,0,0,0,0,0.0,0.0,0.0,true,false,S3-14282100,source3
S1-652564669,2,0,0,0,0,0.0,0.0,0.0,true,false,S2-853305164,source2
S1-652569864,5,0,0,0,0,0.0,0.0,0.0,true,false,S3-740980763,source3
S1-652586989,2,0,0,0,0,0.0,0.0,0.0,true,false,S2-733025108,source2
S1-652633566,30,0,0,0,0,0.0,0.0,0.0,true,false,S3-810201039,source3
S1-652651286,61,0,0,0,0,0.0007,0.0005,0.0003,true,false,S2-995746647,source2
S1-652689400,1,0,0,0,0,0.0,0.0,0.0,true,false,S3-874485993,source3
S1-652724228,4,0,0,0,0,0.0567,0.0001,0.0566,true,false,S2-287872643,source2
S1-652745850,35,0,0,0,0,0.0,0.0,0.0,true,false,S2-75518285,source2
S1-652750738,1,1,1,1,1,0.9948,0.0,0.9948,false,true,S3-809616688,source3
S1-652830491,57,0,0,0,0,0.0,0.0,0.0,true,false,S2-808892754,source2
S1-65296733,4,0,0,0,0,0.0,0.0,0.0,true,false,S2-331387013,source2
S1-6530353,42,0,0,0,0,0.0,0.0,0.0,true,false,S3-159417574,source3
S1-653112110,5,0,0,0,0,0.0001,0.0,0.0001,true,false,S3-935472925,source3
S1-653172248,1,0,0,0,0,0.0,0.0,0.0,true,false,S2-901109596,source2
S1-65319680,1,0,0,0,0,0.0003,0.0,0.0003,true,false,S2-158986794,source2
S1-6532344,11,0,0,0,0,0.0001,0.0001,0.0,true,false,S2-828116861,source2
S1-653268832,1,0,0,0,0,0.0,0.0,0.0,true,false,S2-611712419,source2
S1-653388097,13,0,0,0,0,0.0003,0.0001,0.0002,true,false,S2-849557641,source2
S1-653403177,1,0,0,0,0,0.0001,0.0,0.0001,true,false,S2-658395956,source2
S1-653485707,1,0,0,0,0,0.0,0.0,0.0,true,false,S3-812671275,source3
S1-653516616,7,0,0,0,0,0.0124,0.0001,0.0123,true,false,S2-713198548,source2
S1-653576701,1,0,0,0,0,0.0,0.0,0.0,true,false,S3-841843964,source3
S1-653604995,1,0,0,0,0,0.0,0.0,0.0,true,false,S3-613450768,source3
S1-653759064,1,0,0,0,0,0.0,0.0,0.0,true,false,S3-270469045,source3
S1-653922393,1,1,1,1,1,0.9985,0.0,0.9985,false,true,S2-646314969,source2
S1-653948096,3,0,0,0,0,0.0002,0.0002,0.0,true,false,S2-419509015,source2
S1-654186623,1,0,0,0,0,0.0,0.0,0.0,true,false,S2-546325925,source2
S1-6542120,38,0,0,0,0,0.023,0.0001,0.0229,true,false,S3-269576364,source3
S1-654317467,1,0,0,0,0,0.0,0.0,0.0,true,false,S2-814550390,source2
S1-654370336,56,0,0,0,0,0.0,0.0,0.0,true,false,S2-918589313,source2
S1-654395773,2,1,0,0,0,0.0126,0.0,0.0126,false,true,S3-334578050,source3
S1-654446162,36,0,0,0,0,0.0,0.0,0.0,true,false,S2-888156037,source2
S1-654506601,1,0,0,0,0,0.0,0.0,0.0,true,false,S3-369740190,source3
S1-654544499,39,0,0,0,0,0.0,0.0,0.0,true,false,S3-309294872,source3
S1-654634473,7,0,0,0,0,0.0002,0.0,0.0001,true,false,S2-291112010,source2
S1-654697159,1,0,0,0,0,0.0,0.0,0.0,true,false,S2-119346048,source2
S1-654698238,2,0,0,0,0,0.0,0.0,0.0,true,false,S2-102664126,source2
S1-654710638,1,0,0,0,0,0.0,0.0,0.0,true,false,S2-630772014,source2
S1-654779565,40,0,0,0,0,0.0,0.0,0.0,true,false,S2-94390509,source2
S1-654901669,1,1,1,1,1,0.9995,0.0,0.9995,false,true,S3-292797686,source3
S1-65493728,1,0,0,0,0,0.0,0.0,0.0,true,false,S2-151863825,source2
S1-655018623,3,0,0,0,0,0.0001,0.0,0.0001,true,false,S3-667451041,source3
S1-655057699,2,0,0,0,0,0.0001,0.0001,0.0,true,false,S2-586891584,source2
S1-655579084,1,0,0,0,0,0.0,0.0,0.0,true,false,S3-366052718,source3
S1-655715556,1,0,0,0,0,0.0001,0.0,0.0001,true,false,S2-526413642,source2
S1-655725251,1,0,0,0,0,0.0,0.0,0.0,true,false,S2-228797905,source2
S1-655727717,1,0,0,0,0,0.0,0.0,0.0,true,false,S2-507192029,source2
S1-655739727,52,0,0,0,0,0.0001,0.0,0.0001,true,false,S2-499597718,source2
S1-655785620,2,0,0,0,0,0.0001,0.0001,0.0,true,false,S3-178319807,source3
S1-656010044,1,0,0,0,0,0.0,0.0,0.0,true,false,S2-383775997,source2
S1-656148829,2,0,0,0,0,0.0,0.0,0.0,true,false,S3-146982142,source3
S1-656170276,33,0,0,0,0,0.0002,0.0,0.0002,true,false,S3-778496967,source3
S1-656202646,53,0,0,0,0,0.0,0.0,0.0,true,false,S2-134584922,source2
S1-65626628,1,0,0,0,0,0.0,0.0,0.0,true,false,S3-534689159,source3
S1-656339591,61,0,0,0,0,0.0015,0.0008,0.0006,true,false,S3-359574411,source3
S1-656418409,1,0,0,0,0,0.0,0.0,0.0,true,false,S3-383178643,source3
S1-656463776,5,0,0,0,0,0.0001,0.0001,0.0,true,false,S3-73388581,source3
S1-656579609,2,0,0,0,0,0.0,0.0,0.0,true,false,S3-545582088,source3
S1-656722519,2,0,0,0,0,0.0,0.0,0.0,true,false,S3-536159866,source3
S1-656732496,1,0,0,0,0,0.0,0.0,0.0,true,false,S2-428415426,source2
S1-656853010,66,1,1,1,1,0.9988,0.0,0.9988,false,true,S3-980004046,source3
S1-656871963,2,0,0,0,0,0.0,0.0,0.0,true,false,S2-674721716,source2
S1-656875032,37,0,0,0,0,0.001,0.0002,0.0008,true,false,S2-648024492,source2
S1-656904578,2,0,0,0,0,0.0,0.0,0.0,true,false,S2-680625322,source2
S1-656986758,47,0,0,0,0,0.0005,0.0001,0.0003,true,false,S3-319926058,source3
S1-657091961,1,0,0,0,0,0.0,0.0,0.0,true,false,S3-39457122,source3
S1-657138064,7,0,0,0,0,0.0,0.0,0.0,true,false,S3-736939902,source3
S1-65720315,16,0,0,0,0,0.0001,0.0001,0.0,true,false,S2-470056328,source2
S1-657270420,2,0,0,0,0,0.0001,0.0,0.0001,true,false,S2-84969186,source2
S1-657303231,1,0,0,0,0,0.0,0.0,0.0,true,false,S3-711881731,source3
S1-657394611,1,0,0,0,0,0.0,0.0,0.0,true,false,S2-557049050,source2
S1-657400551,1,1,1,1,1,0.9986,0.0,0.9986,false,true,S3-597570630,source3
S1-657408616,42,0,0,0,0,0.0,0.0,0.0,true,false,S3-569969889,source3
S1-657464370,43,0,0,0,0,0.0,0.0,0.0,true,false,S2-131899197,source2
S1-65755556,29,0,0,0,0,0.0103,0.0005,0.0098,true,false,S3-669933612,source3
S1-657618079,1,1,0,0,0,0.0619,0.0,0.0619,false,true,S2-423099834,source2
S1-657688281,1,1,1,1,1,0.9991,0.0,0.9991,false,true,S2-891746522,source2
S1-657713840,3,0,0,0,0,0.0001,0.0,0.0,true,false,S2-640393486,source2
S1-657809107,42,0,0,0,0,0.0,0.0,0.0,true,false,S3-736466793,source3
S1-657840095,1,0,0,0,0,0.0001,0.0,0.0001,true,false,S2-843738909,source2
S1-658073979,3,0,0,0,0,0.0,0.0,0.0,true,false,S3-175557898,source3
S1-658151638,1,0,0,0,0,0.0003,0.0,0.0003,true,false,S3-174277986,source3
S1-658173208,4,0,0,0,0,0.0075,0.0,0.0075,true,false,S3-575704313,source3
S1-658178083,1,0,0,0,0,0.0003,0.0,0.0003,true,false,S2-699251501,source2
S1-65820296,2,0,0,0,0,0.0,0.0,0.0,true,false,S3-9079678,source3
S1-658336143,50,0,0,0,0,0.0,0.0,0.0,true,false,S2-637726220,source2
S1-658445775,1,0,0,0,0,0.0,0.0,0.0,true,false,S3-583114889,source3
S1-658453902,1,0,0,0,0,0.0,0.0,0.0,true,false,S2-598884836,source2
S1-658466275,1,0,0,0,0,0.0,0.0,0.0,true,false,S2-175047002,source2
S1-65849923,7,0,0,0,0,0.0001,0.0,0.0,true,false,S3-78604817,source3
S1-65855707,43,0,0,0,0,0.0,0.0,0.0,true,false,S3-950660541,source3
S1-658915198,1,0,0,0,0,0.0,0.0,0.0,true,false,S3-415691029,source3
S1-659236248,2,0,0,0,0,0.0,0.0,0.0,true,false,S3-574098164,source3
S1-659324057,1,0,0,0,0,0.0,0.0,0.0,true,false,S3-969605733,source3
S1-659630672,7,0,0,0,0,0.0,0.0,0.0,true,false,S2-590658003,source2
S1-65968513,2,0,0,0,0,0.0001,0.0,0.0001,true,false,S2-786879588,source2
S1-65979611,36,0,0,0,0,0.0,0.0,0.0,true,false,S3-906745557,source3
S1-659805011,3,1,1,1,1,0.9996,0.0,0.9996,false,true,S2-519066234,source2
S1-659821047,1,0,0,0,0,0.0,0.0,0.0,true,false,S3-36106335,source3
S1-65983522,10,0,0,0,0,0.0004,0.0,0.0003,true,false,S2-122619875,source2
S1-659888182,5,0,1,1,0,0.9331,0.0,0.9331,true,false,S2-668547533,source2
S1-660078728,66,0,0,0,0,0.0002,0.0,0.0001,true,false,S2-22913222,source2
S1-660186024,1,0,0,0,0,0.0,0.0,0.0,true,false,S2-424767728,source2
S1-660246675,12,0,0,0,0,0.0,0.0,0.0,true,false,S2-794590656,source2
S1-660444464,15,0,0,0,0,0.0002,0.0002,0.0001,true,false,S2-670084831,source2
S1-660526444,71,0,0,0,0,0.0002,0.0,0.0002,true,false,S2-179151448,source2
S1-660621852,1,1,1,0,0,0.8311,0.0,0.8311,false,true,S2-623142135,source2
S1-66103099,1,0,0,0,0,0.0,0.0,0.0,true,false,S3-574263866,source3
S1-661061114,4,0,0,0,0,0.0,0.0,0.0,true,false,S3-299576808,source3
S1-661127513,1,0,0,0,0,0.0,0.0,0.0,true,false,S3-238740585,source3
S1-661155477,1,0,0,0,0,0.2473,0.0,0.2473,true,false,S3-768751283,source3
S1-661173194,1,0,0,0,0,0.0,0.0,0.0,true,false,S3-264478141,source3
S1-661339190,1,0,0,0,0,0.0,0.0,0.0,true,false,S2-496971162,source2
S1-661390886,1,0,0,0,0,0.0001,0.0,0.0001,true,false,S2-400789441,source2
S1-661468485,3,0,0,0,0,0.0,0.0,0.0,true,false,S3-389563784,source3
S1-661494563,6,0,0,0,0,0.0,0.0,0.0,true,false,S3-258947254,source3
S1-66149768,1,0,0,0,0,0.0,0.0,0.0,true,false,S3-791660510,source3
S1-661520608,3,0,0,0,0,0.0,0.0,0.0,true,false,S2-38387712,source2
S1-661558167,10,0,0,0,0,0.0001,0.0,0.0,true,false,S2-984900317,source2
S1-661809031,3,0,0,0,0,0.0,0.0,0.0,true,false,S2-855323790,source2
S1-661931896,2,0,0,0,0,0.0001,0.0,0.0001,true,false,S3-38103453,source3
S1-661982905,1,0,0,0,0,0.0,0.0,0.0,true,false,S3-844709529,source3
S1-662021555,1,0,0,0,0,0.5326,0.0,0.5326,true,false,S3-255238095,source3
S1-662105929,2,0,0,0,0,0.0,0.0,0.0,true,false,S3-778386474,source3
S1-662208862,1,0,0,0,0,0.0001,0.0,0.0001,true,false,S2-299393019,source2
S1-662343149,1,0,0,0,0,0.0,0.0,0.0,true,false,S3-320411861,source3
S1-66244970,3,0,0,0,0,0.0004,0.0,0.0004,true,false,S2-811215096,source2
S1-662468351,35,0,0,0,0,0.0,0.0,0.0,true,false,S2-895531443,source2
S1-662501491,1,0,0,0,0,0.0,0.0,0.0,true,false,S2-317986865,source2
S1-662594860,31,0,0,0,0,0.0,0.0,0.0,true,false,S3-479963939,source3
S1-662651729,113,0,0,0,0,0.0001,0.0,0.0001,true,false,S3-731433798,source3
S1-662687718,1,0,0,0,0,0.0,0.0,0.0,true,false,S3-248287535,source3
S1-662688248,1,0,0,0,0,0.0,0.0,0.0,true,false,S3-925717935,source3
S1-662822472,1,0,0,0,0,0.0,0.0,0.0,true,false,S3-997548671,source3
S1-662872869,1,0,0,0,0,0.0,0.0,0.0,true,false,S2-423535722,source2
S1-662961085,29,0,0,0,0,0.0,0.0,0.0,true,false,S3-603410948,source3
S1-662965311,3,0,0,0,0,0.0,0.0,0.0,true,false,S3-181065714,source3
S1-663029727,12,0,0,0,0,0.0012,0.0001,0.0011,true,false,S2-929012834,source2
S1-663137551,73,0,0,0,0,0.0002,0.0002,0.0,true,false,S2-588940457,source2
S1-663199736,22,0,0,0,0,0.0,0.0,0.0,true,false,S3-956754780,source3
S1-663219606,1,0,0,0,0,0.0,0.0,0.0,true,false,S2-872213594,source2
S1-663284662,34,0,0,0,0,0.0001,0.0,0.0,true,false,S2-857286821,source2
S1-663535840,3,0,0,0,0,0.0,0.0,0.0,true,false,S3-250766433,source3
S1-663617541,45,0,0,0,0,0.0,0.0,0.0,true,false,S3-216876354,source3
S1-663777279,2,1,0,0,0,0.2576,0.0,0.2576,false,true,S3-707261685,source3
S1-663810120,22,0,0,0,0,0.0,0.0,0.0,true,false,S2-451526434,source2
S1-663848888,1,0,0,0,0,0.0,0.0,0.0,true,false,S3-750471207,source3
S1-66391243,50,0,0,0,0,0.0,0.0,0.0,true,false,S3-649325147,source3
S1-664047974,1,1,0,0,0,0.2396,0.0,0.2396,false,true,S2-159418478,source2
S1-664132573,6,0,0,0,0,0.0,0.0,0.0,true,false,S3-113153202,source3
S1-664145161,30,0,0,0,0,0.0,0.0,0.0,true,false,S2-887096875,source2
S1-664239711,29,0,0,0,0,0.0,0.0,0.0,true,false,S2-689329503,source2
S1-664355108,16,0,0,0,0,0.0002,0.0001,0.0001,true,false,S3-465970566,source3
S1-664385289,2,0,0,0,0,0.0567,0.0,0.0566,true,false,S2-233444342,source2
S1-664387167,41,0,0,0,0,0.0001,0.0,0.0,true,false,S2-982544380,source2
S1-664388149,1,0,0,0,0,0.0,0.0,0.0,true,false,S2-579925015,source2
S1-664644166,2,0,0,0,0,0.0001,0.0,0.0,true,false,S2-564142811,source2
S1-664895287,1,0,0,0,0,0.0,0.0,0.0,true,false,S3-295234846,source3
S1-664964789,1,0,0,0,0,0.0,0.0,0.0,true,false,S3-766657634,source3
S1-665234047,2,0,0,0,0,0.0001,0.0001,0.0,true,false,S2-593972570,source2
S1-665238345,3,0,0,0,0,0.0,0.0,0.0,true,false,S3-300452373,source3
S1-665390459,4,0,0,0,0,0.0,0.0,0.0,true,false,S3-70512447,source3
S1-665509280,1,0,0,0,0,0.0,0.0,0.0,true,false,S2-895820835,source2
S1-665662163,2,1,1,1,1,0.9993,0.0,0.9993,false,true,S3-203079442,source3
S1-665706894,5,0,0,0,0,0.0001,0.0001,0.0,true,false,S3-576263126,source3
S1-665784374,37,0,0,0,0,0.0,0.0,0.0,true,false,S3-852390534,source3
S1-665803307,38,0,0,0,0,0.0,0.0,0.0,true,false,S2-584595791,source2
S1-666076445,66,0,0,0,0,0.0001,0.0,0.0001,true,false,S3-888350518,source3
S1-666317797,5,0,0,0,0,0.0002,0.0001,0.0001,true,false,S2-638860948,source2
S1-666361206,37,0,0,0,0,0.012,0.0,0.012,true,false,S2-76031909,source2
S1-666371047,11,0,0,0,0,0.0001,0.0001,0.0,true,false,S3-561428733,source3
S1-666435696,38,0,0,0,0,0.0,0.0,0.0,true,false,S2-622693072,source2
S1-666725732,1,0,0,0,0,0.0,0.0,0.0,true,false,S3-810645912,source3
S1-66687458,2,0,0,0,0,0.0,0.0,0.0,true,false,S3-889395203,source3
S1-666890802,1,1,1,1,1,0.9995,0.0,0.9995,false,true,S2-682005802,source2
S1-66698016,45,0,0,0,0,0.0002,0.0001,0.0001,true,false,S2-607642800,source2
S1-667018874,1,0,0,0,0,0.0,0.0,0.0,true,false,S2-600433503,source2
S1-667125268,29,0,0,0,0,0.0001,0.0,0.0,true,false,S2-689329503,source2
S1-667406578,1,0,0,0,0,0.1677,0.0,0.1677,true,false,S2-759684407,source2
S1-667550399,1,0,0,0,0,0.0,0.0,0.0,true,false,S3-212929497,source3
S1-667605690,2,1,0,0,0,0.0045,0.0,0.0045,false,true,S2-584729438,source2
S1-667751699,35,0,0,0,0,0.0001,0.0,0.0001,true,false,S3-716678885,source3
S1-667767486,1,1,1,1,1,0.9978,0.0,0.9978,false,true,S3-242700722,source3
S1-66776987,9,0,0,0,0,0.0,0.0,0.0,true,false,S2-29866912,source2
S1-667800903,34,0,0,0,0,0.0,0.0,0.0,true,false,S2-721667698,source2
S1-668407920,2,0,0,0,0,0.5391,0.0,0.5391,true,false,S2-93591264,source2
S1-668425488,2,0,0,0,0,0.0001,0.0,0.0,true,false,S2-804403788,source2
S1-668715422,1,0,0,0,0,0.0,0.0,0.0,true,false,S2-732074541,source2
S1-668859793,66,0,0,0,0,0.0,0.0,0.0,true,false,S3-877053038,source3
S1-668861212,2,0,0,0,0,0.0,0.0,0.0,true,false,S3-562232383,source3
S1-668946146,21,0,0,0,0,0.0005,0.0005,0.0,true,false,S2-147364644,source2
S1-669182921,11,0,0,0,0,0.0001,0.0001,0.0,true,false,S2-809576294,source2
S1-669234000,1,0,0,0,0,0.0001,0.0,0.0001,true,false,S2-66694384,source2
S1-669247392,2,0,0,0,0,0.0,0.0,0.0,true,false,S3-222062653,source3
S1-669310619,1,0,0,0,0,0.0,0.0,0.0,true,false,S3-76546220,source3
S1-669413769,30,0,0,0,0,0.0,0.0,0.0,true,false,S3-135063094,source3
S1-669592507,1,0,0,0,0,0.0,0.0,0.0,true,false,S2-882153512,source2
S1-669650889,1,0,0,0,0,0.0,0.0,0.0,true,false,S3-603795474,source3
S1-670224096,1,1,1,1,1,0.9599,0.0,0.9599,false,true,S3-438233731,source3
S1-670279659,1,0,0,0,0,0.0,0.0,0.0,true,false,S2-452550566,source2
S1-670310548,2,0,0,0,0,0.0,0.0,0.0,true,false,S2-116236117,source2
S1-670321470,19,0,0,0,0,0.0754,0.0331,0.0423,true,false,S3-516103089,source3
S1-67047461,2,0,0,0,0,0.0036,0.0,0.0036,true,false,S2-639830175,source2
S1-670894283,1,0,0,0,0,0.0,0.0,0.0,true,false,S2-452511031,source2
S1-671046502,1,0,0,0,0,0.0,0.0,0.0,true,false,S2-398460096,source2
S1-671050893,2,0,0,0,0,0.0,0.0,0.0,true,false,S2-321048372,source2
S1-671106601,1,0,0,0,0,0.0001,0.0,0.0001,true,false,S3-393728957,source3
S1-671127483,1,0,0,0,0,0.0001,0.0,0.0001,true,false,S3-916699006,source3
S1-671129885,2,0,0,0,0,0.0,0.0,0.0,true,false,S2-686200132,source2
S1-671189801,57,0,0,0,0,0.0,0.0,0.0,true,false,S3-942277224,source3
S1-67132503,4,0,0,0,0,0.0127,0.0,0.0127,true,false,S2-378822479,source2
S1-671406399,36,0,0,0,0,0.0,0.0,0.0,true,false,S2-503956565,source2
S1-67160153,3,0,0,0,0,0.0,0.0,0.0,true,false,S2-4594139,source2
S1-671634732,1,0,0,0,0,0.0,0.0,0.0,true,false,S2-980137130,source2
S1-671706157,30,0,0,0,0,0.0,0.0,0.0,true,false,S3-172089780,source3
S1-671917763,1,1,1,1,1,0.9864,0.0,0.9864,false,true,S2-819319091,source2
S1-672198295,2,0,0,0,0,0.0001,0.0,0.0,true,false,S2-678502641,source2
S1-672287108,1,1,1,1,1,0.9797,0.0,0.9797,false,true,S2-802868502,source2
S1-672296545,1,0,0,0,0,0.0,0.0,0.0,true,false,S2-118091620,source2
S1-672312986,5,0,0,0,0,0.0001,0.0,0.0001,true,false,S2-542137183,source2
S1-672384753,3,0,0,0,0,0.0,0.0,0.0,true,false,S3-16078836,source3
S1-67240476,3,0,0,0,0,0.0001,0.0,0.0,true,false,S3-182611124,source3
S1-672461963,1,0,0,0,0,0.0,0.0,0.0,true,false,S2-840513052,source2
S1-672507212,7,0,0,0,0,0.0001,0.0,0.0001,true,false,S2-291112010,source2
S1-672619343,1,0,0,0,0,0.0,0.0,0.0,true,false,S2-128716923,source2
S1-672645607,3,1,1,1,1,0.997,0.0001,0.9969,false,true,S3-436899821,source3
S1-672714365,1,0,0,0,0,0.0001,0.0,0.0001,true,false,S3-983002420,source3
S1-672721059,33,0,0,0,0,0.0002,0.0,0.0002,true,false,S2-928435424,source2
S1-672819869,1,0,0,0,0,0.0,0.0,0.0,true,false,S3-426422485,source3
S1-672971396,2,0,0,0,0,0.0,0.0,0.0,true,false,S2-179926110,source2
S1-673043144,35,0,0,0,0,0.0,0.0,0.0,true,false,S2-75518285,source2
S1-673490958,1,0,0,0,0,0.0,0.0,0.0,true,false,S3-596591078,source3
S1-673783882,1,0,0,0,0,0.0,0.0,0.0,true,false,S2-878035982,source2
S1-674055153,7,0,0,0,0,0.0001,0.0001,0.0,true,false,S2-545940068,source2
S1-674068549,1,1,1,1,1,0.9991,0.0,0.9991,false,true,S2-71621081,source2
S1-674208702,58,0,0,0,0,0.0,0.0,0.0,true,false,S2-710506734,source2
S1-674251950,5,0,0,0,0,0.0001,0.0001,0.0,true,false,S3-849708458,source3
S1-674342834,5,0,0,0,0,0.0,0.0,0.0,true,false,S3-886756581,source3
S1-674423282,37,0,0,0,0,0.0001,0.0,0.0001,true,false,S3-562612118,source3
S1-674438455,81,0,0,0,0,0.0,0.0,0.0,true,false,S2-295450384,source2
S1-674489666,35,0,0,0,0,0.0,0.0,0.0,true,false,S2-261526984,source2
S1-674506431,6,0,0,0,0,0.0001,0.0,0.0,true,false,S2-57103345,source2
S1-674710194,3,0,0,0,0,0.0,0.0,0.0,true,false,S2-692660385,source2
S1-674728757,37,0,0,0,0,0.0,0.0,0.0,true,false,S3-194217140,source3
S1-674729074,1,0,0,0,0,0.0,0.0,0.0,true,false,S3-610374106,source3
S1-674804193,2,0,0,0,0,0.0001,0.0,0.0,true,false,S2-378867947,source2
S1-67493849,35,0,0,0,0,0.0,0.0,0.0,true,false,S2-827275925,source2
S1-674972522,2,0,0,0,0,0.0001,0.0,0.0001,true,false,S2-718869625,source2
S1-675298848,10,0,0,0,0,0.3984,0.0002,0.3982,true,false,S3-26712756,source3
S1-675305718,1,0,0,0,0,0.0,0.0,0.0,true,false,S2-256310308,source2
S1-675365039,2,0,0,0,0,0.0,0.0,0.0,true,false,S2-658050018,source2
S1-675508306,1,0,0,0,0,0.0,0.0,0.0,true,false,S2-345681318,source2
S1-675877105,1,0,0,0,0,0.0,0.0,0.0,true,false,S3-682484756,source3
S1-675924157,49,0,0,0,0,0.093,0.0002,0.0928,true,false,S2-804860148,source2
S1-675960846,1,0,0,0,0,0.0,0.0,0.0,true,false,S2-117672295,source2
S1-675974100,1,0,0,0,0,0.0,0.0,0.0,true,false,S2-38489442,source2
S1-675999733,2,0,0,0,0,0.0,0.0,0.0,true,false,S3-170790152,source3
S1-676294630,1,1,0,0,0,0.0199,0.0,0.0199,false,true,S2-124173627,source2
S1-676541429,54,1,1,1,1,0.9915,0.0002,0.9913,false,true,S2-305195258,source2
S1-676559541,58,0,0,0,0,0.0,0.0,0.0,true,false,S2-717077040,source2
S1-676648395,2,0,0,0,0,0.0022,0.0008,0.0014,true,false,S3-835249334,source3
S1-676682334,1,0,0,0,0,0.0,0.0,0.0,true,false,S3-603410948,source3
S1-676695208,1,0,0,0,0,0.0,0.0,0.0,true,false,S3-553426562,source3
S1-676713156,31,0,0,0,0,0.0001,0.0,0.0,true,false,S3-758094579,source3
S1-676739455,2,0,0,0,0,0.0,0.0,0.0,true,false,S2-976572610,source2
S1-676870931,1,0,0,0,0,0.1728,0.0,0.1728,true,false,S2-210978157,source2
S1-676887067,2,0,0,0,0,0.0,0.0,0.0,true,false,S3-617418104,source3
S1-677039333,1,0,0,0,0,0.0,0.0,0.0,true,false,S3-775207122,source3
S1-677157125,5,0,0,0,0,0.0006,0.0001,0.0005,true,false,S3-849708458,source3
S1-677174261,72,0,0,0,0,0.0175,0.0001,0.0175,true,false,S3-920375167,source3
S1-677237251,5,0,0,0,0,0.0001,0.0001,0.0,true,false,S3-608616565,source3
S1-677246247,2,0,0,0,0,0.0,0.0,0.0,true,false,S3-580325007,source3
S1-677296119,61,0,0,0,0,0.0,0.0,0.0,true,false,S2-421115291,source2
S1-677355989,1,0,0,0,0,0.0,0.0,0.0,true,false,S2-600785993,source2
S1-677712937,1,0,0,0,0,0.0,0.0,0.0,true,false,S2-128665002,source2
S1-677862240,2,0,0,0,0,0.0,0.0,0.0,true,false,S3-123144797,source3
S1-677914066,28,0,0,0,0,0.0,0.0,0.0,true,false,S3-582655813,source3
S1-677935786,1,0,0,0,0,0.0001,0.0,0.0001,true,false,S2-772123424,source2
S1-677953285,1,0,0,0,0,0.0,0.0,0.0,true,false,S3-69250872,source3
S1-678133875,72,0,0,0,0,0.0019,0.0001,0.0018,true,false,S2-86582856,source2
S1-678250778,1,1,1,1,1,0.9996,0.0,0.9996,false,true,S3-848695374,source3
S1-678291204,1,0,0,0,0,0.0,0.0,0.0,true,false,S3-650020371,source3
S1-678297700,33,0,0,0,0,0.0,0.0,0.0,true,false,S3-169632360,source3
S1-678348775,26,0,0,0,0,0.0,0.0,0.0,true,false,S3-227214906,source3
S1-678432639,40,0,0,0,0,0.0,0.0,0.0,true,false,S3-152972449,source3
S1-678646427,1,0,0,0,0,0.0,0.0,0.0,true,false,S3-469024238,source3
S1-678825885,4,0,0,0,0,0.0003,0.0001,0.0001,true,false,S3-360415883,source3
S1-678863564,1,0,0,0,0,0.0,0.0,0.0,true,false,S2-171940495,source2
S1-67904101,1,0,0,0,0,0.0,0.0,0.0,true,false,S3-991264593,source3
S1-679064084,3,1,1,1,1,0.9992,0.0001,0.9991,false,true,S2-715064227,source2
S1-67906928,1,0,0,0,0,0.0001,0.0,0.0001,true,false,S3-348918040,source3
S1-679084304,42,0,0,0,0,0.0,0.0,0.0,true,false,S3-177469391,source3
S1-679393126,22,0,0,0,0,0.0,0.0,0.0,true,false,S2-836643120,source2
S1-679491304,5,0,0,0,0,0.0,0.0,0.0,true,false,S3-125459295,source3
S1-67951851,43,0,0,0,0,0.0,0.0,0.0,true,false,S2-809519547,source2
S1-679818860,11,0,0,0,0,0.0001,0.0,0.0,true,false,S2-321635609,source2
S1-679952101,9,0,0,0,0,0.0,0.0,0.0,true,false,S2-546489139,source2
S1-680001404,1,0,0,0,0,0.0,0.0,0.0,true,false,S2-173484484,source2
S1-680002168,2,0,0,0,0,0.0,0.0,0.0,true,false,S2-935901900,source2
S1-680124546,6,0,0,0,0,0.0001,0.0,0.0001,true,false,S3-12915038,source3
S1-680231884,44,0,0,0,0,0.0,0.0,0.0,true,false,S2-471297458,source2
S1-680360053,6,0,0,0,0,0.0,0.0,0.0,true,false,S2-320313016,source2
S1-680506089,43,0,0,0,0,0.0,0.0,0.0,true,false,S3-614300694,source3
S1-680517437,1,0,0,0,0,0.5547,0.0,0.5547,true,false,S3-772254471,source3
S1-680585243,2,0,0,0,0,0.0,0.0,0.0,true,false,S3-347196515,source3
S1-680696648,33,0,0,0,0,0.0,0.0,0.0,true,false,S2-187227854,source2
S1-680767618,2,0,0,0,0,0.0,0.0,0.0,true,false,S3-510211064,source3
S1-680802703,1,1,0,0,0,0.2473,0.0,0.2473,false,true,S2-534906411,source2
S1-680837042,26,0,0,0,0,0.0,0.0,0.0,true,false,S3-518639121,source3
S1-680937376,1,0,0,0,0,0.0,0.0,0.0,true,false,S3-58137908,source3
S1-681080436,1,0,0,0,0,0.0001,0.0,0.0001,true,false,S3-693058916,source3
S1-681190342,1,0,0,0,0,0.1574,0.0,0.1574,true,false,S2-132796698,source2
S1-681326197,1,1,1,1,1,0.9938,0.0,0.9938,false,true,S3-828752691,source3
S1-681440307,11,0,0,0,0,0.0003,0.0,0.0002,true,false,S3-561428733,source3
S1-681544772,2,0,0,0,0,0.0,0.0,0.0,true,false,S2-81845902,source2
S1-681609211,3,0,0,0,0,0.0,0.0,0.0,true,false,S3-40507818,source3
S1-681668060,83,0,0,0,0,0.0001,0.0001,0.0001,true,false,S3-442281007,source3
S1-681701592,1,0,0,0,0,0.0,0.0,0.0,true,false,S3-68773878,source3
S1-68175642,1,1,1,1,1,0.9854,0.0,0.9854,false,true,S3-648681357,source3
S1-681814598,1,0,0,0,0,0.0001,0.0,0.0001,true,false,S3-531845075,source3
S1-681881093,1,0,0,0,0,0.0,0.0,0.0,true,false,S2-948116290,source2
S1-681949704,1,0,0,0,0,0.0,0.0,0.0,true,false,S3-41660515,source3
S1-681985492,27,0,0,0,0,0.0,0.0,0.0,true,false,S3-856405093,source3
S1-68201540,71,0,0,0,0,0.0,0.0,0.0,true,false,S2-595741625,source2
S1-682041645,40,0,0,0,0,0.0005,0.0,0.0005,true,false,S2-90119518,source2
S1-682073833,2,1,1,1,1,0.9997,0.0,0.9997,false,true,S3-474872956,source3
S1-682097721,26,0,0,0,0,0.0,0.0,0.0,true,false,S2-986841746,source2
S1-682461404,58,0,0,0,0,0.0,0.0,0.0,true,false,S3-580494386,source3
S1-682477366,37,0,0,0,0,0.0,0.0,0.0,true,false,S3-308860351,source3
S1-682480750,1,1,1,1,1,0.9993,0.0,0.9993,false,true,S2-729687486,source2
S1-682549577,4,0,0,0,0,0.0,0.0,0.0,true,false,S3-838296338,source3
S1-682591208,1,0,0,0,0,0.0,0.0,0.0,true,false,S2-14278997,source2
S1-682598479,1,0,0,0,0,0.0,0.0,0.0,true,false,S2-276147669,source2
S1-682669597,41,0,0,0,0,0.0,0.0,0.0,true,false,S3-683857915,source3
S1-682825529,1,1,1,1,1,0.9993,0.0,0.9993,false,true,S2-900825531,source2
S1-682883501,1,0,0,0,0,0.0,0.0,0.0,true,false,S2-540407658,source2
S1-68297229,1,0,0,0,0,0.0522,0.0,0.0522,true,false,S2-703515139,source2
S1-683069505,1,0,0,0,0,0.0,0.0,0.0,true,false,S2-327020197,source2
S1-683255416,1,0,0,0,0,0.0,0.0,0.0,true,false,S2-155952637,source2
S1-68327405,1,0,0,0,0,0.0001,0.0,0.0001,true,false,S3-254115737,source3
S1-683277802,28,0,0,0,0,0.0002,0.0001,0.0001,true,false,S2-69571625,source2
S1-68334966,2,0,0,0,0,0.048,0.0,0.048,true,false,S2-137354196,source2
S1-683400767,2,0,0,0,0,0.0001,0.0,0.0,true,false,S2-995237567,source2
S1-683488649,32,0,0,0,0,0.0,0.0,0.0,true,false,S3-627362615,source3
S1-683530987,6,0,0,0,0,0.0124,0.0,0.0124,true,false,S3-124271680,source3
S1-683646351,3,0,0,0,0,0.0,0.0,0.0,true,false,S2-159679202,source2
S1-683741364,2,0,0,0,0,0.0001,0.0,0.0,true,false,S3-96144896,source3
S1-683887892,2,0,0,0,0,0.0,0.0,0.0,true,false,S3-197731862,source3
S1-683946842,37,0,0,0,0,0.0001,0.0,0.0001,true,false,S2-816555319,source2
S1-683996760,1,0,0,0,0,0.0,0.0,0.0,true,false,S3-105011573,source3
S1-684146674,37,0,0,0,0,0.0,0.0,0.0,true,false,S3-690488965,source3
S1-684205378,9,0,0,0,0,0.0,0.0,0.0,true,false,S3-568932165,source3
S1-684460528,1,0,0,0,0,0.0,0.0,0.0,true,false,S3-319537784,source3
S1-684484759,73,0,0,0,0,0.0271,0.0002,0.0269,true,false,S2-502169508,source2
S1-684532398,27,0,0,0,0,0.0,0.0,0.0,true,false,S3-309039978,source3
S1-68456921,36,1,1,0,0,0.8761,0.0,0.8761,false,true,S3-739042432,source3
S1-684624531,45,0,0,0,0,0.0,0.0,0.0,true,false,S2-852760032,source2
S1-684656443,57,0,0,0,0,0.0,0.0,0.0,true,false,S3-942277224,source3
S1-684675824,1,0,0,0,0,0.0001,0.0,0.0001,true,false,S3-376054066,source3
S1-684789860,2,0,0,0,0,0.0,0.0,0.0,true,false,S3-356203149,source3
S1-685012793,1,0,0,0,0,0.0,0.0,0.0,true,false,S2-518886617,source2
S1-685350597,1,0,0,0,0,0.0,0.0,0.0,true,false,S3-936824366,source3
S1-685864585,4,0,0,0,0,0.0,0.0,0.0,true,false,S3-931384350,source3
S1-685878743,37,0,0,0,0,0.0,0.0,0.0,true,false,S2-265951472,source2
S1-68587997,21,0,0,0,0,0.0004,0.0002,0.0002,true,false,S3-303266083,source3
S1-686104161,2,1,0,0,0,0.5633,0.0,0.5633,false,true,S2-21794839,source2
S1-686128990,13,0,0,0,0,0.1985,0.0001,0.1983,true,false,S3-256805913,source3
S1-686262578,29,0,0,0,0,0.0,0.0,0.0,true,false,S2-319104076,source2
S1-686270780,1,0,0,0,0,0.0,0.0,0.0,true,false,S2-172509484,source2
S1-686329764,2,0,0,0,0,0.0,0.0,0.0,true,false,S3-507065891,source3
S1-68637023,10,0,0,0,0,0.0,0.0,0.0,true,false,S3-692396339,source3
S1-686380976,1,0,0,0,0,0.0,0.0,0.0,true,false,S2-742802833,source2
S1-68642168,37,0,0,0,0,0.0,0.0,0.0,true,false,S3-552665147,source3
S1-686588081,2,0,0,0,0,0.0,0.0,0.0,true,false,S3-749087497,source3
S1-686610815,1,0,0,0,0,0.0001,0.0,0.0001,true,false,S3-608365332,source3
S1-686749094,34,0,0,0,0,0.0,0.0,0.0,true,false,S2-762335042,source2
S1-686822721,1,0,0,0,0,0.0003,0.0,0.0003,true,false,S2-198163085,source2
S1-68688729,2,0,0,0,0,0.002,0.0,0.002,true,false,S2-640440140,source2
S1-686908329,1,0,0,0,0,0.0,0.0,0.0,true,false,S3-10037767,source3
S1-686945981,1,0,0,0,0,0.0001,0.0,0.0001,true,false,S2-102137208,source2
S1-687019538,36,0,0,0,0,0.0,0.0,0.0,true,false,S2-541975952,source2
S1-68705154,48,0,0,0,0,0.0,0.0,0.0,true,false,S2-81845902,source2
S1-687058521,1,0,0,0,0,0.0,0.0,0.0,true,false,S3-506631453,source3
S1-687117546,40,0,0,0,0,0.0,0.0,0.0,true,false,S3-972337018,source3
S1-687347753,30,0,0,0,0,0.0,0.0,0.0,true,false,S2-460064158,source2
S1-687440420,1,0,0,0,0,0.0,0.0,0.0,true,false,S3-259311089,source3
S1-687623609,1,0,0,0,0,0.0,0.0,0.0,true,false,S3-788282072,source3
S1-687660822,3,0,0,0,0,0.0,0.0,0.0,true,false,S3-596111180,source3
S1-687794903,11,0,0,0,0,0.0,0.0,0.0,true,false,S2-661460346,source2
S1-687934316,6,0,0,0,0,0.0001,0.0001,0.0001,true,false,S2-642318176,source2
S1-687939454,1,0,0,0,0,0.0,0.0,0.0,true,false,S3-285367611,source3
S1-687973023,67,0,0,0,0,0.0,0.0,0.0,true,false,S3-149069639,source3
S1-687982489,3,0,0,0,0,0.0001,0.0001,0.0,true,false,S2-419509015,source2
S1-688190448,10,0,0,0,0,0.0001,0.0001,0.0,true,false,S3-704036218,source3
S1-688256745,1,0,0,0,0,0.2188,0.0,0.2188,true,false,S2-523821170,source2
S1-688381069,4,0,0,0,0,0.0,0.0,0.0,true,false,S2-300352086,source2
S1-688407543,31,0,0,0,0,0.0002,0.0,0.0002,true,false,S2-371200780,source2
S1-688410303,9,0,0,0,0,0.3098,0.0001,0.3097,true,false,S2-100025125,source2
S1-68845784,1,0,0,0,0,0.0,0.0,0.0,true,false,S2-475820176,source2
S1-688482867,2,0,0,0,0,0.0,0.0,0.0,true,false,S2-327412253,source2
S1-688608420,7,0,0,0,0,0.0155,0.0001,0.0154,true,false,S2-713198548,source2
S1-688699243,1,0,0,0,0,0.0,0.0,0.0,true,false,S2-962727299,source2
S1-689019362,1,0,0,0,0,0.0001,0.0,0.0001,true,false,S3-131147677,source3
S1-689048064,1,0,0,0,0,0.0002,0.0,0.0002,true,false,S2-693256682,source2
S1-689129305,1,0,0,0,0,0.0397,0.0,0.0397,true,false,S3-272319076,source3
S1-689153292,2,0,0,0,0,0.0,0.0,0.0,true,false,S2-523546751,source2
S1-689234811,1,0,0,0,0,0.0,0.0,0.0,true,false,S3-152972449,source3
S1-689267280,3,0,0,0,0,0.0,0.0,0.0,true,false,S2-23811586,source2
S1-689365375,43,0,0,0,0,0.0001,0.0,0.0001,true,false,S3-289122806,source3
S1-689597159,1,0,0,0,0,0.0,0.0,0.0,true,false,S2-361061577,source2
S1-689773703,9,0,0,0,0,0.0001,0.0001,0.0001,true,false,S2-810515102,source2
S1-689888015,1,1,1,1,1,0.9993,0.0,0.9993,false,true,S2-993453808,source2
S1-689908278,1,0,0,0,0,0.0032,0.0,0.0032,true,false,S3-356328247,source3
S1-689927942,2,0,0,0,0,0.0,0.0,0.0,true,false,S2-638798165,source2
S1-689977390,1,0,0,0,0,0.0,0.0,0.0,true,false,S2-906367384,source2
S1-690090355,83,0,0,0,0,0.0001,0.0,0.0001,true,false,S2-537422507,source2
S1-690133861,1,0,0,0,0,0.0,0.0,0.0,true,false,S3-827366360,source3
S1-690162425,175,0,0,0,0,0.0001,0.0001,0.0,true,false,S3-236165215,source3
S1-690202970,1,0,0,0,0,0.0,0.0,0.0,true,false,S3-843092068,source3
S1-690338742,30,0,0,0,0,0.0,0.0,0.0,true,false,S3-830392900,source3
S1-690898233,1,0,0,0,0,0.0,0.0,0.0,true,false,S2-242402298,source2
S1-690921675,31,0,0,0,0,0.0003,0.0,0.0002,true,false,S3-468972948,source3
S1-691084065,1,1,1,1,1,0.9975,0.0,0.9975,false,true,S2-179594001,source2
S1-691169999,1,0,0,0,0,0.0,0.0,0.0,true,false,S2-614640857,source2
S1-691192134,1,0,0,0,0,0.0,0.0,0.0,true,false,S2-249467659,source2
S1-691478889,1,0,0,0,0,0.0,0.0,0.0,true,false,S3-312991064,source3
S1-691565855,3,0,0,0,0,0.0,0.0,0.0,true,false,S3-864865049,source3
S1-691584189,3,0,0,0,0,0.0,0.0,0.0,true,false,S3-174782507,source3
S1-691643193,1,1,1,1,1,0.9993,0.0,0.9993,false,true,S2-59306068,source2
S1-691669966,2,0,0,0,0,0.0,0.0,0.0,true,false,S3-598990429,source3
S1-691697775,38,0,0,0,0,0.0,0.0,0.0,true,false,S2-329181301,source2
S1-691706332,12,0,0,0,0,0.0001,0.0,0.0001,true,false,S3-59656552,source3
S1-691741852,2,0,0,0,0,0.0001,0.0,0.0001,true,false,S2-130169675,source2
S1-691841565,6,0,0,0,0,0.0,0.0,0.0,true,false,S3-113153202,source3
S1-691845,1,0,0,0,0,0.0001,0.0,0.0001,true,false,S3-802473872,source3
S1-691890832,2,0,0,0,0,0.0,0.0,0.0,true,false,S2-702429792,source2
S1-691985038,1,0,0,0,0,0.0,0.0,0.0,true,false,S2-495843379,source2
S1-692096873,13,0,0,0,0,0.0,0.0,0.0,true,false,S3-55074478,source3
S1-692127788,42,0,0,0,0,0.0,0.0,0.0,true,false,S3-765341481,source3
S1-692361226,72,0,0,0,0,0.0004,0.0,0.0003,true,false,S2-216233158,source2
S1-692545392,49,0,0,0,0,0.0,0.0,0.0,true,false,S3-969479300,source3
S1-692594454,41,0,0,0,0,0.0,0.0,0.0,true,false,S2-119438150,source2
S1-69267694,1,1,1,1,1,0.9997,0.0,0.9997,false,true,S2-653206496,source2
S1-692905346,3,1,1,1,1,0.9618,0.0,0.9618,false,true,S2-933774764,source2
S1-693085411,3,0,0,0,0,0.0,0.0,0.0,true,false,S3-914037785,source3
S1-693132347,1,0,0,0,0,0.0,0.0,0.0,true,false,S3-114530014,source3
S1-693154681,2,1,1,1,1,0.9992,0.0,0.9992,false,true,S2-680323770,source2
S1-693177353,3,0,0,0,0,0.0285,0.0261,0.0024,true,false,S3-561013713,source3
S1-693518378,1,0,0,0,0,0.0,0.0,0.0,true,false,S2-558810485,source2
S1-693616794,1,0,0,0,0,0.0,0.0,0.0,true,false,S2-17518111,source2
S1-693679725,83,1,0,0,0,0.1911,0.0001,0.191,false,true,S3-987018544,source3
S1-69371633,2,0,0,0,0,0.0,0.0,0.0,true,false,S2-512020087,source2
S1-69397808,3,0,0,0,0,0.0,0.0,0.0,true,false,S3-996381868,source3
S1-694085192,3,0,0,0,0,0.0,0.0,0.0,true,false,S3-38487246,source3
S1-694106476,1,0,0,0,0,0.0,0.0,0.0,true,false,S2-699380075,source2
S1-694107007,12,0,0,0,0,0.0003,0.0002,0.0,true,false,S3-597328319,source3
S1-694137400,3,0,0,0,0,0.0001,0.0,0.0001,true,false,S3-134823859,source3
S1-694290463,3,0,0,0,0,0.0001,0.0001,0.0001,true,false,S2-416625657,source2
S1-694473635,1,0,0,0,0,0.0,0.0,0.0,true,false,S3-353342528,source3
S1-694495925,18,0,0,0,0,0.0,0.0,0.0,true,false,S3-145457240,source3
S1-69461323,58,0,0,0,0,0.0,0.0,0.0,true,false,S3-666110895,source3
S1-694624133,39,0,0,0,0,0.0,0.0,0.0,true,false,S3-9900577,source3
S1-694682934,51,0,0,0,0,0.0,0.0,0.0,true,false,S3-269267594,source3
S1-694707517,1,0,0,0,0,0.0004,0.0,0.0004,true,false,S2-844263640,source2
S1-694972695,1,0,0,0,0,0.0,0.0,0.0,true,false,S2-398678560,source2
S1-694979060,46,0,0,0,0,0.0,0.0,0.0,true,false,S3-750054452,source3
S1-695007458,11,0,0,0,0,0.0,0.0,0.0,true,false,S3-66751718,source3
S1-695010546,5,0,0,0,0,0.0001,0.0,0.0001,true,false,S2-963162395,source2
S1-695144304,1,1,0,0,0,0.7417,0.0,0.7417,false,true,S2-84905579,source2
S1-695351720,2,0,0,0,0,0.0,0.0,0.0,true,false,S3-77218601,source3
S1-69549456,1,1,1,1,1,0.9896,0.0,0.9896,false,true,S3-531161998,source3
S1-695551699,36,0,0,0,0,0.0014,0.0002,0.0012,true,false,S3-250750724,source3
S1-695634282,3,0,0,0,0,0.0013,0.0003,0.0011,true,false,S2-131899197,source2
S1-6956394,33,0,0,0,0,0.0,0.0,0.0,true,false,S3-857402779,source3
S1-695755556,57,0,0,0,0,0.0,0.0,0.0,true,false,S3-419447747,source3
S1-695757770,2,0,0,0,0,0.0,0.0,0.0,true,false,S2-441341822,source2
S1-695878529,3,0,0,0,0,0.0,0.0,0.0,true,false,S2-933789693,source2
S1-695917325,11,0,0,0,0,0.0001,0.0001,0.0,true,false,S2-809576294,source2
S1-696143557,44,0,0,0,0,0.0,0.0,0.0,true,false,S2-88773721,source2
S1-696144734,2,0,0,0,0,0.0,0.0,0.0,true,false,S3-396910619,source3
S1-696416547,3,0,0,0,0,0.0,0.0,0.0,true,false,S2-179368974,source2
S1-696454209,1,0,0,0,0,0.0,0.0,0.0,true,false,S3-669674866,source3
S1-696636564,3,0,0,0,0,0.0118,0.0,0.0118,true,false,S3-698704990,source3
S1-696721532,1,0,0,0,0,0.0,0.0,0.0,true,false,S3-487142786,source3
S1-696914569,3,0,0,0,0,0.0001,0.0,0.0,true,false,S2-446844245,source2
S1-696968942,74,0,0,0,0,0.0009,0.0001,0.0008,true,false,S2-638436732,source2
S1-696974171,1,0,0,0,0,0.0,0.0,0.0,true,false,S3-344851718,source3
S1-697155455,1,0,0,0,0,0.0,0.0,0.0,true,false,S3-341671709,source3
S1-697204762,41,0,0,0,0,0.0,0.0,0.0,true,false,S2-650477073,source2
S1-697397363,5,0,0,0,0,0.0,0.0,0.0,true,false,S3-441697244,source3
S1-697554505,113,0,0,0,0,0.0,0.0,0.0,true,false,S3-344183576,source3
S1-69764175,2,0,0,0,0,0.0,0.0,0.0,true,false,S2-607639863,source2
S1-697766149,1,0,0,0,0,0.0,0.0,0.0,true,false,S2-907215253,source2
S1-697798266,1,0,0,0,0,0.0,0.0,0.0,true,false,S3-706621537,source3
S1-697822440,2,0,0,0,0,0.0,0.0,0.0,true,false,S2-263331638,source2
S1-698137266,1,1,1,1,1,0.9778,0.0,0.9778,false,true,S3-467667554,source3
S1-698199437,1,0,0,0,0,0.0,0.0,0.0,true,false,S3-695191524,source3
S1-698577130,39,0,0,0,0,0.0,0.0,0.0,true,false,S2-318911225,source2
S1-69869810,4,0,0,0,0,0.1649,0.0001,0.1648,true,false,S2-754430630,source2
S1-698774268,44,0,0,0,0,0.0001,0.0,0.0,true,false,S2-882188905,source2
S1-698775259,4,0,0,0,0,0.0,0.0,0.0,true,false,S2-35021649,source2
S1-699264175,2,0,0,0,0,0.0372,0.0,0.0372,true,false,S3-46672214,source3
S1-699268053,3,0,0,0,0,0.1253,0.0002,0.1252,true,false,S2-431631215,source2
S1-699279080,1,0,0,0,0,0.0,0.0,0.0,true,false,S2-746631402,source2
S1-699296066,3,0,0,0,0,0.1948,0.0001,0.1947,true,false,S2-957766421,source2
S1-699571672,1,0,0,0,0,0.0,0.0,0.0,true,false,S3-644934779,source3
S1-699602090,3,0,0,0,0,0.0,0.0,0.0,true,false,S2-895140544,source2
S1-699646283,29,1,1,1,1,0.9979,0.0002,0.9977,false,true,S2-758711055,source2
S1-699759333,2,0,0,0,0,0.0,0.0,0.0,true,false,S3-875260970,source3
S1-699901573,3,0,0,0,0,0.0,0.0,0.0,true,false,S2-654797509,source2
S1-700047355,8,0,0,0,0,0.0,0.0,0.0,true,false,S2-874748213,source2
S1-700293165,1,0,0,0,0,0.0,0.0,0.0,true,false,S2-351300255,source2
S1-700327545,4,0,0,0,0,0.0001,0.0,0.0001,true,false,S3-431992159,source3
S1-700407993,58,0,0,0,0,0.0,0.0,0.0,true,false,S3-504425731,source3
S1-700444937,1,0,0,0,0,0.0195,0.0,0.0195,true,false,S2-31737486,source2
S1-700522734,3,0,0,0,0,0.0,0.0,0.0,true,false,S3-977162582,source3
S1-700602814,1,0,0,0,0,0.0,0.0,0.0,true,false,S3-418462731,source3
S1-700619039,1,0,0,0,0,0.0,0.0,0.0,true,false,S3-979525287,source3
S1-701003373,1,0,0,0,0,0.0,0.0,0.0,true,false,S3-840371185,source3
S1-701406091,36,0,0,0,0,0.0,0.0,0.0,true,false,S2-381528653,source2
S1-701856729,5,0,0,0,0,0.0,0.0,0.0,true,false,S2-327597967,source2
S1-701984245,2,0,0,0,0,0.0,0.0,0.0,true,false,S2-549507007,source2
S1-702054907,58,0,0,0,0,0.0,0.0,0.0,true,false,S2-726761613,source2
S1-702151226,37,0,0,0,0,0.0,0.0,0.0,true,false,S2-323004664,source2
S1-702288542,21,0,0,0,0,0.0001,0.0,0.0001,true,false,S3-303266083,source3
S1-702376260,2,0,0,0,0,0.0,0.0,0.0,true,false,S3-815104223,source3
S1-702492919,1,0,0,0,0,0.0002,0.0,0.0002,true,false,S3-429937583,source3
S1-702780135,74,0,0,0,0,0.0007,0.0003,0.0004,true,false,S3-807892069,source3
S1-702812433,1,0,0,0,0,0.0,0.0,0.0,true,false,S2-243138095,source2
S1-702853982,2,0,0,0,0,0.0,0.0,0.0,true,false,S3-83085059,source3
S1-70309571,4,0,0,0,0,0.0,0.0,0.0,true,false,S3-999531695,source3
S1-703200453,1,0,0,0,0,0.0,0.0,0.0,true,false,S2-633941400,source2
S1-703289825,2,0,0,0,0,0.0,0.0,0.0,true,false,S2-262737538,source2
S1-703462799,1,0,0,0,0,0.0,0.0,0.0,true,false,S3-108671328,source3
S1-703463173,4,0,0,0,0,0.0,0.0,0.0,true,false,S3-574711844,source3
S1-703544009,16,1,1,1,1,0.9977,0.0001,0.9976,false,true,S3-973364445,source3
S1-70356854,1,0,0,0,0,0.0,0.0,0.0,true,false,S3-939639201,source3
S1-703613194,1,0,0,0,0,0.0,0.0,0.0,true,false,S3-786220275,source3
S1-703703543,1,0,0,0,0,0.0,0.0,0.0,true,false,S2-263916092,source2
S1-704004628,3,0,0,0,0,0.0,0.0,0.0,true,false,S2-680625322,source2
S1-704206413,3,0,0,0,0,0.0,0.0,0.0,true,false,S2-964371214,source2
S1-704367608,4,0,0,0,0,0.0,0.0,0.0,true,false,S3-253684004,source3
S1-704460377,1,0,0,0,0,0.0009,0.0,0.0009,true,false,S2-879773106,source2
S1-704479363,3,0,0,0,0,0.0,0.0,0.0,true,false,S2-821383594,source2
S1-704589402,1,0,0,0,0,0.0134,0.0,0.0134,true,false,S2-185427778,source2
S1-704618135,6,0,0,0,0,0.0003,0.0001,0.0002,true,false,S3-363522894,source3
S1-705011596,1,0,0,0,0,0.7116,0.0,0.7116,true,false,S3-788248248,source3
S1-705187405,2,0,0,0,0,0.0218,0.0,0.0217,true,false,S3-196226302,source3
S1-705255683,3,0,0,0,0,0.0,0.0,0.0,true,false,S3-8593064,source3
S1-705303802,24,0,0,0,0,0.0,0.0,0.0,true,false,S3-637842781,source3
S1-705393454,1,0,0,0,0,0.0,0.0,0.0,true,false,S3-807713416,source3
S1-705440875,33,0,0,0,0,0.0,0.0,0.0,true,false,S2-598068208,source2
S1-705467901,1,1,0,0,0,0.0015,0.0,0.0015,false,true,S3-86479312,source3
S1-705476736,3,0,0,0,0,0.0002,0.0,0.0001,true,false,S2-744719382,source2
S1-705572320,54,0,0,0,0,0.0007,0.0001,0.0006,true,false,S2-916708118,source2
S1-705759195,4,0,0,0,0,0.0001,0.0,0.0001,true,false,S3-692972984,source3
S1-705778030,1,0,0,0,0,0.0,0.0,0.0,true,false,S3-484589045,source3
S1-705866713,3,0,0,0,0,0.0,0.0,0.0,true,false,S2-110010593,source2
S1-705978737,1,0,0,0,0,0.0,0.0,0.0,true,false,S3-490568305,source3
S1-706052804,1,0,0,0,0,0.0,0.0,0.0,true,false,S2-365421986,source2
S1-706096080,2,0,0,0,0,0.0,0.0,0.0,true,false,S3-702961294,source3
S1-706132959,2,0,0,0,0,0.0001,0.0,0.0,true,false,S2-911676239,source2
S1-706142634,3,0,0,0,0,0.0,0.0,0.0,true,false,S2-479410496,source2
S1-706514314,2,0,0,0,0,0.0,0.0,0.0,true,false,S2-549934801,source2
S1-706520514,50,0,0,0,0,0.0,0.0,0.0,true,false,S2-890109648,source2
S1-706557560,1,0,0,0,0,0.0,0.0,0.0,true,false,S3-211843256,source3
S1-706559967,2,0,0,0,0,0.0006,0.0001,0.0005,true,false,S3-313294780,source3
S1-706591875,4,1,0,0,0,0.0845,0.0001,0.0844,false,true,S2-811072158,source2
S1-706602994,1,0,0,0,0,0.0,0.0,0.0,true,false,S3-451340681,source3
S1-706636624,2,1,1,1,0,0.9314,0.0,0.9314,false,true,S3-624704369,source3
S1-706701389,3,0,0,0,0,0.0002,0.0,0.0002,true,false,S3-295674306,source3
S1-706817236,9,0,0,0,0,0.0,0.0,0.0,true,false,S3-31778419,source3
S1-706921927,47,0,0,0,0,0.0,0.0,0.0,true,false,S3-643019951,source3
S1-706944772,3,0,0,0,0,0.0001,0.0001,0.0,true,false,S3-120782572,source3
S1-707017345,1,0,0,0,0,0.0,0.0,0.0,true,false,S3-837401488,source3
S1-707083509,17,0,0,0,0,0.0008,0.0001,0.0008,true,false,S3-990707716,source3
S1-707376195,31,0,0,0,0,0.0,0.0,0.0,true,false,S3-187809822,source3
S1-707414857,1,0,0,0,0,0.0,0.0,0.0,true,false,S3-919817931,source3
S1-707465178,4,0,0,0,0,0.0,0.0,0.0,true,false,S2-354806091,source2
S1-70746778,1,0,0,0,0,0.0,0.0,0.0,true,false,S3-688492011,source3
S1-707470669,28,0,0,0,0,0.0,0.0,0.0,true,false,S3-283611851,source3
S1-707809685,3,0,0,0,0,0.0,0.0,0.0,true,false,S2-531223664,source2
S1-708163208,1,0,0,0,0,0.0,0.0,0.0,true,false,S2-137817617,source2
S1-708575244,1,1,0,0,0,0.4899,0.0,0.4899,false,true,S3-760365275,source3
S1-708679840,69,1,0,0,0,0.7047,0.0001,0.7046,false,true,S3-850428491,source3
S1-70877991,11,0,0,0,0,0.0001,0.0,0.0001,true,false,S3-141506690,source3
S1-708796012,11,0,0,0,0,0.0,0.0,0.0,true,false,S3-245362729,source3
S1-70883888,1,0,0,0,0,0.0,0.0,0.0,true,false,S3-693682726,source3
S1-708947637,2,0,0,0,0,0.0,0.0,0.0,true,false,S3-49424727,source3
S1-709044544,73,0,0,0,0,0.0005,0.0001,0.0004,true,false,S2-588940457,source2
S1-709074730,38,0,0,0,0,0.0,0.0,0.0,true,false,S3-239173617,source3
S1-709141729,1,0,0,0,0,0.0001,0.0,0.0001,true,false,S3-72487583,source3
S1-709206753,2,0,0,0,0,0.0,0.0,0.0,true,false,S3-523319288,source3
S1-709383679,1,1,1,1,1,0.9926,0.0,0.9926,false,true,S2-339408538,source2
S1-709588917,33,0,0,0,0,0.0,0.0,0.0,true,false,S2-579445086,source2
S1-709699522,2,0,0,0,0,0.0,0.0,0.0,true,false,S3-306707562,source3
S1-709719801,4,1,1,1,1,0.9932,0.0001,0.9931,false,true,S3-422060801,source3
S1-709742992,4,0,0,0,0,0.0007,0.0006,0.0001,true,false,S2-490736028,source2
S1-709860935,31,0,0,0,0,0.0001,0.0001,0.0,true,false,S2-655316441,source2
S1-709949332,1,1,1,1,1,0.9989,0.0,0.9989,false,true,S2-662628861,source2
S1-709970326,1,0,0,0,0,0.0,0.0,0.0,true,false,S3-88152024,source3
S1-709997257,3,0,0,0,0,0.0,0.0,0.0,true,false,S2-359416566,source2
S1-710109233,5,0,0,0,0,0.0001,0.0001,0.0,true,false,S3-481339929,source3
S1-71011206,1,0,0,0,0,0.0,0.0,0.0,true,false,S3-366651111,source3
S1-710370989,1,0,0,0,0,0.0,0.0,0.0,true,false,S3-554376645,source3
S1-710381198,52,0,0,0,0,0.0,0.0,0.0,true,false,S3-126866285,source3
S1-710397969,41,0,0,0,0,0.0,0.0,0.0,true,false,S3-95314190,source3
S1-710456891,36,0,0,0,0,0.0,0.0,0.0,true,false,S3-303859822,source3
S1-710550216,1,1,1,1,1,0.9965,0.0,0.9965,false,true,S2-785504608,source2
S1-71057655,1,0,0,0,0,0.0,0.0,0.0,true,false,S3-568282934,source3
S1-710640292,1,0,0,0,0,0.0,0.0,0.0,true,false,S3-962806873,source3
S1-710883231,58,0,0,0,0,0.0,0.0,0.0,true,false,S3-71700924,source3
S1-71090905,43,0,0,0,0,0.0001,0.0,0.0001,true,false,S2-489702903,source2
S1-710911289,2,0,0,0,0,0.0,0.0,0.0,true,false,S2-702172002,source2
S1-710958078,1,1,0,0,0,0.4751,0.0,0.4751,false,true,S2-546286696,source2
S1-710958365,37,0,0,0,0,0.0,0.0,0.0,true,false,S2-295909711,source2
S1-711149797,66,0,0,0,0,0.0,0.0,0.0,true,false,S3-804607051,source3
S1-711267459,1,0,0,0,0,0.0,0.0,0.0,true,false,S2-332384518,source2
S1-711355756,1,0,0,0,0,0.0,0.0,0.0,true,false,S2-91252506,source2
S1-71172417,2,0,0,0,0,0.0001,0.0,0.0001,true,false,S2-909408045,source2
S1-711943718,1,0,0,0,0,0.0,0.0,0.0,true,false,S3-108377423,source3
S1-712144635,19,0,0,0,0,0.0001,0.0001,0.0,true,false,S2-878352124,source2
S1-712200425,2,0,0,0,0,0.0001,0.0001,0.0,true,false,S2-293954065,source2
S1-71265566,26,0,0,0,0,0.0,0.0,0.0,true,false,S3-793622559,source3
S1-712670630,1,0,0,0,0,0.0,0.0,0.0,true,false,S2-172597897,source2
S1-712689085,4,0,0,0,0,0.0,0.0,0.0,true,false,S2-107093321,source2
S1-712775975,2,1,1,1,1,0.9946,0.0,0.9946,false,true,S2-503048625,source2
S1-712854542,1,0,0,0,0,0.0,0.0,0.0,true,false,S3-472065261,source3
S1-712888987,1,0,0,0,0,0.0,0.0,0.0,true,false,S2-185623974,source2
S1-712898583,26,0,0,0,0,0.0,0.0,0.0,true,false,S3-793622559,source3
S1-71291581,1,0,0,0,0,0.0,0.0,0.0,true,false,S2-386125480,source2
S1-713009011,83,0,0,0,0,0.0433,0.0002,0.043,true,false,S2-888873504,source2
S1-713108778,2,1,1,1,1,0.9673,0.2557,0.7115,false,true,S2-766303465,source2
S1-713264352,53,0,0,0,0,0.0,0.0,0.0,true,false,S2-621153347,source2
S1-713272003,35,0,0,0,0,0.0203,0.0131,0.0073,true,false,S2-192926861,source2
S1-71331843,5,0,0,0,0,0.0667,0.0,0.0666,true,false,S3-607768379,source3
S1-713585735,51,0,0,0,0,0.0,0.0,0.0,true,false,S2-319538868,source2
S1-713812678,4,0,0,0,0,0.0,0.0,0.0,true,false,S3-859490877,source3
S1-713828415,1,0,0,0,0,0.0,0.0,0.0,true,false,S3-400843545,source3
S1-71384152,1,0,0,0,0,0.0,0.0,0.0,true,false,S2-734208003,source2
S1-713886955,1,0,0,0,0,0.0,0.0,0.0,true,false,S3-79743525,source3
S1-713955266,2,1,1,1,1,0.9995,0.0001,0.9994,false,true,S2-29216193,source2
S1-713966229,1,0,0,0,0,0.0,0.0,0.0,true,false,S3-358744532,source3
S1-713996832,1,0,0,0,0,0.0,0.0,0.0,true,false,S2-496733990,source2
S1-714264671,1,0,0,0,0,0.0,0.0,0.0,true,false,S3-945192561,source3
S1-714293275,52,0,0,0,0,0.0001,0.0,0.0,true,false,S2-9252799,source2
S1-714374058,1,0,0,0,0,0.0002,0.0,0.0002,true,false,S2-343240591,source2
S1-714498875,1,0,0,0,0,0.1434,0.0,0.1434,true,false,S2-182997549,source2
S1-714532875,1,0,0,0,0,0.0,0.0,0.0,true,false,S3-152784422,source3
S1-714586445,2,0,0,0,0,0.0,0.0,0.0,true,false,S2-3280462,source2
S1-714663721,3,0,0,0,0,0.0,0.0,0.0,true,false,S2-2667395,source2
S1-714729917,1,1,1,1,1,0.9972,0.0,0.9972,false,true,S2-286881176,source2
S1-714753773,3,0,0,0,0,0.0001,0.0,0.0001,true,false,S3-672620768,source3
S1-714840452,1,0,0,0,0,0.0,0.0,0.0,true,false,S2-922225643,source2
S1-715123593,7,0,0,0,0,0.0001,0.0001,0.0,true,false,S2-95075982,source2
S1-715156488,33,0,0,0,0,0.0,0.0,0.0,true,false,S2-551513992,source2
S1-715233895,57,0,0,0,0,0.093,0.0,0.093,true,false,S2-53431024,source2
S1-715287026,1,0,0,0,0,0.0,0.0,0.0,true,false,S3-425045259,source3
S1-715319685,1,0,0,0,0,0.0,0.0,0.0,true,false,S3-35239032,source3
S1-715402493,1,0,0,0,0,0.0,0.0,0.0,true,false,S3-418137851,source3
S1-715427232,1,0,0,0,0,0.0001,0.0,0.0001,true,false,S2-853612106,source2
S1-715657190,1,0,0,0,0,0.0,0.0,0.0,true,false,S3-868259922,source3
S1-715767637,2,0,0,0,0,0.0,0.0,0.0,true,false,S2-204289763,source2
S1-715855842,1,0,0,0,0,0.0,0.0,0.0,true,false,S3-181500291,source3
S1-715867665,57,0,0,0,0,0.0,0.0,0.0,true,false,S3-419447747,source3
S1-715971043,30,0,0,0,0,0.0,0.0,0.0,true,false,S2-130556167,source2
S1-716053494,5,0,0,0,0,0.0001,0.0,0.0001,true,false,S2-59761546,source2
S1-716114169,1,0,0,0,0,0.0652,0.0,0.0652,true,false,S3-986738936,source3
S1-716162798,2,0,1,1,1,0.9958,0.0,0.9958,true,false,S2-98234472,source2
S1-716302868,2,0,0,0,0,0.0,0.0,0.0,true,false,S2-81084363,source2
S1-71656643,36,0,0,0,0,0.0,0.0,0.0,true,false,S3-931855762,source3
S1-71665985,2,0,0,0,0,0.0067,0.0,0.0067,true,false,S3-761767957,source3
S1-716750121,1,1,0,0,0,0.1773,0.0,0.1773,false,true,S3-706770739,source3
S1-716797475,43,0,0,0,0,0.0,0.0,0.0,true,false,S3-185808197,source3
S1-716799579,3,0,0,0,0,0.0001,0.0,0.0001,true,false,S3-476017452,source3
S1-717284335,30,0,0,0,0,0.0,0.0,0.0,true,false,S3-172089780,source3
S1-71729073,25,0,0,0,0,0.0001,0.0,0.0,true,false,S3-88068278,source3
S1-717429105,2,0,0,0,0,0.0004,0.0,0.0004,true,false,S2-156145640,source2
S1-717434045,1,0,0,0,0,0.0,0.0,0.0,true,false,S3-856537962,source3
S1-71752744,1,0,0,0,0,0.0,0.0,0.0,true,false,S3-329522690,source3
S1-717576357,1,0,0,0,0,0.0,0.0,0.0,true,false,S3-826789959,source3
S1-7176312,39,0,0,0,0,0.0003,0.0001,0.0002,true,false,S2-713055989,source2
S1-717996090,1,0,0,0,0,0.0,0.0,0.0,true,false,S3-941184208,source3
S1-718026209,8,0,0,0,0,0.0,0.0,0.0,true,false,S2-104150643,source2
S1-718141536,1,0,0,0,0,0.0,0.0,0.0,true,false,S3-566125768,source3
S1-718184733,2,1,1,1,1,0.9554,0.0,0.9554,false,true,S3-458728068,source3
S1-718244356,7,0,0,0,0,0.0,0.0,0.0,true,false,S3-461253249,source3
S1-718297271,1,0,0,0,0,0.0,0.0,0.0,true,false,S3-591300457,source3
S1-718427504,1,0,0,0,0,0.0,0.0,0.0,true,false,S3-303786741,source3
S1-718597604,52,1,1,1,1,0.9976,0.0002,0.9974,false,true,S3-581531924,source3
S1-718785538,1,0,0,0,0,0.0,0.0,0.0,true,false,S3-458540615,source3
S1-719263062,2,0,0,0,0,0.0,0.0,0.0,true,false,S2-86720793,source2
S1-719411794,39,0,0,0,0,0.0001,0.0,0.0,true,false,S2-723492714,source2
S1-719427894,1,1,1,1,1,0.9997,0.0,0.9997,false,true,S3-696313980,source3
S1-719529249,1,0,0,0,0,0.0,0.0,0.0,true,false,S3-269216249,source3
S1-719612716,1,0,0,0,0,0.0,0.0,0.0,true,false,S3-779860806,source3
S1-719668946,2,0,0,0,0,0.0,0.0,0.0,true,false,S3-428271275,source3
S1-719721332,1,0,0,0,0,0.0,0.0,0.0,true,false,S2-658773515,source2
S1-719726318,2,1,1,1,1,0.9995,0.0,0.9995,false,true,S2-808074258,source2
S1-719846566,2,0,0,0,0,0.0,0.0,0.0,true,false,S2-534059269,source2
S1-719919136,56,0,0,0,0,0.0003,0.0,0.0003,true,false,S3-711368657,source3
S1-719933752,1,0,0,0,0,0.0,0.0,0.0,true,false,S2-329623753,source2
S1-720035496,2,0,0,0,0,0.0,0.0,0.0,true,false,S2-970730978,source2
S1-720178053,33,0,0,0,0,0.0,0.0,0.0,true,false,S2-438490281,source2
S1-720270897,51,0,0,0,0,0.0001,0.0,0.0001,true,false,S3-284494821,source3
S1-72028617,32,0,0,0,0,0.0,0.0,0.0,true,false,S3-421416518,source3
S1-7203311,10,0,0,0,0,0.0,0.0,0.0,true,false,S2-377002598,source2
S1-720387027,1,1,1,1,1,0.9834,0.0,0.9834,false,true,S3-392502878,source3
S1-720525120,37,0,0,0,0,0.0,0.0,0.0,true,false,S3-982081845,source3
S1-72057312,1,0,0,0,0,0.0001,0.0,0.0001,true,false,S2-953568974,source2
S1-720790382,8,0,0,0,0,0.0002,0.0001,0.0001,true,false,S3-39093016,source3
S1-720791036,3,0,0,0,0,0.0001,0.0,0.0001,true,false,S2-557111788,source2
S1-720915836,1,0,0,0,0,0.0,0.0,0.0,true,false,S3-891308648,source3
S1-721208291,38,0,0,0,0,0.0,0.0,0.0,true,false,S2-212539797,source2
S1-721254668,37,0,0,0,0,0.0,0.0,0.0,true,false,S3-428209909,source3
S1-721461161,32,0,0,0,0,0.0,0.0,0.0,true,false,S3-764422644,source3
S1-721512122,1,0,0,0,0,0.0,0.0,0.0,true,false,S3-772655332,source3
S1-721664013,1,0,0,0,0,0.0,0.0,0.0,true,false,S2-261119289,source2
S1-721919700,1,0,0,0,0,0.0,0.0,0.0,true,false,S3-885680116,source3
S1-722050409,1,0,0,0,0,0.0,0.0,0.0,true,false,S3-628280526,source3
S1-722250945,4,0,0,0,0,0.0001,0.0001,0.0,true,false,S3-215514879,source3
S1-722385386,2,0,0,0,0,0.0,0.0,0.0,true,false,S3-992913662,source3
S1-722578559,1,0,0,0,0,0.0,0.0,0.0,true,false,S3-394177931,source3
S1-722606888,41,0,0,0,0,0.0,0.0,0.0,true,false,S2-25860616,source2
S1-722680687,7,1,0,0,0,0.6907,0.0,0.6907,false,true,S2-529058323,source2
S1-72268661,1,0,0,0,0,0.0,0.0,0.0,true,false,S3-173470073,source3
S1-722718077,1,1,1,1,1,0.9993,0.0,0.9993,false,true,S3-164737849,source3
S1-722784824,1,0,0,0,0,0.0,0.0,0.0,true,false,S2-830402101,source2
S1-722818618,2,0,0,0,0,0.0,0.0,0.0,true,false,S3-384200205,source3
S1-722883348,3,0,0,0,0,0.0001,0.0,0.0001,true,false,S2-557111788,source2
S1-722985117,41,0,0,0,0,0.0094,0.0001,0.0093,true,false,S3-545759611,source3
S1-723275887,3,0,0,0,0,0.0,0.0,0.0,true,false,S3-859568558,source3
S1-72342425,1,0,0,0,0,0.0,0.0,0.0,true,false,S3-515195985,source3
S1-723485050,67,0,0,0,0,0.0005,0.0004,0.0,true,false,S2-366081375,source2
S1-723508091,1,0,0,0,0,0.0,0.0,0.0,true,false,S2-837936134,source2
S1-723821907,1,0,0,0,0,0.0,0.0,0.0,true,false,S2-975552526,source2
S1-723838536,1,0,0,0,0,0.0055,0.0,0.0055,true,false,S2-677303325,source2
S1-723922579,1,0,0,0,0,0.0,0.0,0.0,true,false,S3-46082472,source3
S1-724002223,81,0,0,0,0,0.0,0.0,0.0,true,false,S3-337200213,source3
S1-724148407,2,0,0,0,0,0.0,0.0,0.0,true,false,S3-60599414,source3
S1-724247169,2,0,0,0,0,0.0,0.0,0.0,true,false,S3-569876037,source3
S1-724308780,1,0,0,0,0,0.0,0.0,0.0,true,false,S3-531189923,source3
S1-724322402,1,0,0,0,0,0.0001,0.0,0.0001,true,false,S3-180897223,source3
S1-724382688,5,0,0,0,0,0.0001,0.0,0.0,true,false,S2-804948682,source2
S1-724512563,1,0,0,0,0,0.0,0.0,0.0,true,false,S2-132158251,source2
S1-724699278,32,0,0,0,0,0.0,0.0,0.0,true,false,S3-273473142,source3
S1-724724378,5,1,1,1,1,0.9815,0.0,0.9815,false,true,S3-296246968,source3
S1-72472872,30,0,0,0,0,0.0,0.0,0.0,true,false,S2-910718203,source2
S1-724740869,1,0,0,0,0,0.5757,0.0,0.5757,true,false,S2-167226004,source2
S1-724753988,2,0,0,0,0,0.0,0.0,0.0,true,false,S2-117156502,source2
S1-72490514,38,0,0,0,0,0.0827,0.0,0.0827,true,false,S3-126940365,source3
S1-724907942,2,0,0,0,0,0.0,0.0,0.0,true,false,S3-450862742,source3
S1-724933243,16,0,0,0,0,0.0003,0.0001,0.0002,true,false,S3-195996808,source3
S1-724948302,58,0,0,0,0,0.0002,0.0,0.0001,true,false,S2-794633802,source2
S1-725079115,1,0,0,0,0,0.0,0.0,0.0,true,false,S3-332751462,source3
S1-725151419,22,0,0,0,0,0.0,0.0,0.0,true,false,S2-682178941,source2
S1-725163266,113,0,0,0,0,0.0,0.0,0.0,true,false,S3-142757672,source3
S1-725285773,1,0,0,0,0,0.0,0.0,0.0,true,false,S3-871669458,source3
S1-725302508,2,0,0,0,0,0.0002,0.0,0.0002,true,false,S2-617029514,source2
S1-72533913,52,0,0,0,0,0.002,0.0007,0.0013,true,false,S3-660407655,source3
S1-725374406,5,0,0,0,0,0.0001,0.0001,0.0,true,false,S2-899696171,source2
S1-725482440,1,0,0,0,0,0.0,0.0,0.0,true,false,S3-779748135,source3
S1-725593592,1,0,0,0,0,0.0,0.0,0.0,true,false,S3-770269535,source3
S1-725894936,58,0,0,0,0,0.0,0.0,0.0,true,false,S3-702173778,source3
S1-725920003,1,0,0,0,0,0.0,0.0,0.0,true,false,S3-21231362,source3
S1-725950980,1,0,0,0,0,0.0,0.0,0.0,true,false,S3-65582604,source3
S1-725981698,2,0,0,0,0,0.0001,0.0001,0.0,true,false,S3-970933816,source3
S1-726041163,47,0,0,0,0,0.0001,0.0,0.0001,true,false,S2-75752139,source2
S1-726045548,1,0,0,0,0,0.0,0.0,0.0,true,false,S3-320963804,source3
S1-72616188,1,1,1,1,1,0.9936,0.0,0.9936,false,true,S3-675899579,source3
S1-726236715,1,0,0,0,0,0.0,0.0,0.0,true,false,S3-832312740,source3
S1-72637629,2,0,0,0,0,0.0,0.0,0.0,true,false,S3-40802395,source3
S1-726555632,2,0,0,0,0,0.0,0.0,0.0,true,false,S3-328453775,source3
S1-727083199,1,0,0,0,0,0.0,0.0,0.0,true,false,S3-331921327,source3
S1-7272746,5,0,0,0,0,0.0001,0.0001,0.0,true,false,S2-507906291,source2
S1-727322020,1,0,0,0,0,0.0,0.0,0.0,true,false,S3-659255543,source3
S1-727330336,33,0,0,0,0,0.0017,0.001,0.0007,true,false,S2-659530378,source2
S1-727596043,1,0,0,0,0,0.0036,0.0,0.0036,true,false,S3-40450849,source3
S1-727625092,2,0,0,0,0,0.0,0.0,0.0,true,false,S3-667356897,source3
S1-727678401,8,0,0,0,0,0.0002,0.0001,0.0002,true,false,S2-578952480,source2
S1-727765247,27,0,0,0,0,0.0,0.0,0.0,true,false,S2-150882117,source2
S1-727904500,1,0,0,0,0,0.0,0.0,0.0,true,false,S3-107372106,source3
S1-72793779,4,2,2,2,2,0.9985,0.9971,0.0014,false,true,S2-85976459,source2
S1-728032080,1,0,0,0,0,0.0,0.0,0.0,true,false,S2-743852741,source2
S1-728090017,1,1,1,1,1,0.9983,0.0,0.9983,false,true,S3-681964324,source3
S1-728177306,1,0,0,0,0,0.0,0.0,0.0,true,false,S2-484696498,source2
S1-728332269,1,0,0,0,0,0.0,0.0,0.0,true,false,S3-184941369,source3
S1-728369034,37,0,0,0,0,0.0,0.0,0.0,true,false,S3-680032685,source3
S1-728498138,31,0,0,0,0,0.0,0.0,0.0,true,false,S2-662788493,source2
S1-728558871,2,0,0,0,0,0.0001,0.0,0.0001,true,false,S2-128499773,source2
S1-728726148,1,0,0,0,0,0.0,0.0,0.0,true,false,S3-733294217,source3
S1-728784987,2,1,1,0,0,0.8293,0.0,0.8293,false,true,S2-254271213,source2
S1-728874191,3,0,0,0,0,0.0277,0.0009,0.0269,true,false,S2-234084042,source2
S1-728880760,1,0,0,0,0,0.0,0.0,0.0,true,false,S3-445355176,source3
S1-728943519,1,0,0,0,0,0.0,0.0,0.0,true,false,S2-437808186,source2
S1-729087912,3,0,0,0,0,0.0,0.0,0.0,true,false,S3-957542609,source3
S1-729095513,48,0,0,0,0,0.0001,0.0,0.0001,true,false,S3-399814261,source3
S1-729122046,35,0,0,0,0,0.0,0.0,0.0,true,false,S3-549319432,source3
S1-729307434,1,0,0,0,0,0.0,0.0,0.0,true,false,S3-637319030,source3
S1-729310667,2,0,0,0,0,0.0,0.0,0.0,true,false,S3-937540834,source3
S1-72935581,2,0,0,0,0,0.0,0.0,0.0,true,false,S2-928130977,source2
S1-729367424,5,0,0,0,0,0.0001,0.0001,0.0,true,false,S3-580533168,source3
S1-729370907,49,0,0,0,0,0.0,0.0,0.0,true,false,S2-256577191,source2
S1-729470848,2,0,0,0,0,0.0,0.0,0.0,true,false,S3-249493385,source3
S1-729630160,1,0,0,0,0,0.0,0.0,0.0,true,false,S2-334060084,source2
S1-729633028,3,0,0,0,0,0.0,0.0,0.0,true,false,S2-210799457,source2
S1-729683449,1,0,0,0,0,0.0,0.0,0.0,true,false,S3-211702485,source3
S1-72973979,1,0,0,0,0,0.0001,0.0,0.0001,true,false,S2-913033756,source2
S1-729824250,1,0,0,0,0,0.0,0.0,0.0,true,false,S3-625383530,source3
S1-729861968,41,0,0,0,0,0.0,0.0,0.0,true,false,S3-780913927,source3
S1-729863893,39,0,0,0,0,0.0,0.0,0.0,true,false,S2-671986797,source2
S1-729986105,1,0,0,0,0,0.0,0.0,0.0,true,false,S3-886487777,source3
S1-73011394,1,0,0,0,0,0.072,0.0,0.072,true,false,S3-950660541,source3
S1-730252784,1,0,0,0,0,0.0001,0.0,0.0001,true,false,S3-598355571,source3
S1-730331270,83,0,0,0,0,0.0308,0.0,0.0308,true,false,S3-290982934,source3
S1-730339344,4,0,0,0,0,0.0023,0.0016,0.0007,true,false,S3-666385091,source3
S1-73035991,42,0,0,0,0,0.0,0.0,0.0,true,false,S3-683857915,source3
S1-730366754,1,0,0,0,0,0.0342,0.0,0.0342,true,false,S2-436444831,source2
S1-730489854,2,0,0,0,0,0.0001,0.0,0.0,true,false,S3-711189905,source3
S1-730538818,1,0,0,0,0,0.0,0.0,0.0,true,false,S3-605002865,source3
S1-730830401,11,0,0,0,0,0.0,0.0,0.0,true,false,S2-910203509,source2
S1-730855312,1,0,0,0,0,0.0,0.0,0.0,true,false,S2-54798184,source2
S1-730858380,1,0,0,0,0,0.0,0.0,0.0,true,false,S3-362301352,source3
S1-731008709,2,2,2,2,2,0.9994,0.9984,0.0011,false,true,S3-406178693,source3
S1-731277614,1,1,1,1,1,0.9874,0.0,0.9874,false,true,S3-69456837,source3
S1-73130680,83,0,0,0,0,0.0001,0.0001,0.0,true,false,S2-575012895,source2
S1-731398961,7,0,0,0,0,0.0,0.0,0.0,true,false,S3-520064465,source3
S1-731517584,1,0,0,0,0,0.0006,0.0,0.0006,true,false,S3-395646982,source3
S1-731551811,1,0,0,0,0,0.0,0.0,0.0,true,false,S3-944925058,source3
S1-731553220,1,1,1,1,1,0.9949,0.0,0.9949,false,true,S3-51570551,source3
S1-731661044,35,0,0,0,0,0.0,0.0,0.0,true,false,S3-588120445,source3
S1-731704064,2,0,0,0,0,0.0,0.0,0.0,true,false,S3-797802421,source3
S1-731817903,2,0,0,0,0,0.0,0.0,0.0,true,false,S3-585575465,source3
S1-731827954,3,0,0,0,0,0.0001,0.0,0.0001,true,false,S3-295073912,source3
S1-731847757,1,0,0,0,0,0.0,0.0,0.0,true,false,S2-499092477,source2
S1-732268521,1,1,1,1,1,0.9996,0.0,0.9996,false,true,S2-351673727,source2
S1-732279973,2,1,1,0,0,0.8862,0.0,0.8862,false,true,S3-735039301,source3
S1-732307284,46,0,0,0,0,0.0002,0.0001,0.0001,true,false,S2-297152417,source2
S1-732366262,1,1,1,1,1,0.9986,0.0,0.9986,false,true,S3-450843445,source3
S1-732397047,48,0,0,0,0,0.0,0.0,0.0,true,false,S3-535070104,source3
S1-732500491,27,0,0,0,0,0.0,0.0,0.0,true,false,S3-782200969,source3
S1-732632231,43,0,0,0,0,0.0,0.0,0.0,true,false,S3-496447523,source3
S1-732998814,1,0,0,0,0,0.0,0.0,0.0,true,false,S3-898565349,source3
S1-733076559,3,0,0,0,0,0.0001,0.0,0.0001,true,false,S3-171817816,source3
S1-733101088,2,1,1,1,1,0.9898,0.0014,0.9884,false,true,S3-93453970,source3
S1-733133405,1,0,0,0,0,0.072,0.0,0.072,true,false,S2-930882610,source2
S1-733196504,1,0,0,0,0,0.0,0.0,0.0,true,false,S3-249259287,source3
S1-733248374,3,0,0,0,0,0.0001,0.0,0.0001,true,false,S3-670968816,source3
S1-733353782,3,0,0,0,0,0.0,0.0,0.0,true,false,S2-164274633,source2
S1-733378285,1,0,0,0,0,0.0,0.0,0.0,true,false,S2-982246024,source2
S1-733396460,1,0,0,0,0,0.0038,0.0,0.0038,true,false,S3-964455190,source3
S1-733465115,2,0,0,0,0,0.0,0.0,0.0,true,false,S2-586767284,source2
S1-733467066,1,0,0,0,0,0.0,0.0,0.0,true,false,S3-765090233,source3
S1-733658132,2,0,0,0,0,0.0,0.0,0.0,true,false,S3-681218200,source3
S1-733926693,44,0,0,0,0,0.0,0.0,0.0,true,false,S2-927777172,source2
S1-734207836,66,0,0,0,0,0.0,0.0,0.0,true,false,S2-442717160,source2
S1-734312688,2,0,0,0,0,0.0007,0.0006,0.0001,true,false,S2-944631871,source2
S1-73435754,1,0,0,0,0,0.0,0.0,0.0,true,false,S3-645655098,source3
S1-734372459,1,0,0,0,0,0.0,0.0,0.0,true,false,S3-58834153,source3
S1-734434125,33,0,0,0,0,0.0,0.0,0.0,true,false,S2-804032476,source2
S1-734679368,7,1,1,1,0,0.9479,0.0001,0.9478,false,true,S2-453229337,source2
S1-734836377,4,0,0,0,0,0.0,0.0,0.0,true,false,S2-300074753,source2
S1-734868816,48,0,0,0,0,0.0,0.0,0.0,true,false,S2-81845902,source2
S1-734923328,38,0,0,0,0,0.0,0.0,0.0,true,false,S2-504869514,source2
S1-735027303,1,0,0,0,0,0.0,0.0,0.0,true,false,S2-481091460,source2
S1-735202574,13,0,0,0,0,0.0002,0.0001,0.0,true,false,S3-656634568,source3
S1-735359134,2,0,0,0,0,0.0,0.0,0.0,true,false,S3-735689446,source3
S1-735582250,4,0,0,0,0,0.0,0.0,0.0,true,false,S2-499297468,source2
S1-735685730,1,0,0,0,0,0.0,0.0,0.0,true,false,S2-376683763,source2
S1-735713081,1,0,0,0,0,0.0,0.0,0.0,true,false,S2-890436299,source2
S1-735803066,1,1,1,1,1,0.9621,0.0,0.9621,false,true,S3-769031636,source3
S1-735998756,1,0,0,0,0,0.0,0.0,0.0,true,false,S2-258525477,source2
S1-736083154,1,0,0,0,0,0.0,0.0,0.0,true,false,S3-970389968,source3
S1-736091319,7,1,1,1,1,0.9997,0.0,0.9997,false,true,S3-576445657,source3
S1-736132379,81,0,0,0,0,0.0002,0.0002,0.0,true,false,S3-810864451,source3
S1-736162578,2,0,0,0,0,0.0001,0.0001,0.0,true,false,S2-925511054,source2
S1-736167252,4,0,0,0,0,0.0,0.0,0.0,true,false,S3-566787232,source3
S1-736460139,1,0,0,0,0,0.0001,0.0,0.0001,true,false,S3-62859592,source3
S1-73647500,3,0,0,0,0,0.0,0.0,0.0,true,false,S3-147762930,source3
S1-736499135,43,2,2,2,2,0.9936,0.9748,0.0188,false,true,S2-884864726,source2
S1-736579963,1,0,0,0,0,0.0001,0.0,0.0001,true,false,S3-236213858,source3
S1-736761428,33,1,1,1,1,0.9987,0.0,0.9987,false,true,S2-866698206,source2
S1-736903406,2,0,0,0,0,0.0002,0.0,0.0001,true,false,S2-288252849,source2
S1-736990881,32,0,0,0,0,0.0,0.0,0.0,true,false,S3-814590488,source3
S1-73715434,1,1,0,0,0,0.0952,0.0,0.0952,false,true,S3-469818823,source3
S1-737225506,1,0,0,0,0,0.0,0.0,0.0,true,false,S2-222351583,source2
S1-737262294,2,0,0,0,0,0.0,0.0,0.0,true,false,S3-174209629,source3
S1-737471613,1,0,0,0,0,0.0,0.0,0.0,true,false,S3-985557124,source3
S1-737540171,63,0,0,0,0,0.0001,0.0001,0.0,true,false,S2-721606941,source2
S1-737563084,9,0,0,0,0,0.0,0.0,0.0,true,false,S3-216026435,source3
S1-737589019,37,0,0,0,0,0.0089,0.0,0.0089,true,false,S3-110630740,source3
S1-737651716,4,0,0,0,0,0.0,0.0,0.0,true,false,S2-858754062,source2
S1-737676202,1,0,0,0,0,0.0,0.0,0.0,true,false,S3-550958983,source3
S1-737801911,36,0,0,0,0,0.0,0.0,0.0,true,false,S2-353655994,source2
S1-737879759,11,0,0,0,0,0.0001,0.0,0.0001,true,false,S3-289567629,source3
S1-737991030,2,0,0,0,0,0.0,0.0,0.0,true,false,S2-864193446,source2
S1-738038737,54,0,0,0,0,0.0004,0.0004,0.0,true,false,S3-92453461,source3
S1-738128949,40,0,0,0,0,0.0002,0.0,0.0002,true,false,S3-817108542,source3
S1-7381669,3,0,0,0,0,0.0001,0.0,0.0,true,false,S2-110010593,source2
S1-738171125,2,0,0,0,0,0.0,0.0,0.0,true,false,S3-456033744,source3
S1-738184330,3,1,1,1,1,0.9973,0.0,0.9973,false,true,S3-344772908,source3
S1-738255598,3,0,0,0,0,0.0001,0.0,0.0001,true,false,S2-277586168,source2
S1-738283838,9,0,0,0,0,0.0,0.0,0.0,true,false,S3-436150518,source3
S1-738315005,2,0,0,0,0,0.0005,0.0002,0.0003,true,false,S2-309352140,source2
S1-738397946,1,1,1,1,1,0.9997,0.0,0.9997,false,true,S3-459916805,source3
S1-738517548,1,0,0,0,0,0.0,0.0,0.0,true,false,S2-367648591,source2
S1-738533060,5,0,0,0,0,0.0,0.0,0.0,true,false,S3-755683636,source3
S1-738607470,12,0,0,0,0,0.0001,0.0,0.0001,true,false,S2-188124334,source2
S1-738712850,60,0,0,0,0,0.0001,0.0001,0.0,true,false,S3-250119433,source3
S1-738837046,28,0,0,0,0,0.0001,0.0001,0.0,true,false,S2-69571625,source2
S1-738903634,2,0,0,0,0,0.0,0.0,0.0,true,false,S2-360008670,source2
S1-73890742,1,0,0,0,0,0.0,0.0,0.0,true,false,S3-596483886,source3
S1-739085610,1,0,0,0,0,0.0003,0.0,0.0003,true,false,S2-588689876,source2
S1-739186191,3,0,0,0,0,0.0,0.0,0.0,true,false,S2-387058606,source2
S1-739195544,1,1,1,1,1,0.9944,0.0,0.9944,false,true,S2-97351951,source2
S1-739235317,9,0,0,0,0,0.0,0.0,0.0,true,false,S2-209054004,source2
S1-739260384,5,0,0,0,0,0.0001,0.0,0.0001,true,false,S3-836403059,source3
S1-739348711,56,0,0,0,0,0.0001,0.0,0.0001,true,false,S3-744941225,source3
S1-739372177,1,0,0,0,0,0.0,0.0,0.0,true,false,S2-695901359,source2
S1-739482045,43,0,0,0,0,0.0,0.0,0.0,true,false,S3-440468063,source3
S1-739507145,3,0,0,0,0,0.0001,0.0,0.0001,true,false,S3-628602413,source3
S1-739531058,1,0,0,0,0,0.0005,0.0,0.0005,true,false,S2-272746591,source2
S1-739672849,1,0,0,0,0,0.0,0.0,0.0,true,false,S3-695191524,source3
S1-739752911,58,0,0,0,0,0.0003,0.0,0.0003,true,false,S2-203195263,source2
S1-739839847,71,0,0,0,0,0.0,0.0,0.0,true,false,S2-50586341,source2
S1-740041904,1,0,0,0,0,0.0,0.0,0.0,true,false,S2-347767217,source2
S1-740092988,1,0,0,0,0,0.0,0.0,0.0,true,false,S2-192589566,source2
S1-740119573,1,0,0,0,0,0.0,0.0,0.0,true,false,S3-433620427,source3
S1-740137997,51,0,0,0,0,0.0,0.0,0.0,true,false,S2-294400435,source2
S1-740141631,1,0,0,0,0,0.0001,0.0,0.0001,true,false,S3-170229472,source3
S1-740254254,1,0,0,0,0,0.0002,0.0,0.0002,true,false,S2-195865543,source2
S1-740270062,1,0,0,0,0,0.0,0.0,0.0,true,false,S2-135428477,source2
S1-740344228,5,0,0,0,0,0.0,0.0,0.0,true,false,S2-76895467,source2
S1-740533054,1,0,0,0,0,0.0,0.0,0.0,true,false,S3-501329783,source3
S1-740548642,2,0,0,0,0,0.0,0.0,0.0,true,false,S3-319381684,source3
S1-740568549,42,0,0,0,0,0.0,0.0,0.0,true,false,S2-79390585,source2
S1-740593751,2,0,0,0,0,0.0,0.0,0.0,true,false,S3-880795279,source3
S1-740669755,1,0,0,0,0,0.0,0.0,0.0,true,false,S3-326742973,source3
S1-740767524,1,0,0,0,0,0.0,0.0,0.0,true,false,S2-765666967,source2
S1-74078444,1,0,0,0,0,0.0,0.0,0.0,true,false,S2-745020755,source2
S1-740863503,2,0,0,0,0,0.0,0.0,0.0,true,false,S3-947625512,source3
S1-740890302,11,0,0,0,0,0.0,0.0,0.0,true,false,S2-86582856,source2
S1-741040338,1,0,0,0,0,0.0,0.0,0.0,true,false,S2-922477258,source2
S1-741154664,1,0,0,0,0,0.0,0.0,0.0,true,false,S3-387902629,source3
S1-741172466,58,0,0,0,0,0.0001,0.0001,0.0,true,false,S2-243895866,source2
S1-741326167,3,0,0,0,0,0.0002,0.0,0.0002,true,false,S2-835569462,source2
S1-741560335,3,0,0,0,0,0.0001,0.0,0.0001,true,false,S3-904915098,source3
S1-741817106,1,1,0,0,0,0.5437,0.0,0.5437,false,true,S3-5823140,source3
S1-741959748,59,0,0,0,0,0.0,0.0,0.0,true,false,S2-425467251,source2
S1-742061956,42,0,0,0,0,0.0,0.0,0.0,true,false,S3-356720966,source3
S1-742176297,61,0,0,0,0,0.0,0.0,0.0,true,false,S3-647916983,source3
S1-742296448,1,0,0,0,0,0.0,0.0,0.0,true,false,S2-303458493,source2
S1-742346343,1,0,0,0,0,0.0,0.0,0.0,true,false,S3-600233807,source3
S1-742355281,35,0,0,0,0,0.0001,0.0,0.0,true,false,S3-129386364,source3
S1-742618422,2,0,0,0,0,0.0,0.0,0.0,true,false,S3-333873888,source3
S1-742646574,89,0,0,0,0,0.0001,0.0,0.0001,true,false,S3-924029820,source3
S1-742701738,1,0,0,0,0,0.0,0.0,0.0,true,false,S3-914813088,source3
S1-742815805,11,0,0,0,0,0.0001,0.0001,0.0,true,false,S3-813710241,source3
S1-742837946,3,0,0,0,0,0.0,0.0,0.0,true,false,S2-794352292,source2
S1-742853917,1,0,0,0,0,0.0,0.0,0.0,true,false,S3-109852524,source3
S1-742880265,1,0,0,0,0,0.0,0.0,0.0,true,false,S3-665971498,source3
S1-742910577,22,0,0,0,0,0.0,0.0,0.0,true,false,S3-802364232,source3
S1-743044129,1,0,0,0,0,0.0,0.0,0.0,true,false,S3-294722684,source3
S1-743233568,48,0,0,0,0,0.0,0.0,0.0,true,false,S3-401129624,source3
S1-743278319,1,0,0,0,0,0.0,0.0,0.0,true,false,S2-332108079,source2
S1-743304229,61,0,0,0,0,0.0,0.0,0.0,true,false,S2-403600839,source2
S1-743338929,1,0,0,0,0,0.0935,0.0,0.0935,true,false,S3-440468063,source3
S1-743349869,4,0,0,0,0,0.0518,0.0001,0.0517,true,false,S2-587945736,source2
S1-743354279,1,0,0,0,0,0.0,0.0,0.0,true,false,S2-645809631,source2
S1-743364627,43,0,0,0,0,0.0013,0.0006,0.0008,true,false,S2-766212881,source2
S1-743380777,1,0,0,0,0,0.0,0.0,0.0,true,false,S2-304484796,source2
S1-74338892,43,0,0,0,0,0.0,0.0,0.0,true,false,S3-440468063,source3
S1-743459266,39,0,0,0,0,0.0,0.0,0.0,true,false,S2-479186257,source2
S1-743605943,14,0,0,0,0,0.0009,0.0002,0.0007,true,false,S2-80894318,source2
S1-743660365,6,0,0,0,0,0.0819,0.0046,0.0773,true,false,S3-778881900,source3
S1-743801142,53,0,0,0,0,0.0,0.0,0.0,true,false,S2-621153347,source2
S1-743872470,3,0,0,0,0,0.0,0.0,0.0,true,false,S3-309816450,source3
S1-743910612,1,1,0,0,0,0.0204,0.0,0.0204,false,true,S3-857379461,source3
S1-743987913,1,0,0,0,0,0.0,0.0,0.0,true,false,S2-712178697,source2
S1-744043142,30,0,0,0,0,0.0,0.0,0.0,true,false,S2-715600705,source2
S1-744085729,1,0,0,0,0,0.1339,0.0,0.1339,true,false,S3-155186214,source3
S1-744120199,51,0,0,0,0,0.0,0.0,0.0,true,false,S2-207318112,source2
S1-744132003,1,0,0,0,0,0.0,0.0,0.0,true,false,S3-550982803,source3
S1-744134553,1,0,0,0,0,0.0,0.0,0.0,true,false,S3-631332539,source3
S1-744140360,49,0,0,0,0,0.0,0.0,0.0,true,false,S3-368206764,source3
S1-744150463,11,0,0,0,0,0.0001,0.0001,0.0001,true,false,S2-417443887,source2
S1-744156532,2,2,2,2,2,0.9997,0.9724,0.0273,false,true,S3-568491006,source3
S1-744275057,1,0,0,0,0,0.0,0.0,0.0,true,false,S3-848578549,source3
S1-744315333,1,0,0,0,0,0.0002,0.0,0.0002,true,false,S3-820473990,source3
S1-744399722,1,0,0,0,0,0.0,0.0,0.0,true,false,S3-871674970,source3
S1-744422539,1,0,0,0,0,0.0,0.0,0.0,true,false,S2-707862715,source2
S1-744479199,1,0,0,0,0,0.0,0.0,0.0,true,false,S2-513476232,source2
S1-744707351,1,0,0,0,0,0.0,0.0,0.0,true,false,S3-33315235,source3
S1-744848637,3,0,0,0,0,0.0001,0.0,0.0,true,false,S2-986189127,source2
S1-744858466,113,0,0,0,0,0.0,0.0,0.0,true,false,S2-800017853,source2
S1-745085538,1,0,0,0,0,0.0,0.0,0.0,true,false,S3-698728561,source3
S1-745224989,2,0,0,0,0,0.0,0.0,0.0,true,false,S2-942768154,source2
S1-745303317,13,0,0,0,0,0.0004,0.0002,0.0001,true,false,S2-851280786,source2
S1-745377767,79,0,0,0,0,0.0001,0.0,0.0,true,false,S2-461062675,source2
S1-745531156,5,0,0,0,0,0.0001,0.0,0.0001,true,false,S2-68125772,source2
S1-745628715,2,1,0,0,0,0.156,0.0781,0.078,false,false,S3-445964406,source3
S1-745762628,1,0,0,0,0,0.0,0.0,0.0,true,false,S2-926853224,source2
S1-745775319,1,0,0,0,0,0.0,0.0,0.0,true,false,S3-543464456,source3
S1-745817749,1,0,0,0,0,0.0,0.0,0.0,true,false,S3-87080372,source3
S1-745839307,40,0,0,0,0,0.0002,0.0,0.0002,true,false,S3-209661616,source3
S1-745949803,2,0,0,0,0,0.0,0.0,0.0,true,false,S3-985652057,source3
S1-746053542,1,0,0,0,0,0.0,0.0,0.0,true,false,S2-843738909,source2
S1-746113183,2,1,1,1,1,0.9971,0.0,0.9971,false,true,S2-746311672,source2
S1-746161420,37,0,0,0,0,0.0,0.0,0.0,true,false,S3-681698905,source3
S1-746193689,75,1,1,1,1,0.9973,0.0001,0.9972,false,true,S2-729606231,source2
S1-746273151,4,0,0,0,0,0.0409,0.0,0.0409,true,false,S3-538882911,source3
S1-746543731,1,0,0,0,0,0.0,0.0,0.0,true,false,S2-564788824,source2
S1-746555042,1,0,0,0,0,0.0,0.0,0.0,true,false,S3-320820656,source3
S1-746559526,1,0,0,0,0,0.0,0.0,0.0,true,false,S3-902295752,source3
S1-746577189,2,0,0,0,0,0.0,0.0,0.0,true,false,S2-552097361,source2
S1-746735853,25,0,0,0,0,0.0375,0.0004,0.037,true,false,S3-850428491,source3
S1-746744159,3,0,0,0,0,0.0,0.0,0.0,true,false,S3-431634813,source3
S1-746787074,2,0,0,0,0,0.0,0.0,0.0,true,false,S2-65646154,source2
S1-746797828,2,0,0,0,0,0.0,0.0,0.0,true,false,S3-633460960,source3
S1-746851603,58,0,0,0,0,0.0001,0.0,0.0001,true,false,S3-395441526,source3
S1-74686397,8,0,0,0,0,0.0001,0.0,0.0,true,false,S3-754875029,source3
S1-746937799,2,0,0,0,0,0.0002,0.0001,0.0001,true,false,S3-318195769,source3
S1-746992250,36,0,0,0,0,0.0,0.0,0.0,true,false,S2-541975952,source2
S1-746998714,32,0,0,0,0,0.0,0.0,0.0,true,false,S3-32634960,source3
S1-747035688,2,0,0,0,0,0.0,0.0,0.0,true,false,S2-656823918,source2
S1-747060914,1,0,0,0,0,0.0,0.0,0.0,true,false,S2-50024028,source2
S1-747229206,37,0,0,0,0,0.0,0.0,0.0,true,false,S3-690488965,source3
S1-747229573,1,0,0,0,0,0.0,0.0,0.0,true,false,S3-575708908,source3
S1-747337566,1,0,0,0,0,0.0,0.0,0.0,true,false,S2-588054631,source2
S1-747370263,5,0,0,0,0,0.0001,0.0001,0.0,true,false,S2-256207897,source2
S1-747443393,73,0,0,0,0,0.7345,0.0,0.7345,true,false,S2-642921016,source2
S1-747521890,1,0,0,0,0,0.0,0.0,0.0,true,false,S2-528821655,source2
S1-747621013,1,0,0,0,0,0.0,0.0,0.0,true,false,S2-259105849,source2
S1-747642851,1,0,0,0,0,0.0,0.0,0.0,true,false,S2-80594092,source2
S1-747719380,42,0,0,0,0,0.0001,0.0,0.0001,true,false,S2-595795733,source2
S1-747799453,1,0,0,0,0,0.0001,0.0,0.0001,true,false,S3-445045809,source3
S1-747808656,1,1,1,1,1,0.979,0.0,0.979,false,true,S3-192954209,source3
S1-747926136,2,0,0,0,0,0.0,0.0,0.0,true,false,S2-828195703,source2
S1-74800068,5,0,0,0,0,0.0,0.0,0.0,true,false,S3-786098398,source3
S1-748019109,1,0,0,0,0,0.0,0.0,0.0,true,false,S3-338789578,source3
S1-748136898,1,0,0,0,0,0.0,0.0,0.0,true,false,S2-705892915,source2
S1-748169501,3,0,0,0,0,0.0,0.0,0.0,true,false,S3-519607489,source3
S1-748204528,10,0,0,0,0,0.0001,0.0,0.0001,true,false,S2-333497398,source2
S1-748207345,5,0,0,0,0,0.0347,0.0,0.0347,true,false,S2-587945736,source2
S1-748234427,1,1,1,0,0,0.8266,0.0,0.8266,false,true,S3-612188602,source3
S1-748238437,1,0,0,0,0,0.0,0.0,0.0,true,false,S3-137840589,source3
S1-748245687,3,0,0,0,0,0.0,0.0,0.0,true,false,S2-272784922,source2
S1-748364403,4,0,0,0,0,0.0,0.0,0.0,true,false,S3-882422437,source3
S1-748446406,35,0,0,0,0,0.0,0.0,0.0,true,false,S2-278665435,source2
S1-748730249,1,0,0,0,0,0.0,0.0,0.0,true,false,S2-917070000,source2
S1-748732045,1,0,0,0,0,0.0,0.0,0.0,true,false,S2-152854816,source2
S1-74901450,1,0,0,0,0,0.0,0.0,0.0,true,false,S3-974659538,source3
S1-749127821,34,0,0,0,0,0.0,0.0,0.0,true,false,S2-762335042,source2
S1-74917077,58,0,0,0,0,0.0003,0.0,0.0003,true,false,S3-402958681,source3
S1-749176942,2,0,0,0,0,0.0001,0.0,0.0,true,false,S3-554414289,source3
S1-749264160,4,0,0,0,0,0.0,0.0,0.0,true,false,S2-579954529,source2
S1-749348831,1,0,0,0,0,0.0,0.0,0.0,true,false,S2-984455857,source2
S1-749440555,1,0,0,0,0,0.0076,0.0,0.0076,true,false,S2-453455590,source2
S1-749482392,57,0,0,0,0,0.0,0.0,0.0,true,false,S3-209268958,source3
S1-749522741,19,0,0,0,0,0.0004,0.0003,0.0001,true,false,S3-610346476,source3
S1-749727825,1,0,0,0,0,0.0001,0.0,0.0001,true,false,S2-11478342,source2
S1-749764521,8,0,0,0,0,0.0,0.0,0.0,true,false,S2-475793028,source2
S1-749789398,54,0,0,0,0,0.0,0.0,0.0,true,false,S3-416117385,source3
S1-749912968,1,1,0,0,0,0.1385,0.0,0.1385,false,true,S2-752638662,source2
S1-750057131,2,0,0,0,0,0.0001,0.0,0.0001,true,false,S3-849355939,source3
S1-750098597,2,0,0,0,0,0.0,0.0,0.0,true,false,S3-8450703,source3
S1-750117118,24,0,0,0,0,0.0,0.0,0.0,true,false,S3-862867548,source3
S1-750170670,1,0,0,0,0,0.0,0.0,0.0,true,false,S2-405039670,source2
S1-750212270,39,0,0,0,0,0.0,0.0,0.0,true,false,S2-353205003,source2
S1-750352056,6,0,0,0,0,0.0,0.0,0.0,true,false,S3-894109785,source3
S1-75045735,5,0,0,0,0,0.0001,0.0001,0.0,true,false,S3-629879608,source3
S1-750577077,21,1,1,1,1,0.9583,0.0,0.9583,false,true,S2-25393991,source2
S1-750634846,1,0,0,0,0,0.0,0.0,0.0,true,false,S3-759878533,source3
S1-750654175,1,0,0,0,0,0.0001,0.0,0.0001,true,false,S3-60497840,source3
S1-750700259,2,0,0,0,0,0.0002,0.0,0.0002,true,false,S3-478449453,source3
S1-751071143,3,0,0,0,0,0.0,0.0,0.0,true,false,S3-308355736,source3
S1-751085398,4,0,0,0,0,0.0,0.0,0.0,true,false,S2-300352086,source2
S1-751174604,113,0,0,0,0,0.0,0.0,0.0,true,false,S3-850241907,source3
S1-751394732,1,0,0,0,0,0.0,0.0,0.0,true,false,S2-28144382,source2
S1-751461651,2,0,0,0,0,0.0,0.0,0.0,true,false,S3-853102232,source3
S1-751575606,7,0,0,0,0,0.0,0.0,0.0,true,false,S3-147354089,source3
S1-751613997,1,0,0,0,0,0.0,0.0,0.0,true,false,S2-754241661,source2
S1-75161961,3,0,0,0,0,0.0001,0.0001,0.0,true,false,S2-807285953,source2
S1-751645154,3,0,0,0,0,0.0001,0.0,0.0001,true,false,S3-505325375,source3
S1-751662240,1,0,0,0,0,0.0401,0.0,0.0401,true,false,S3-278968813,source3
S1-751681405,5,0,0,0,0,0.0001,0.0001,0.0,true,false,S2-178496655,source2
S1-751881322,60,0,0,0,0,0.0006,0.0002,0.0004,true,false,S2-12637797,source2
S1-751991890,1,0,0,0,0,0.0,0.0,0.0,true,false,S2-588951856,source2
S1-752104510,3,0,0,0,0,0.0001,0.0,0.0001,true,false,S2-400684512,source2
S1-752139655,2,0,0,0,0,0.0337,0.0,0.0336,true,false,S2-919756697,source2
S1-752221257,46,0,0,0,0,0.0001,0.0,0.0,true,false,S3-260887161,source3
S1-752270119,1,0,0,0,0,0.0001,0.0,0.0001,true,false,S3-478100316,source3
S1-752306022,1,0,0,0,0,0.0,0.0,0.0,true,false,S2-677588051,source2
S1-752338358,33,0,0,0,0,0.0,0.0,0.0,true,false,S3-122380683,source3
S1-752391978,2,0,0,0,0,0.0,0.0,0.0,true,false,S2-252010908,source2
S1-752507575,13,0,0,0,0,0.0001,0.0001,0.0,true,false,S3-913335593,source3
S1-75252744,175,0,0,0,0,0.0,0.0,0.0,true,false,S2-821168592,source2
S1-752903823,27,0,0,0,0,0.7927,0.0,0.7927,true,false,S3-816597095,source3
S1-752930825,5,0,0,0,0,0.0005,0.0003,0.0002,true,false,S2-448967653,source2
S1-752933066,38,0,0,0,0,0.0,0.0,0.0,true,false,S2-135998383,source2
S1-753068346,5,0,0,0,0,0.0001,0.0001,0.0,true,false,S3-238066743,source3
S1-753157613,1,0,0,0,0,0.0,0.0,0.0,true,false,S3-524969528,source3
S1-753180274,1,0,0,0,0,0.0,0.0,0.0,true,false,S2-310128489,source2
S1-753264527,53,0,0,0,0,0.0,0.0,0.0,true,false,S3-265646189,source3
S1-753344333,1,0,0,0,0,0.0,0.0,0.0,true,false,S3-787673653,source3
S1-75350035,49,0,0,0,0,0.0,0.0,0.0,true,false,S2-930882610,source2
S1-753666948,44,0,0,0,0,0.0,0.0,0.0,true,false,S2-762739307,source2
S1-753778299,58,0,0,0,0,0.0,0.0,0.0,true,false,S3-227506159,source3
S1-753783208,66,0,0,0,0,0.0001,0.0001,0.0001,true,false,S3-876335138,source3
S1-753957870,1,0,0,0,0,0.0,0.0,0.0,true,false,S2-423535722,source2
S1-754175313,1,0,0,0,0,0.0001,0.0,0.0001,true,false,S3-546709428,source3
S1-754202086,58,0,0,0,0,0.0135,0.0004,0.0132,true,false,S2-186194151,source2
S1-754543752,1,0,0,0,0,0.0,0.0,0.0,true,false,S3-794317935,source3
S1-754664373,1,0,0,0,0,0.0001,0.0,0.0001,true,false,S3-672523283,source3
S1-754718644,9,0,0,0,0,0.0001,0.0001,0.0,true,false,S3-900856048,source3
S1-754725869,6,0,0,0,0,0.0158,0.0003,0.0155,true,false,S2-690112842,source2
S1-754766982,5,0,0,0,0,0.0,0.0,0.0,true,false,S3-545377325,source3
S1-754889931,2,0,0,0,0,0.1916,0.0,0.1916,true,false,S2-897680704,source2
S1-754988004,1,0,0,0,0,0.0001,0.0,0.0001,true,false,S2-843738909,source2
S1-755014653,1,1,1,1,1,0.9503,0.0,0.9503,false,true,S3-141906556,source3
S1-755032725,1,0,0,0,0,0.0,0.0,0.0,true,false,S3-60497840,source3
S1-755207460,1,0,0,0,0,0.0001,0.0,0.0001,true,false,S3-394641730,source3
S1-75530547,2,0,0,0,0,0.0,0.0,0.0,true,false,S3-127415440,source3
S1-755340398,1,0,0,0,0,0.0,0.0,0.0,true,false,S3-355408555,source3
S1-755367201,1,0,0,0,0,0.0001,0.0,0.0001,true,false,S2-893828884,source2
S1-755398275,19,0,0,0,0,0.0001,0.0001,0.0,true,false,S3-596300206,source3
S1-755560611,33,0,0,0,0,0.0,0.0,0.0,true,false,S3-75223349,source3
S1-755711650,5,0,0,0,0,0.0002,0.0001,0.0001,true,false,S2-414009784,source2
S1-755861525,39,0,0,0,0,0.0,0.0,0.0,true,false,S3-768860948,source3
S1-755900339,1,0,0,0,0,0.0001,0.0,0.0001,true,false,S3-688172276,source3
S1-756122306,36,0,0,0,0,0.0,0.0,0.0,true,false,S2-646080124,source2
S1-756202204,44,0,0,0,0,0.0,0.0,0.0,true,false,S3-295499896,source3
S1-756260484,27,0,0,0,0,0.0,0.0,0.0,true,false,S2-202810144,source2
S1-756273602,1,1,1,1,1,0.9996,0.0,0.9996,false,true,S2-828951735,source2
S1-756304055,46,0,0,0,0,0.0,0.0,0.0,true,false,S3-867745530,source3
S1-756412192,58,0,0,0,0,0.0001,0.0,0.0,true,false,S2-264144866,source2
S1-756498900,16,0,0,0,0,0.0005,0.0002,0.0003,true,false,S3-210567387,source3
S1-756817485,2,0,0,0,0,0.0,0.0,0.0,true,false,S2-29832113,source2
S1-756987015,9,0,0,0,0,0.0,0.0,0.0,true,false,S2-406926476,source2
S1-757082720,52,0,0,0,0,0.0002,0.0,0.0001,true,false,S3-460838034,source3
S1-757122705,5,0,0,0,0,0.0,0.0,0.0,true,false,S2-565217049,source2
S1-757321411,3,0,0,0,0,0.0,0.0,0.0,true,false,S3-459529146,source3
S1-757580468,32,0,0,0,0,0.0,0.0,0.0,true,false,S2-826749078,source2
S1-757905995,52,0,0,0,0,0.0001,0.0,0.0,true,false,S2-619558626,source2
S1-757977718,39,0,0,0,0,0.0,0.0,0.0,true,false,S3-974234595,source3
S1-758075760,1,0,0,0,0,0.0,0.0,0.0,true,false,S3-695515857,source3
S1-75809435,6,0,0,0,0,0.0001,0.0,0.0,true,false,S2-97306857,source2
S1-758106282,1,0,0,0,0,0.0409,0.0,0.0409,true,false,S2-930882610,source2
S1-758262063,4,0,0,0,0,0.0,0.0,0.0,true,false,S3-496609459,source3
S1-758272133,1,0,0,0,0,0.0,0.0,0.0,true,false,S2-267478203,source2
S1-758279254,2,0,0,0,0,0.0029,0.0,0.0029,true,false,S3-835281864,source3
S1-758504163,1,0,0,0,0,0.0,0.0,0.0,true,false,S3-980199846,source3
S1-75862106,5,0,0,0,0,0.0001,0.0001,0.0001,true,false,S3-700243874,source3
S1-758672944,6,0,0,0,0,0.0001,0.0001,0.0,true,false,S3-378628304,source3
S1-758751041,1,0,0,0,0,0.0,0.0,0.0,true,false,S2-260424250,source2
S1-758798773,1,0,0,0,0,0.0,0.0,0.0,true,false,S2-828284117,source2
S1-758918632,1,0,0,0,0,0.0,0.0,0.0,true,false,S2-633535149,source2
S1-75897373,57,0,0,0,0,0.0001,0.0,0.0001,true,false,S2-546440731,source2
S1-759182044,3,0,0,0,0,0.0002,0.0001,0.0001,true,false,S2-419509015,source2
S1-759192235,1,0,0,0,0,0.0003,0.0,0.0003,true,false,S3-115935947,source3
S1-759259565,57,0,0,0,0,0.0,0.0,0.0,true,false,S2-964292853,source2
S1-759283843,4,0,0,0,0,0.0007,0.0,0.0007,true,false,S3-860243718,source3
S1-759419535,44,0,0,0,0,0.0,0.0,0.0,true,false,S2-642831788,source2
S1-75963451,1,0,0,0,0,0.0001,0.0,0.0001,true,false,S3-922154738,source3
S1-759712828,3,0,0,0,0,0.0007,0.0,0.0007,true,false,S3-180367003,source3
S1-760049785,1,0,0,0,0,0.0,0.0,0.0,true,false,S2-766425765,source2
S1-760224060,37,0,0,0,0,0.0,0.0,0.0,true,false,S2-138622990,source2
S1-760263717,25,0,0,0,0,0.0001,0.0001,0.0,true,false,S2-172397416,source2
S1-760316172,39,0,0,0,0,0.0,0.0,0.0,true,false,S3-768860948,source3
S1-760380153,1,0,0,0,0,0.0,0.0,0.0,true,false,S3-707705401,source3
S1-760729719,47,0,0,0,0,0.0,0.0,0.0,true,false,S2-182743306,source2
S1-760737194,1,0,0,0,0,0.0,0.0,0.0,true,false,S3-991319154,source3
S1-760785140,4,0,0,0,0,0.0002,0.0,0.0002,true,false,S3-432856949,source3
S1-760794729,1,0,0,0,0,0.0,0.0,0.0,true,false,S2-826542762,source2
S1-760807491,6,0,0,0,0,0.0,0.0,0.0,true,false,S3-723268050,source3
S1-760830552,1,0,0,0,0,0.0013,0.0,0.0013,true,false,S3-309651365,source3
S1-76088704,1,0,0,0,0,0.0001,0.0,0.0001,true,false,S2-278726194,source2
S1-761059840,1,0,0,0,0,0.5332,0.0,0.5332,true,false,S2-628787905,source2
S1-761100551,3,1,1,1,1,0.9924,0.0,0.9923,false,true,S2-579939713,source2
S1-761271025,59,0,0,0,0,0.0002,0.0,0.0002,true,false,S3-645492944,source3
S1-761286259,3,0,0,0,0,0.0006,0.0,0.0005,true,false,S2-424409454,source2
S1-761407497,19,0,0,0,0,0.0001,0.0,0.0,true,false,S2-366081375,source2
S1-761471261,12,0,0,0,0,0.0,0.0,0.0,true,false,S2-32461760,source2
S1-761534131,1,1,1,1,1,0.9957,0.0,0.9957,false,true,S3-212240036,source3
S1-761741152,1,1,1,1,1,0.9989,0.0,0.9989,false,true,S2-582245623,source2
S1-761741321,38,0,0,0,0,0.0,0.0,0.0,true,false,S3-361889244,source3
S1-761847250,1,0,0,0,0,0.0,0.0,0.0,true,false,S3-133362589,source3
S1-761930510,1,0,0,0,0,0.0,0.0,0.0,true,false,S3-215411812,source3
S1-761973722,1,0,0,0,0,0.0,0.0,0.0,true,false,S2-130781654,source2
S1-762043183,26,0,0,0,0,0.0,0.0,0.0,true,false,S3-120935082,source3
S1-76214334,1,0,0,0,0,0.0,0.0,0.0,true,false,S3-105191705,source3
S1-762169586,1,0,0,0,0,0.0,0.0,0.0,true,false,S3-556653371,source3
S1-762182146,1,0,0,0,0,0.0,0.0,0.0,true,false,S2-860268572,source2
S1-762300546,4,0,0,0,0,0.0,0.0,0.0,true,false,S2-524397809,source2
S1-762305757,2,0,0,0,0,0.0,0.0,0.0,true,false,S2-890710881,source2
S1-762326721,2,0,0,0,0,0.0,0.0,0.0,true,false,S3-473587486,source3
S1-76238422,4,0,0,0,0,0.0001,0.0,0.0,true,false,S2-448142241,source2
S1-762761472,46,0,0,0,0,0.0004,0.0,0.0004,true,false,S2-263719676,source2
S1-762897946,30,0,0,0,0,0.0004,0.0,0.0004,true,false,S3-875886981,source3
S1-762924595,1,0,0,0,0,0.0,0.0,0.0,true,false,S2-740142004,source2
S1-763162712,1,0,0,0,0,0.0,0.0,0.0,true,false,S2-928936183,source2
S1-763163915,1,0,0,0,0,0.072,0.0,0.072,true,false,S2-107389460,source2
S1-763165206,49,0,0,0,0,0.0282,0.0001,0.0281,true,false,S2-439584807,source2
S1-763280668,35,0,0,0,0,0.0,0.0,0.0,true,false,S2-55421595,source2
S1-763496609,1,0,0,0,0,0.0003,0.0,0.0003,true,false,S2-747478411,source2
S1-763686921,2,0,0,0,0,0.0,0.0,0.0,true,false,S3-249710021,source3
S1-763705781,38,0,0,0,0,0.0046,0.0,0.0046,true,false,S3-446752337,source3
S1-763791563,1,0,0,0,0,0.0,0.0,0.0,true,false,S3-350336758,source3
S1-763929053,3,0,0,0,0,0.0002,0.0002,0.0,true,false,S3-244694796,source3
S1-763986890,37,0,0,0,0,0.0029,0.0006,0.0023,true,false,S2-397641530,source2
S1-763988893,2,0,0,0,0,0.0,0.0,0.0,true,false,S2-663906477,source2
S1-764005774,2,0,0,0,0,0.0,0.0,0.0,true,false,S3-424998152,source3
S1-764021970,6,0,0,0,0,0.0,0.0,0.0,true,false,S3-49801425,source3
S1-764089719,1,0,0,0,0,0.4098,0.0,0.4098,true,false,S2-588491670,source2
S1-764180067,33,0,0,0,0,0.0,0.0,0.0,true,false,S3-620025574,source3
S1-764197459,31,0,0,0,0,0.0,0.0,0.0,true,false,S2-312194895,source2
S1-764202561,42,0,0,0,0,0.093,0.0001,0.0929,true,false,S3-92624949,source3
S1-764480032,7,0,0,0,0,0.0254,0.0007,0.0247,true,false,S3-607757348,source3
S1-764521587,1,0,0,0,0,0.0,0.0,0.0,true,false,S2-841193719,source2
S1-764731582,1,0,0,0,0,0.0,0.0,0.0,true,false,S2-606244528,source2
S1-764784443,31,0,0,0,0,0.0,0.0,0.0,true,false,S2-662788493,source2
S1-764851236,1,0,0,0,0,0.0,0.0,0.0,true,false,S2-791233404,source2
S1-764993784,4,0,0,0,0,0.0001,0.0,0.0,true,false,S3-786803768,source3
S1-765113737,3,0,0,0,0,0.0051,0.0,0.0051,true,false,S3-706710886,source3
S1-765210516,4,0,0,0,0,0.0005,0.0002,0.0003,true,false,S2-566318762,source2
S1-765328718,2,0,0,0,0,0.0001,0.0,0.0001,true,false,S2-437365796,source2
S1-765398333,1,0,0,0,0,0.0005,0.0,0.0005,true,false,S3-129559230,source3
S1-76549333,2,0,0,0,0,0.0004,0.0,0.0004,true,false,S3-486901170,source3
S1-765672232,1,0,0,0,0,0.0,0.0,0.0,true,false,S2-715565276,source2
S1-765734254,3,0,0,0,0,0.0,0.0,0.0,true,false,S3-572768463,source3
S1-765868240,1,0,0,0,0,0.0,0.0,0.0,true,false,S2-93832811,source2
S1-765893375,1,0,0,0,0,0.0,0.0,0.0,true,false,S2-619523861,source2
S1-766022246,1,0,0,0,0,0.0007,0.0,0.0007,true,false,S3-947882124,source3
S1-766040682,39,0,0,0,0,0.0001,0.0,0.0001,true,false,S3-640086801,source3
S1-766078900,3,0,0,0,0,0.0,0.0,0.0,true,false,S2-51477351,source2
S1-766307478,1,0,0,0,0,0.0,0.0,0.0,true,false,S2-438753836,source2
S1-766326386,3,0,0,0,0,0.0001,0.0,0.0,true,false,S2-82067812,source2
S1-766331481,1,1,1,1,1,0.9826,0.0,0.9826,false,true,S3-209851351,source3
S1-766392501,37,0,0,0,0,0.0001,0.0,0.0001,true,false,S3-308860351,source3
S1-766475619,2,0,0,0,0,0.0002,0.0,0.0002,true,false,S3-772921066,source3
S1-766545593,1,0,0,0,0,0.0,0.0,0.0,true,false,S3-759600258,source3
S1-766697297,8,0,0,0,0,0.0,0.0,0.0,true,false,S3-201391572,source3
S1-766866439,1,1,1,1,1,0.9993,0.0,0.9993,false,true,S2-301748164,source2
S1-76740440,40,0,0,0,0,0.0,0.0,0.0,true,false,S3-336161963,source3
S1-767530834,73,0,0,0,0,0.0001,0.0,0.0,true,false,S3-415190500,source3
S1-767544805,1,0,0,0,0,0.0,0.0,0.0,true,false,S3-208777353,source3
S1-767574104,41,0,0,0,0,0.0,0.0,0.0,true,false,S2-667274253,source2
S1-767692254,1,0,0,0,0,0.0152,0.0,0.0152,true,false,S2-449077584,source2
S1-767833721,2,0,0,0,0,0.0,0.0,0.0,true,false,S3-936010488,source3
S1-767865170,2,0,0,0,0,0.0,0.0,0.0,true,false,S3-491740712,source3
S1-767939959,1,0,0,0,0,0.0,0.0,0.0,true,false,S3-105455329,source3
S1-768191150,1,0,0,0,0,0.3081,0.0,0.3081,true,false,S3-532323639,source3
S1-768311655,1,0,0,0,0,0.0,0.0,0.0,true,false,S3-67645109,source3
S1-768337890,1,0,0,0,0,0.0,0.0,0.0,true,false,S3-438187403,source3
S1-768341245,1,0,0,0,0,0.0,0.0,0.0,true,false,S3-113012842,source3
S1-76836627,1,0,0,0,0,0.0,0.0,0.0,true,false,S3-183785748,source3
S1-768392218,3,0,0,0,0,0.0001,0.0,0.0,true,false,S3-178427412,source3
S1-768675538,39,0,0,0,0,0.0,0.0,0.0,true,false,S2-268699905,source2
S1-768775232,46,0,0,0,0,0.0,0.0,0.0,true,false,S3-111658040,source3
S1-768809511,1,0,0,0,0,0.0,0.0,0.0,true,false,S3-104686537,source3
S1-768878183,1,0,0,0,0,0.0,0.0,0.0,true,false,S2-294233175,source2
S1-768900141,1,0,0,0,0,0.0002,0.0,0.0002,true,false,S3-596029979,source3
S1-769185722,1,0,0,0,0,0.0001,0.0,0.0001,true,false,S2-789483631,source2
S1-769399553,1,0,0,0,0,0.0,0.0,0.0,true,false,S3-359594885,source3
S1-769583689,1,0,0,0,0,0.0,0.0,0.0,true,false,S3-148122090,source3
S1-769784244,2,0,0,0,0,0.0004,0.0,0.0004,true,false,S2-371200780,source2
S1-769875453,1,0,0,0,0,0.0,0.0,0.0,true,false,S3-664629547,source3
S1-769926851,49,0,0,0,0,0.0,0.0,0.0,true,false,S3-4086513,source3
S1-770223659,1,0,0,0,0,0.0001,0.0,0.0001,true,false,S2-495086092,source2
S1-770592895,2,0,0,0,0,0.0,0.0,0.0,true,false,S2-145275705,source2
S1-770613160,25,0,0,0,0,0.001,0.0001,0.0009,true,false,S3-313911382,source3
S1-770664913,1,0,0,0,0,0.0,0.0,0.0,true,false,S2-780456574,source2
S1-770731593,3,1,1,1,1,0.9933,0.0,0.9932,false,true,S2-375337139,source2
S1-770778983,36,0,0,0,0,0.0,0.0,0.0,true,false,S3-890074162,source3
S1-770791373,13,0,0,0,0,0.0094,0.0015,0.0079,true,false,S2-322953932,source2
S1-770860484,1,0,0,0,0,0.0001,0.0,0.0001,true,false,S3-729755790,source3
S1-770925567,36,0,0,0,0,0.0,0.0,0.0,true,false,S3-95057795,source3
S1-770966295,71,0,0,0,0,0.0,0.0,0.0,true,false,S2-179151448,source2
S1-771066261,2,0,0,0,0,0.0,0.0,0.0,true,false,S3-268930420,source3
S1-771099528,37,0,0,0,0,0.0,0.0,0.0,true,false,S3-217269192,source3
S1-771447692,3,0,0,0,0,0.0,0.0,0.0,true,false,S3-114145564,source3
S1-771465672,25,0,0,0,0,0.0057,0.0001,0.0057,true,false,S2-773980260,source2
S1-771558786,12,1,1,1,1,0.9991,0.0001,0.999,false,true,S2-675722323,source2
S1-771558810,41,0,0,0,0,0.0,0.0,0.0,true,false,S2-325579297,source2
S1-771603641,1,0,0,0,0,0.0,0.0,0.0,true,false,S3-155664148,source3
S1-771625949,2,0,0,0,0,0.0001,0.0,0.0001,true,false,S2-988215092,source2
S1-771764328,1,0,0,0,0,0.0,0.0,0.0,true,false,S3-310899168,source3
S1-771779014,1,0,0,0,0,0.0,0.0,0.0,true,false,S3-740478908,source3
S1-771911197,2,0,0,0,0,0.0002,0.0001,0.0001,true,false,S3-759738336,source3
S1-771952998,3,0,0,0,0,0.0,0.0,0.0,true,false,S3-173839172,source3
S1-772103197,1,0,0,0,0,0.0,0.0,0.0,true,false,S2-516231850,source2
S1-772116613,62,0,0,0,0,0.0002,0.0001,0.0001,true,false,S3-761713325,source3
S1-772206043,1,0,0,0,0,0.0,0.0,0.0,true,false,S2-903948841,source2
S1-772339910,2,0,0,0,0,0.0,0.0,0.0,true,false,S2-958021210,source2
S1-772495903,1,0,0,0,0,0.0,0.0,0.0,true,false,S2-461968933,source2
S1-772561948,2,0,0,0,0,0.0001,0.0,0.0001,true,false,S3-180426936,source3
S1-772578131,1,0,0,0,0,0.0001,0.0,0.0001,true,false,S3-983769284,source3
S1-773281833,2,0,0,0,0,0.0,0.0,0.0,true,false,S2-738385108,source2
S1-773320212,1,0,0,0,0,0.0,0.0,0.0,true,false,S3-307232744,source3
S1-773359920,2,0,0,0,0,0.0001,0.0,0.0,true,false,S2-59175936,source2
S1-773611878,1,0,0,0,0,0.0,0.0,0.0,true,false,S2-562839435,source2
S1-773679382,1,0,0,0,0,0.0,0.0,0.0,true,false,S2-738410469,source2
S1-773721153,2,1,1,1,1,0.9866,0.0,0.9866,false,true,S3-329211545,source3
S1-77374624,7,0,0,0,0,0.0001,0.0,0.0001,true,false,S2-138068334,source2
S1-773889195,32,0,0,0,0,0.0,0.0,0.0,true,false,S3-828431171,source3
S1-773898098,2,0,0,0,0,0.0,0.0,0.0,true,false,S3-278002806,source3
S1-773953924,39,0,0,0,0,0.0,0.0,0.0,true,false,S2-577185315,source2
S1-773968745,1,1,1,1,1,0.9984,0.0,0.9984,false,true,S2-485979799,source2
S1-774018151,4,0,0,0,0,0.0,0.0,0.0,true,false,S3-30751501,source3
S1-774022287,1,1,1,1,1,0.9992,0.0,0.9992,false,true,S2-48217088,source2
S1-774049047,2,0,0,0,0,0.0,0.0,0.0,true,false,S3-643747530,source3
S1-774051355,1,1,1,1,1,0.9912,0.0,0.9912,false,true,S3-566229450,source3
S1-774070269,1,0,0,0,0,0.0,0.0,0.0,true,false,S3-209901203,source3
S1-774275125,3,0,0,0,0,0.0001,0.0,0.0,true,false,S2-237192108,source2
S1-774503485,1,0,0,0,0,0.0,0.0,0.0,true,false,S3-50546112,source3
S1-774556681,58,0,0,0,0,0.0,0.0,0.0,true,false,S2-44010204,source2
S1-774562126,2,0,0,0,0,0.0,0.0,0.0,true,false,S3-776332294,source3
S1-774613130,54,0,0,0,0,0.0,0.0,0.0,true,false,S3-670025369,source3
S1-774645132,1,0,0,0,0,0.0,0.0,0.0,true,false,S2-861944585,source2
S1-774729189,1,0,0,0,0,0.0001,0.0,0.0001,true,false,S2-463495191,source2
S1-7750081,13,0,0,0,0,0.0008,0.0003,0.0004,true,false,S3-409841382,source3
S1-775042508,42,0,0,0,0,0.0,0.0,0.0,true,false,S2-621450423,source2
S1-775160533,2,0,0,0,0,0.0,0.0,0.0,true,false,S3-580929482,source3
S1-775200779,1,0,0,0,0,0.0,0.0,0.0,true,false,S3-679998017,source3
S1-775249786,2,0,0,0,0,0.0,0.0,0.0,true,false,S3-617750130,source3
S1-775283044,1,0,1,0,0,0.8846,0.0,0.8846,true,false,S2-559911916,source2
S1-775361341,49,0,0,0,0,0.0232,0.0,0.0232,true,false,S2-804860148,source2
S1-7754071,1,0,0,0,0,0.0,0.0,0.0,true,false,S3-368732596,source3
S1-775526960,1,0,0,0,0,0.0,0.0,0.0,true,false,S2-960400516,source2
S1-77557834,1,0,0,0,0,0.0,0.0,0.0,true,false,S2-552404741,source2
S1-77567238,1,1,0,0,0,0.0011,0.0,0.0011,false,true,S3-923426508,source3
S1-775976356,1,1,1,1,1,0.9861,0.0,0.9861,false,true,S3-825208927,source3
S1-775992235,1,0,0,0,0,0.0,0.0,0.0,true,false,S2-602353889,source2
S1-776050576,51,0,0,0,0,0.0,0.0,0.0,true,false,S3-795877392,source3
S1-776254746,2,0,0,0,0,0.0,0.0,0.0,true,false,S2-651408942,source2
S1-7764007,3,0,0,0,0,0.0,0.0,0.0,true,false,S2-746013967,source2
S1-776420280,2,1,0,0,0,0.0372,0.0,0.0372,false,true,S3-247061270,source3
S1-776480618,4,0,0,0,0,0.0004,0.0001,0.0003,true,false,S2-659530378,source2
S1-776568553,58,0,0,0,0,0.0,0.0,0.0,true,false,S2-315957452,source2
S1-776620563,3,0,0,0,0,0.0001,0.0,0.0,true,false,S2-478584411,source2
S1-776757673,2,0,0,0,0,0.0,0.0,0.0,true,false,S2-654622206,source2
S1-776777072,1,1,0,0,0,0.5905,0.0,0.5905,false,true,S2-203124047,source2
S1-776811355,12,0,0,0,0,0.0,0.0,0.0,true,false,S3-24664043,source3
S1-776819873,1,0,0,0,0,0.0004,0.0,0.0004,true,false,S2-496500351,source2
S1-776896195,1,0,0,0,0,0.0,0.0,0.0,true,false,S3-818705269,source3
S1-77702647,36,0,0,0,0,0.0,0.0,0.0,true,false,S3-734454657,source3
S1-777053065,1,0,0,0,0,0.0,0.0,0.0,true,false,S2-290113153,source2
S1-777091008,1,0,0,0,0,0.0,0.0,0.0,true,false,S2-445366378,source2
S1-777165667,32,0,0,0,0,0.0,0.0,0.0,true,false,S2-996324865,source2
S1-777229849,1,0,0,0,0,0.0,0.0,0.0,true,false,S2-751644079,source2
S1-777263507,1,0,0,0,0,0.0,0.0,0.0,true,false,S3-779164718,source3
S1-777508980,33,0,0,0,0,0.0,0.0,0.0,true,false,S3-202445256,source3
S1-777547385,8,0,0,0,0,0.0001,0.0001,0.0,true,false,S3-535324546,source3
S1-777550634,1,0,0,0,0,0.0003,0.0,0.0003,true,false,S3-33614354,source3
S1-777953704,3,0,0,0,0,0.0122,0.0001,0.0122,true,false,S3-817093711,source3
S1-778042690,29,0,0,0,0,0.0,0.0,0.0,true,false,S3-560133562,source3
S1-778047090,1,0,0,0,0,0.0,0.0,0.0,true,false,S3-169522525,source3
S1-778073138,60,0,0,0,0,0.0,0.0,0.0,true,false,S3-90285063,source3
S1-778096501,21,0,0,0,0,0.0,0.0,0.0,true,false,S2-583759683,source2
S1-778151711,1,0,0,0,0,0.0,0.0,0.0,true,false,S3-133924988,source3
S1-77816613,2,0,0,0,0,0.0,0.0,0.0,true,false,S2-257062520,source2
S1-77824256,2,0,0,0,0,0.0001,0.0,0.0001,true,false,S3-771024855,source3
S1-778632723,74,0,0,0,0,0.0002,0.0,0.0002,true,false,S3-807892069,source3
S1-778679939,3,0,0,0,0,0.0,0.0,0.0,true,false,S3-392855736,source3
S1-778795345,3,0,0,0,0,0.0001,0.0001,0.0,true,false,S2-64983742,source2
S1-778830470,1,1,1,1,1,0.9996,0.0,0.9996,false,true,S2-284919985,source2
S1-77885305,1,0,0,0,0,0.0,0.0,0.0,true,false,S2-637256134,source2
S1-778998051,2,0,0,0,0,0.0,0.0,0.0,true,false,S3-323496999,source3
S1-779180246,3,0,0,0,0,0.0,0.0,0.0,true,false,S2-280281387,source2
S1-779191568,1,0,0,0,0,0.0,0.0,0.0,true,false,S3-460771601,source3
S1-779310084,1,0,0,0,0,0.0,0.0,0.0,true,false,S3-562460845,source3
S1-779452630,51,0,0,0,0,0.0,0.0,0.0,true,false,S3-589621314,source3
S1-779455754,1,0,0,0,0,0.0,0.0,0.0,true,false,S3-114954984,source3
S1-779827243,1,0,0,0,0,0.0,0.0,0.0,true,false,S3-875191268,source3
S1-779907701,21,0,0,0,0,0.0,0.0,0.0,true,false,S3-776783945,source3
S1-779912309,35,1,1,1,1,0.9992,0.3959,0.6033,false,true,S2-269215494,source2
S1-779962572,1,0,0,0,0,0.0001,0.0,0.0001,true,false,S2-151722874,source2
S1-780007168,7,0,0,0,0,0.0,0.0,0.0,true,false,S3-13757641,source3
S1-780331711,1,0,0,0,0,0.0,0.0,0.0,true,false,S2-838874302,source2
S1-780377540,5,0,0,0,0,0.0,0.0,0.0,true,false,S2-726712781,source2
S1-780404292,66,1,1,1,1,0.999,0.0,0.999,false,true,S2-151242144,source2
S1-78049682,1,0,0,0,0,0.0,0.0,0.0,true,false,S3-602478593,source3
S1-780502827,4,0,0,0,0,0.0001,0.0,0.0,true,false,S3-994994254,source3
S1-780599979,5,0,0,0,0,0.0001,0.0,0.0001,true,false,S3-585749228,source3
S1-780642176,1,0,0,0,0,0.0,0.0,0.0,true,false,S2-637751841,source2
S1-780690767,2,0,0,0,0,0.0001,0.0,0.0001,true,false,S2-488021890,source2
S1-780745371,39,0,0,0,0,0.0002,0.0001,0.0001,true,false,S3-320718948,source3
S1-78078135,39,0,0,0,0,0.0,0.0,0.0,true,false,S2-701481840,source2
S1-780891026,37,0,0,0,0,0.0,0.0,0.0,true,false,S3-823738212,source3
S1-781037326,1,1,1,1,1,0.998,0.0,0.998,false,true,S2-152180456,source2
S1-781046085,3,0,0,0,0,0.0001,0.0,0.0,true,false,S3-464000961,source3
S1-781085857,10,0,0,0,0,0.0003,0.0001,0.0002,true,false,S2-554240473,source2
S1-781229538,37,0,0,0,0,0.0001,0.0,0.0,true,false,S2-771543933,source2
S1-781427197,4,0,0,0,0,0.0068,0.0001,0.0068,true,false,S2-59151486,source2
S1-781591567,1,0,0,0,0,0.0,0.0,0.0,true,false,S2-524187731,source2
S1-78167364,10,0,0,0,0,0.002,0.0002,0.0018,true,false,S3-325940811,source3
S1-781908395,44,0,0,0,0,0.0,0.0,0.0,true,false,S3-526954351,source3
S1-781931293,42,0,0,0,0,0.0,0.0,0.0,true,false,S2-98126301,source2
S1-782046705,15,0,0,0,0,0.0,0.0,0.0,true,false,S2-230056530,source2
S1-782067272,1,0,0,0,0,0.0,0.0,0.0,true,false,S2-154793268,source2
S1-782266884,1,0,0,0,0,0.0,0.0,0.0,true,false,S2-785534349,source2
S1-782287647,1,0,0,0,0,0.0001,0.0,0.0001,true,false,S2-974586577,source2
S1-782374520,11,0,0,0,0,0.0002,0.0001,0.0002,true,false,S3-561428733,source3
S1-782812175,6,0,0,0,0,0.0,0.0,0.0,true,false,S2-557541533,source2
S1-783106016,61,0,0,0,0,0.0004,0.0,0.0004,true,false,S2-436282991,source2
S1-783148417,6,0,0,0,0,0.0,0.0,0.0,true,false,S2-892507005,source2
S1-783271110,1,0,0,0,0,0.0,0.0,0.0,true,false,S3-734454657,source3
S1-783331506,36,0,0,0,0,0.0,0.0,0.0,true,false,S2-564112793,source2
S1-7835610,17,0,0,0,0,0.0001,0.0,0.0001,true,false,S2-926892922,source2
S1-783570816,1,0,0,0,0,0.0,0.0,0.0,true,false,S2-578991888,source2
S1-783575505,58,0,0,0,0,0.0001,0.0,0.0001,true,false,S3-314382942,source3
S1-78359304,1,1,1,1,1,0.9904,0.0,0.9904,false,true,S3-9336656,source3
S1-783637741,1,0,0,0,0,0.0,0.0,0.0,true,false,S2-897372863,source2
S1-783744856,1,0,0,0,0,0.0,0.0,0.0,true,false,S2-556847846,source2
S1-783922722,4,0,0,0,0,0.0001,0.0,0.0001,true,false,S2-192199797,source2
S1-784078088,1,0,0,0,0,0.0,0.0,0.0,true,false,S3-377235247,source3
S1-78437133,1,0,0,0,0,0.0,0.0,0.0,true,false,S2-446722445,source2
S1-784413996,1,0,0,0,0,0.0,0.0,0.0,true,false,S3-604013469,source3
S1-784693509,2,0,0,0,0,0.0,0.0,0.0,true,false,S3-559761868,source3
S1-784755286,1,0,0,0,0,0.0,0.0,0.0,true,false,S3-438099214,source3
S1-784866179,1,0,0,0,0,0.0,0.0,0.0,true,false,S3-763406361,source3
S1-784942211,1,0,0,0,0,0.001,0.0,0.001,true,false,S3-888350518,source3
S1-78497462,49,0,0,0,0,0.0002,0.0,0.0002,true,false,S3-770842088,source3
S1-785182553,1,0,0,0,0,0.0,0.0,0.0,true,false,S2-160573432,source2
S1-785217014,3,0,0,0,0,0.072,0.0001,0.072,true,false,S2-646353252,source2
S1-785277166,13,0,0,0,0,0.0001,0.0001,0.0,true,false,S3-140697332,source3
S1-785500579,2,0,0,0,0,0.0,0.0,0.0,true,false,S2-868740769,source2
S1-785583589,2,0,0,0,0,0.0,0.0,0.0,true,false,S2-781718239,source2
S1-78569926,1,0,0,0,0,0.0001,0.0,0.0001,true,false,S2-667184667,source2
S1-785779271,5,0,0,0,0,0.0001,0.0001,0.0,true,false,S2-259069331,source2
S1-785846223,1,1,1,1,1,0.9967,0.0,0.9967,false,true,S2-166889649,source2
S1-785878457,24,0,0,0,0,0.0,0.0,0.0,true,false,S2-795289018,source2
S1-786075350,1,0,0,0,0,0.0,0.0,0.0,true,false,S2-801181765,source2
S1-786104155,36,0,0,0,0,0.0,0.0,0.0,true,false,S2-69730118,source2
S1-786138952,3,0,0,0,0,0.0001,0.0,0.0,true,false,S2-903779353,source2
S1-786375823,1,0,0,0,0,0.0,0.0,0.0,true,false,S3-30660442,source3
S1-786529142,1,0,0,0,0,0.0,0.0,0.0,true,false,S3-393691814,source3
S1-786617174,1,0,0,0,0,0.0,0.0,0.0,true,false,S3-915724522,source3
S1-786623136,8,0,0,0,0,0.0002,0.0002,0.0001,true,false,S3-321746892,source3
S1-786761991,2,0,0,0,0,0.0,0.0,0.0,true,false,S2-182485473,source2
S1-787138197,2,0,0,0,0,0.0,0.0,0.0,true,false,S3-467538300,source3
S1-78717778,1,0,0,0,0,0.0,0.0,0.0,true,false,S3-466257162,source3
S1-787181232,27,0,0,0,0,0.0,0.0,0.0,true,false,S2-956723748,source2
S1-787181809,2,0,0,0,0,0.0,0.0,0.0,true,false,S3-163465081,source3
S1-78719827,3,0,0,0,0,0.0,0.0,0.0,true,false,S3-499205390,source3
S1-787212371,17,0,0,0,0,0.0001,0.0,0.0001,true,false,S3-497508886,source3
S1-787435400,30,0,0,0,0,0.0,0.0,0.0,true,false,S2-56550641,source2
S1-787470346,1,0,0,0,0,0.0163,0.0,0.0163,true,false,S3-102714436,source3
S1-787617931,35,0,0,0,0,0.0001,0.0,0.0,true,false,S2-964879738,source2
S1-787621009,18,0,0,0,0,0.0,0.0,0.0,true,false,S2-744465230,source2
S1-78797388,37,0,0,0,0,0.0003,0.0,0.0002,true,false,S3-673460314,source3
S1-788001713,29,0,0,0,0,0.0,0.0,0.0,true,false,S2-148316858,source2
S1-788029552,1,0,0,0,0,0.0,0.0,0.0,true,false,S3-687967996,source3
S1-788209549,22,0,0,0,0,0.0,0.0,0.0,true,false,S3-194842431,source3
S1-788325700,58,0,0,0,0,0.0002,0.0,0.0002,true,false,S3-895216809,source3
S1-788449877,1,0,0,0,0,0.0001,0.0,0.0001,true,false,S2-179831547,source2
S1-788463387,1,0,0,0,0,0.0,0.0,0.0,true,false,S2-808892754,source2
S1-788505257,1,0,0,0,0,0.0,0.0,0.0,true,false,S2-681269914,source2
S1-788651638,5,0,0,0,0,0.0541,0.0044,0.0498,true,false,S2-97506029,source2
S1-788667618,1,0,0,0,0,0.0,0.0,0.0,true,false,S2-736167731,source2
S1-788687417,24,0,0,0,0,0.0,0.0,0.0,true,false,S2-491719252,source2
S1-788707126,1,0,0,0,0,0.0,0.0,0.0,true,false,S3-473649335,source3
S1-788715093,2,0,0,0,0,0.0,0.0,0.0,true,false,S3-338871483,source3
S1-788728015,1,0,0,0,0,0.0001,0.0,0.0001,true,false,S2-566737083,source2
S1-788753280,1,1,1,1,1,0.9983,0.0,0.9983,false,true,S3-311070982,source3
S1-788856813,3,0,0,0,0,0.0,0.0,0.0,true,false,S3-111127969,source3
S1-788981743,1,1,0,0,0,0.3347,0.0,0.3347,false,true,S3-91350493,source3
S1-789055894,39,0,0,0,0,0.0,0.0,0.0,true,false,S3-632405952,source3
S1-789359817,48,0,0,0,0,0.0,0.0,0.0,true,false,S2-550340079,source2
S1-789361403,2,0,0,0,0,0.0,0.0,0.0,true,false,S2-437365796,source2
S1-789383606,43,0,0,0,0,0.0,0.0,0.0,true,false,S2-907395422,source2
S1-789405085,13,0,0,0,0,0.0,0.0,0.0,true,false,S2-412035440,source2
S1-789416032,8,1,1,1,1,0.9988,0.0,0.9988,false,true,S2-571749533,source2
S1-789635046,42,0,0,0,0,0.0,0.0,0.0,true,false,S2-832911459,source2
S1-789651902,1,0,0,0,0,0.0,0.0,0.0,true,false,S3-657015167,source3
S1-789717391,38,0,0,0,0,0.0,0.0,0.0,true,false,S2-17933853,source2
S1-789720312,2,0,0,0,0,0.0,0.0,0.0,true,false,S2-595079104,source2
S1-789794648,11,0,0,0,0,0.0001,0.0,0.0001,true,false,S2-418033252,source2
S1-789873937,6,0,0,0,0,0.0006,0.0005,0.0001,true,false,S3-87811429,source3
S1-789943413,23,0,0,0,0,0.6011,0.0,0.601,true,false,S3-26410598,source3
S1-790035065,45,0,0,0,0,0.0,0.0,0.0,true,false,S3-578653004,source3
S1-790135384,1,1,1,1,1,0.9758,0.0,0.9758,false,true,S3-526068711,source3
S1-790148312,1,0,0,0,0,0.0,0.0,0.0,true,false,S3-254451157,source3
S1-790201877,1,0,0,0,0,0.0,0.0,0.0,true,false,S3-285595037,source3
S1-79022069,1,0,0,0,0,0.0,0.0,0.0,true,false,S3-218132218,source3
S1-790294820,40,0,0,0,0,0.0,0.0,0.0,true,false,S3-430273360,source3
S1-79044347,5,0,0,0,0,0.0,0.0,0.0,true,false,S3-967005338,source3
S1-790495555,11,0,0,0,0,0.0001,0.0,0.0001,true,false,S3-339013298,source3
S1-790745501,2,0,0,0,0,0.0,0.0,0.0,true,false,S2-684088654,source2
S1-79074873,36,0,0,0,0,0.0,0.0,0.0,true,false,S3-666408439,source3
S1-790775747,42,0,0,0,0,0.0,0.0,0.0,true,false,S3-495382572,source3
S1-790863534,1,0,0,0,0,0.0,0.0,0.0,true,false,S2-183821477,source2
S1-790919771,41,0,0,0,0,0.0005,0.0001,0.0005,true,false,S2-47702572,source2
S1-790949391,62,0,0,0,0,0.0002,0.0,0.0002,true,false,S3-30330733,source3
S1-791094687,8,0,0,0,0,0.0,0.0,0.0,true,false,S3-723396580,source3
S1-791107630,1,0,0,0,0,0.0028,0.0,0.0028,true,false,S2-591854940,source2
S1-791149482,67,0,0,0,0,0.0011,0.0002,0.0009,true,false,S3-210567387,source3
S1-791159642,1,0,0,0,0,0.0,0.0,0.0,true,false,S3-991170445,source3
S1-791198329,4,0,0,0,0,0.0002,0.0,0.0001,true,false,S3-75273406,source3
S1-791201903,4,0,0,0,0,0.0148,0.0,0.0148,true,false,S2-262225869,source2
S1-791217329,1,0,0,0,0,0.0001,0.0,0.0001,true,false,S2-903446816,source2
S1-791398800,2,0,0,0,0,0.0,0.0,0.0,true,false,S3-49065974,source3
S1-791484925,1,0,0,0,0,0.0,0.0,0.0,true,false,S2-539145687,source2
S1-79160623,2,0,0,0,0,0.0,0.0,0.0,true,false,S2-318022815,source2
S1-791737059,1,0,0,0,0,0.0,0.0,0.0,true,false,S3-343714529,source3
S1-791819211,33,0,0,0,0,0.0,0.0,0.0,true,false,S3-169632360,source3
S1-791866186,2,0,0,0,0,0.0,0.0,0.0,true,false,S2-792199015,source2
S1-791906428,1,1,1,1,1,0.9898,0.0,0.9898,false,true,S3-997089709,source3
S1-791937290,1,0,0,0,0,0.0,0.0,0.0,true,false,S2-263087763,source2
S1-792129331,54,0,0,0,0,0.0,0.0,0.0,true,false,S2-118654969,source2
S1-792167391,28,0,0,0,0,0.0,0.0,0.0,true,false,S2-317977074,source2
S1-792234199,1,0,0,0,0,0.0,0.0,0.0,true,false,S2-581676472,source2
S1-792347633,1,0,0,0,0,0.0001,0.0,0.0001,true,false,S2-752508714,source2
S1-792399269,38,0,0,0,0,0.0,0.0,0.0,true,false,S3-126940365,source3
S1-792524876,12,0,0,0,0,0.0001,0.0001,0.0,true,false,S3-119259061,source3
S1-792718315,1,0,0,0,0,0.0,0.0,0.0,true,false,S3-187245639,source3
S1-792975315,1,0,0,0,0,0.0,0.0,0.0,true,false,S3-108907878,source3
S1-793019850,1,0,0,0,0,0.0,0.0,0.0,true,false,S2-718999314,source2
S1-793122880,72,0,0,0,0,0.0002,0.0002,0.0,true,false,S3-223601181,source3
S1-793227319,58,0,0,0,0,0.0,0.0,0.0,true,false,S2-125209350,source2
S1-793274075,12,0,0,0,0,0.0001,0.0,0.0001,true,false,S2-32461760,source2
S1-793510573,1,0,0,0,0,0.0,0.0,0.0,true,false,S2-560902508,source2
S1-793595080,47,0,0,0,0,0.0,0.0,0.0,true,false,S2-807468869,source2
S1-793820634,33,0,0,0,0,0.0,0.0,0.0,true,false,S3-169632360,source3
S1-794050914,32,0,0,0,0,0.0,0.0,0.0,true,false,S3-414879796,source3
S1-794241566,3,0,0,0,0,0.0,0.0,0.0,true,false,S2-593786798,source2
S1-794451397,30,0,0,0,0,0.0001,0.0,0.0001,true,false,S3-200550392,source3
S1-794527744,50,0,0,0,0,0.0,0.0,0.0,true,false,S2-238323284,source2
S1-794641315,68,0,0,0,0,0.0002,0.0,0.0002,true,false,S3-825977561,source3
S1-794691078,1,0,0,0,0,0.0,0.0,0.0,true,false,S3-597480115,source3
S1-794810952,30,0,0,0,0,0.0001,0.0,0.0001,true,false,S3-489436323,source3
S1-794855608,1,0,0,0,0,0.0001,0.0,0.0001,true,false,S2-306085496,source2
S1-794999036,1,0,0,0,0,0.0,0.0,0.0,true,false,S2-288936479,source2
S1-795077410,77,0,0,0,0,0.0,0.0,0.0,true,false,S2-272161521,source2
S1-795205841,1,0,0,0,0,0.0001,0.0,0.0001,true,false,S2-874413509,source2
S1-79522018,48,0,0,0,0,0.0,0.0,0.0,true,false,S3-962263643,source3
S1-795331547,1,0,0,0,0,0.0,0.0,0.0,true,false,S3-806195869,source3
S1-795480688,11,0,0,0,0,0.0008,0.0005,0.0002,true,false,S3-248865773,source3
S1-795547171,1,0,0,0,0,0.0,0.0,0.0,true,false,S3-159706237,source3
S1-795627340,41,0,0,0,0,0.0,0.0,0.0,true,false,S2-706615728,source2
S1-795631320,38,0,0,0,0,0.0,0.0,0.0,true,false,S3-454678377,source3
S1-795714259,38,0,0,0,0,0.0,0.0,0.0,true,false,S3-979019329,source3
S1-795752694,1,0,0,0,0,0.0,0.0,0.0,true,false,S2-7988961,source2
S1-795915943,3,1,0,0,0,0.1001,0.0,0.1,false,true,S2-242231390,source2
S1-796091373,39,0,0,0,0,0.0002,0.0,0.0001,true,false,S3-904915098,source3
S1-796171642,1,0,0,0,0,0.0,0.0,0.0,true,false,S3-321552324,source3
S1-796199937,2,0,0,0,0,0.0,0.0,0.0,true,false,S3-437033673,source3
S1-796247752,2,0,0,0,0,0.0,0.0,0.0,true,false,S2-526536178,source2
S1-796253980,4,1,1,1,1,0.9987,0.0,0.9987,false,true,S3-627281039,source3
S1-796400222,22,0,0,0,0,0.0,0.0,0.0,true,false,S3-2647016,source3
S1-796409664,3,0,0,0,0,0.0001,0.0,0.0001,true,false,S3-505325375,source3
S1-796411265,8,0,0,0,0,0.0035,0.0001,0.0034,true,false,S2-810148750,source2
S1-796413451,5,0,0,0,0,0.0001,0.0,0.0001,true,false,S3-516615976,source3
S1-79650576,3,0,0,0,0,0.0,0.0,0.0,true,false,S2-840637471,source2
S1-796524983,4,0,0,0,0,0.0,0.0,0.0,true,false,S2-308520060,source2
S1-796589526,2,0,0,0,0,0.0,0.0,0.0,true,false,S3-489913201,source3
S1-79661390,41,0,0,0,0,0.0,0.0,0.0,true,false,S3-831097416,source3
S1-796628292,1,0,0,0,0,0.0,0.0,0.0,true,false,S2-471008413,source2
S1-796746643,1,0,0,0,0,0.0,0.0,0.0,true,false,S3-144677180,source3
S1-79676158,55,0,0,0,0,0.0,0.0,0.0,true,false,S2-813054624,source2
S1-796867952,1,1,1,1,1,0.9952,0.0,0.9952,false,true,S2-981297220,source2
S1-796974715,2,0,0,0,0,0.0,0.0,0.0,true,false,S2-259566795,source2
S1-79700046,32,0,0,0,0,0.0,0.0,0.0,true,false,S3-867086393,source3
S1-797129295,40,0,0,0,0,0.7752,0.0,0.7752,true,false,S2-911324329,source2
S1-797557347,1,0,0,0,0,0.0001,0.0,0.0001,true,false,S2-836891281,source2
S1-797664368,34,0,0,0,0,0.0,0.0,0.0,true,false,S2-675595387,source2
S1-797713949,49,0,0,0,0,0.0302,0.0,0.0302,true,false,S3-969479300,source3
S1-797717237,35,0,0,0,0,0.0,0.0,0.0,true,false,S2-508087995,source2
S1-797929654,2,0,0,0,0,0.0,0.0,0.0,true,false,S3-52876022,source3
S1-797931932,6,0,0,0,0,0.0,0.0,0.0,true,false,S2-736811415,source2
S1-798072771,3,0,0,0,0,0.0,0.0,0.0,true,false,S3-131247763,source3
S1-798093763,3,0,0,0,0,0.0,0.0,0.0,true,false,S3-212279966,source3
S1-798293084,7,0,0,0,0,0.0,0.0,0.0,true,false,S3-427647262,source3
S1-798327899,1,1,1,1,1,0.9956,0.0,0.9956,false,true,S2-598036546,source2
S1-798505895,9,0,0,0,0,0.0,0.0,0.0,true,false,S2-49068773,source2
S1-798628484,1,0,0,0,0,0.0,0.0,0.0,true,false,S3-779543351,source3
S1-798808592,1,0,0,0,0,0.0,0.0,0.0,true,false,S2-879463877,source2
S1-798921461,1,0,0,0,0,0.0,0.0,0.0,true,false,S3-474657080,source3
S1-798978238,2,0,0,0,0,0.0001,0.0,0.0001,true,false,S3-969181489,source3
S1-799050863,35,0,0,0,0,0.0,0.0,0.0,true,false,S3-696133812,source3
S1-799126736,38,0,0,0,0,0.0,0.0,0.0,true,false,S2-543459874,source2
S1-799178762,1,0,0,0,0,0.0,0.0,0.0,true,false,S3-656754823,source3
S1-799185203,1,0,0,0,0,0.0,0.0,0.0,true,false,S3-891743253,source3
S1-799416225,58,0,0,0,0,0.0,0.0,0.0,true,false,S2-721828148,source2
S1-799441111,1,0,0,0,0,0.0014,0.0,0.0014,true,false,S3-208747740,source3
S1-79971379,2,0,0,0,0,0.0,0.0,0.0,true,false,S2-459946441,source2
S1-799717182,36,1,1,1,1,0.9954,0.0,0.9954,false,true,S2-635731389,source2
S1-800018608,3,0,0,0,0,0.0,0.0,0.0,true,false,S3-881065183,source3
S1-800025531,1,0,0,0,0,0.0,0.0,0.0,true,false,S3-335051228,source3
S1-800089605,26,0,0,0,0,0.0002,0.0,0.0002,true,false,S3-398251567,source3
S1-800125177,1,0,0,0,0,0.0,0.0,0.0,true,false,S2-409306265,source2
S1-800294363,1,0,0,0,0,0.0,0.0,0.0,true,false,S2-865286567,source2
S1-800547436,1,0,0,0,0,0.0,0.0,0.0,true,false,S3-275507128,source3
S1-80059466,1,0,0,0,0,0.0,0.0,0.0,true,false,S3-877865216,source3
S1-800669870,2,0,0,0,0,0.0,0.0,0.0,true,false,S2-150989687,source2
S1-80070223,1,0,0,0,0,0.0002,0.0,0.0002,true,false,S2-581593040,source2
S1-80084771,4,0,0,0,0,0.0,0.0,0.0,true,false,S3-571388277,source3
S1-800869174,1,0,0,0,0,0.0,0.0,0.0,true,false,S2-508314587,source2
S1-800908425,1,0,0,0,0,0.0,0.0,0.0,true,false,S2-387699350,source2
S1-801027691,35,0,0,0,0,0.0001,0.0,0.0001,true,false,S3-806252660,source3
S1-80104790,1,0,0,0,0,0.0,0.0,0.0,true,false,S2-195364660,source2
S1-801054696,1,1,1,1,1,0.9997,0.0,0.9997,false,true,S3-773621644,source3
S1-801069705,1,1,1,1,1,0.9994,0.0,0.9994,false,true,S2-665803822,source2
S1-801117232,3,0,0,0,0,0.0003,0.0,0.0003,true,false,S3-152537826,source3
S1-801212938,1,0,0,0,0,0.0,0.0,0.0,true,false,S3-432315802,source3
S1-801339191,1,0,0,0,0,0.0001,0.0,0.0001,true,false,S3-348918040,source3
S1-801344377,1,0,0,0,0,0.0,0.0,0.0,true,false,S3-151897435,source3
S1-801512713,1,0,0,0,0,0.0,0.0,0.0,true,false,S3-867745530,source3
S1-801584662,9,0,0,0,0,0.0015,0.0001,0.0014,true,false,S3-17013823,source3
S1-801587795,30,0,0,0,0,0.0,0.0,0.0,true,false,S2-976730217,source2
S1-801884786,2,0,0,0,0,0.0003,0.0,0.0003,true,false,S2-919402587,source2
S1-801935985,1,0,0,0,0,0.0,0.0,0.0,true,false,S2-510571997,source2
S1-801944909,25,1,1,1,1,0.9943,0.0,0.9943,false,true,S3-942745770,source3
S1-802012324,1,0,0,0,0,0.0001,0.0,0.0001,true,false,S3-343333670,source3
S1-802078075,2,2,2,2,2,0.9997,0.9713,0.0284,false,true,S2-716015925,source2
S1-802288346,3,0,0,0,0,0.0344,0.0001,0.0344,true,false,S2-981505082,source2
S1-802302272,1,0,0,0,0,0.0158,0.0,0.0158,true,false,S2-617582170,source2
S1-802309215,113,0,0,0,0,0.0001,0.0,0.0,true,false,S2-841621811,source2
S1-802365085,41,0,0,0,0,0.0001,0.0,0.0,true,false,S2-425391326,source2
S1-802372222,25,0,0,0,0,0.0001,0.0,0.0001,true,false,S2-283455451,source2
S1-802385494,3,1,1,0,0,0.8307,0.0,0.8307,false,true,S3-87006130,source3
S1-802465138,23,0,0,0,0,0.002,0.0,0.002,true,false,S2-441938596,source2
S1-802494740,1,0,0,0,0,0.0,0.0,0.0,true,false,S3-417555239,source3
S1-802500385,77,0,0,0,0,0.0,0.0,0.0,true,false,S3-176901584,source3
S1-802567407,43,0,0,0,0,0.0,0.0,0.0,true,false,S3-773411934,source3
S1-802814139,1,0,0,0,0,0.0,0.0,0.0,true,false,S3-984965473,source3
S1-802814869,1,0,0,0,0,0.0,0.0,0.0,true,false,S2-808224225,source2
S1-802928655,29,0,0,0,0,0.0,0.0,0.0,true,false,S2-272107686,source2
S1-802954685,34,0,0,0,0,0.0,0.0,0.0,true,false,S3-416414284,source3
S1-802995839,1,0,0,0,0,0.0,0.0,0.0,true,false,S2-951603366,source2
S1-803074201,1,1,1,1,1,0.9991,0.0,0.9991,false,true,S2-750722980,source2
S1-803077625,3,0,0,0,0,0.0002,0.0,0.0002,true,false,S2-789711070,source2
S1-803172700,1,0,0,0,0,0.0,0.0,0.0,true,false,S3-273352215,source3
S1-803190779,3,0,0,0,0,0.0,0.0,0.0,true,false,S3-691533934,source3
S1-803421408,19,0,0,0,0,0.0001,0.0,0.0,true,false,S2-78399921,source2
S1-803590345,2,0,0,0,0,0.0001,0.0001,0.0001,true,false,S3-555286550,source3
S1-803651013,1,0,0,0,0,0.0001,0.0,0.0001,true,false,S2-982246024,source2
S1-803677059,1,0,0,0,0,0.0,0.0,0.0,true,false,S3-376275426,source3
S1-80370736,1,0,0,0,0,0.0,0.0,0.0,true,false,S3-480330878,source3
S1-803750619,50,0,0,0,0,0.0001,0.0,0.0001,true,false,S2-238323284,source2
S1-803834519,2,0,0,0,0,0.0,0.0,0.0,true,false,S2-797663305,source2
S1-803967862,4,0,0,0,0,0.0016,0.0,0.0016,true,false,S2-262225869,source2
S1-804091291,43,0,0,0,0,0.0001,0.0001,0.0,true,false,S3-950660541,source3
S1-804144697,39,0,0,0,0,0.0,0.0,0.0,true,false,S2-410788545,source2
S1-804155370,1,0,0,0,0,0.0,0.0,0.0,true,false,S3-983286781,source3
S1-804171096,3,0,0,0,0,0.0001,0.0001,0.0,true,false,S3-982286178,source3
S1-804244480,2,0,0,0,0,0.0001,0.0,0.0,true,false,S2-818865818,source2
S1-804257536,2,0,0,0,0,0.0,0.0,0.0,true,false,S2-231564735,source2
S1-804413718,2,1,1,1,1,0.9959,0.0,0.9959,false,true,S2-356314385,source2
S1-80441459,1,0,0,0,0,0.0003,0.0,0.0003,true,false,S3-179876617,source3
S1-804529270,1,0,0,0,0,0.0001,0.0,0.0001,true,false,S3-750471207,source3
S1-804572350,40,0,0,0,0,0.093,0.0,0.093,true,false,S2-17776298,source2
S1-804598535,82,0,0,0,0,0.0101,0.0003,0.0098,true,false,S2-413974476,source2
S1-804634674,3,0,0,0,0,0.0,0.0,0.0,true,false,S3-191556252,source3
S1-804663373,1,0,0,0,0,0.0,0.0,0.0,true,false,S2-694815318,source2
S1-804955332,32,0,0,0,0,0.0001,0.0,0.0001,true,false,S3-445638797,source3
S1-805097146,26,0,0,0,0,0.0,0.0,0.0,true,false,S2-640033670,source2
S1-805151810,60,0,0,0,0,0.0011,0.0004,0.0007,true,false,S2-501445079,source2
S1-805230089,1,0,0,0,0,0.0,0.0,0.0,true,false,S3-679152021,source3
S1-805278587,1,0,0,0,0,0.0,0.0,0.0,true,false,S2-79611911,source2
S1-805318301,1,0,0,0,0,0.0,0.0,0.0,true,false,S2-679532669,source2
S1-805478992,1,0,0,0,0,0.0,0.0,0.0,true,false,S2-311361978,source2
S1-805535132,39,0,0,0,0,0.0,0.0,0.0,true,false,S3-768860948,source3
S1-805549305,30,0,0,0,0,0.0,0.0,0.0,true,false,S3-172089780,source3
S1-805580958,30,0,0,0,0,0.0,0.0,0.0,true,false,S3-549523415,source3
S1-805743736,2,0,0,0,0,0.0001,0.0,0.0001,true,false,S3-491576914,source3
S1-805768558,1,0,0,0,0,0.0,0.0,0.0,true,false,S3-984965473,source3
S1-805838195,6,0,0,0,0,0.0,0.0,0.0,true,false,S2-380796793,source2
S1-805963237,2,0,0,0,0,0.0,0.0,0.0,true,false,S3-57497849,source3
S1-80598829,8,0,0,0,0,0.001,0.0002,0.0008,true,false,S2-836478616,source2
S1-806145538,38,0,0,0,0,0.0002,0.0,0.0002,true,false,S2-668588671,source2
S1-806230810,50,0,0,0,0,0.0582,0.0001,0.0581,true,false,S2-362132747,source2
S1-80624456,1,0,0,0,0,0.0,0.0,0.0,true,false,S2-952052122,source2
S1-806290969,37,0,0,0,0,0.0,0.0,0.0,true,false,S3-668513467,source3
S1-806364087,4,0,0,0,0,0.0001,0.0,0.0,true,false,S2-269161832,source2
S1-806385002,46,0,0,0,0,0.0,0.0,0.0,true,false,S3-141307597,source3
S1-806436690,1,0,0,0,0,0.0,0.0,0.0,true,false,S3-440902104,source3
S1-806554991,29,0,0,0,0,0.0,0.0,0.0,true,false,S3-185646383,source3
S1-806640458,2,0,0,0,0,0.0,0.0,0.0,true,false,S2-939628035,source2
S1-806721200,5,0,0,0,0,0.0,0.0,0.0,true,false,S3-71438279,source3
S1-8068264,1,0,0,0,0,0.0,0.0,0.0,true,false,S3-596029979,source3
S1-806869003,17,0,0,0,0,0.0009,0.0007,0.0003,true,false,S3-990707716,source3
S1-806874623,1,0,0,0,0,0.0,0.0,0.0,true,false,S3-260455973,source3
S1-806964955,1,0,0,0,0,0.0,0.0,0.0,true,false,S2-537772410,source2
S1-80713863,43,0,0,0,0,0.0,0.0,0.0,true,false,S2-366835555,source2
S1-807215192,1,0,0,0,0,0.0,0.0,0.0,true,false,S2-222791096,source2
S1-807438812,1,0,0,0,0,0.0001,0.0,0.0001,true,false,S2-993588286,source2
S1-807525840,1,0,0,0,0,0.0,0.0,0.0,true,false,S3-669302805,source3
S1-807527947,4,0,0,0,0,0.0003,0.0002,0.0001,true,false,S2-921362349,source2
S1-807555566,1,0,0,0,0,0.0,0.0,0.0,true,false,S3-826512377,source3
S1-807634832,31,0,0,0,0,0.0001,0.0,0.0001,true,false,S3-758094579,source3
S1-807688831,1,0,0,0,0,0.0,0.0,0.0,true,false,S3-491509207,source3
S1-808022453,1,0,0,0,0,0.0,0.0,0.0,true,false,S3-459858818,source3
S1-808183110,22,0,0,0,0,0.0,0.0,0.0,true,false,S3-834328940,source3
S1-808239665,3,0,0,0,0,0.0196,0.0,0.0196,true,false,S2-883927414,source2
S1-808296718,1,1,1,1,1,0.9998,0.0,0.9998,false,true,S3-814932342,source3
S1-808476192,45,0,0,0,0,0.0,0.0,0.0,true,false,S2-264141733,source2
S1-808492569,1,0,0,0,0,0.0,0.0,0.0,true,false,S2-13993842,source2
S1-808610630,1,0,0,0,0,0.0,0.0,0.0,true,false,S2-874300009,source2
S1-808699530,1,0,0,0,0,0.0,0.0,0.0,true,false,S2-939220493,source2
S1-808707137,1,0,0,0,0,0.0,0.0,0.0,true,false,S2-174939675,source2
S1-808713404,1,0,0,0,0,0.0,0.0,0.0,true,false,S2-200267070,source2
S1-808724970,1,0,0,0,0,0.0,0.0,0.0,true,false,S2-390711363,source2
S1-808835688,1,0,0,0,0,0.0,0.0,0.0,true,false,S2-456957169,source2
S1-808939887,1,0,0,0,0,0.0,0.0,0.0,true,false,S2-683151381,source2
S1-808997676,4,0,0,0,0,0.0,0.0,0.0,true,false,S2-58208396,source2
S1-8091184,1,0,0,0,0,0.0,0.0,0.0,true,false,S3-138236065,source3
S1-8092452,6,1,1,1,1,0.9734,0.0001,0.9733,false,true,S3-183988476,source3
S1-809246338,2,0,0,0,0,0.0,0.0,0.0,true,false,S3-189184509,source3
S1-809262162,1,0,0,0,0,0.0,0.0,0.0,true,false,S2-705760678,source2
S1-809269444,2,0,0,0,0,0.0,0.0,0.0,true,false,S3-309294872,source3
S1-809324970,49,0,0,0,0,0.0,0.0,0.0,true,false,S3-340689710,source3
S1-809330920,2,0,0,0,0,0.0,0.0,0.0,true,false,S3-371800312,source3
S1-809363559,2,0,0,0,0,0.0001,0.0,0.0001,true,false,S3-470809747,source3
S1-809376561,1,0,0,0,0,0.0,0.0,0.0,true,false,S3-545664817,source3
S1-809386580,1,0,0,0,0,0.0001,0.0,0.0001,true,false,S2-909960255,source2
S1-809485489,63,0,0,0,0,0.002,0.0,0.0019,true,false,S2-320726582,source2
S1-80949601,1,0,0,0,0,0.0,0.0,0.0,true,false,S3-774946579,source3
S1-80960427,58,0,0,0,0,0.0146,0.0,0.0146,true,false,S2-140392613,source2
S1-809836476,1,0,0,0,0,0.0002,0.0,0.0002,true,false,S3-773686960,source3
S1-81006101,2,0,0,0,0,0.0,0.0,0.0,true,false,S3-908553544,source3
S1-810117264,1,0,0,0,0,0.0,0.0,0.0,true,false,S2-994225718,source2
S1-810141255,1,1,1,1,1,0.9903,0.0,0.9903,false,true,S3-337973695,source3
S1-81014244,36,0,0,0,0,0.0,0.0,0.0,true,false,S3-931855762,source3
S1-810255190,41,0,0,0,0,0.001,0.0,0.0009,true,false,S3-442153398,source3
S1-810276312,4,0,0,0,0,0.0001,0.0,0.0,true,false,S3-149711160,source3
S1-810345819,2,0,0,0,0,0.0,0.0,0.0,true,false,S3-178135121,source3
S1-810418356,19,0,0,0,0,0.0044,0.0006,0.0038,true,false,S3-226330260,source3
S1-810468344,1,0,0,0,0,0.0,0.0,0.0,true,false,S2-961159582,source2
S1-810553899,38,0,0,0,0,0.0,0.0,0.0,true,false,S2-137278449,source2
S1-810654792,56,0,0,0,0,0.0364,0.0002,0.0362,true,false,S3-439802407,source3
S1-810780326,1,0,0,0,0,0.0,0.0,0.0,true,false,S3-541751156,source3
S1-810785334,2,0,0,0,0,0.0,0.0,0.0,true,false,S3-764535846,source3
S1-810841075,1,0,0,0,0,0.0,0.0,0.0,true,false,S2-646295392,source2
S1-810935316,4,0,0,0,0,0.0444,0.0001,0.0443,true,false,S3-495958250,source3
S1-811008321,53,0,0,0,0,0.0001,0.0,0.0,true,false,S3-450240063,source3
S1-811121493,83,0,0,0,0,0.0001,0.0001,0.0001,true,false,S3-660561998,source3
S1-811139720,5,0,0,0,0,0.0001,0.0001,0.0,true,false,S2-509937094,source2
S1-811156021,1,0,0,0,0,0.0,0.0,0.0,true,false,S2-543076415,source2
S1-811303740,54,0,0,0,0,0.0014,0.0001,0.0013,true,false,S2-856506069,source2
S1-811572769,2,0,0,0,0,0.0002,0.0,0.0002,true,false,S2-201028751,source2
S1-811675140,1,0,0,0,0,0.0,0.0,0.0,true,false,S3-720949803,source3
S1-811741641,32,0,0,0,0,0.0001,0.0,0.0,true,false,S3-32634960,source3
S1-811767850,1,0,0,0,0,0.0,0.0,0.0,true,false,S2-333714428,source2
S1-811793890,66,0,0,0,0,0.0,0.0,0.0,true,false,S2-755747211,source2
S1-811888279,1,0,0,0,0,0.0068,0.0,0.0068,true,false,S3-359674641,source3
S1-812134189,1,0,0,0,0,0.0001,0.0,0.0001,true,false,S3-915677601,source3
S1-812250335,1,0,0,0,0,0.0,0.0,0.0,true,false,S2-510380602,source2
S1-812450898,1,1,1,1,1,0.999,0.0,0.999,false,true,S2-760074449,source2
S1-812479165,48,0,0,0,0,0.0001,0.0,0.0,true,false,S3-147279759,source3
S1-812486340,1,0,0,0,0,0.0,0.0,0.0,true,false,S3-486378932,source3
S1-812768119,2,0,0,0,0,0.0,0.0,0.0,true,false,S3-641219561,source3
S1-812934200,1,0,0,0,0,0.0,0.0,0.0,true,false,S3-477676348,source3
S1-812960882,2,0,0,0,0,0.0,0.0,0.0,true,false,S2-127473583,source2
S1-812979334,42,0,0,0,0,0.0,0.0,0.0,true,false,S3-963175407,source3
S1-813185818,1,1,1,1,1,0.9778,0.0,0.9778,false,true,S3-51449681,source3
S1-813191679,2,1,0,0,0,0.0616,0.0,0.0616,false,true,S3-313620211,source3
S1-813278276,1,1,1,1,1,0.9749,0.0,0.9749,false,true,S3-536963847,source3
S1-813382086,1,0,0,0,0,0.0,0.0,0.0,true,false,S3-702173778,source3
S1-813397360,37,0,0,0,0,0.0,0.0,0.0,true,false,S2-487217594,source2
S1-81342157,1,0,0,0,0,0.0,0.0,0.0,true,false,S3-744588467,source3
S1-813483846,1,0,0,0,0,0.0,0.0,0.0,true,false,S2-802731424,source2
S1-81351387,57,0,0,0,0,0.0,0.0,0.0,true,false,S3-31437369,source3
S1-813777292,1,0,0,0,0,0.0,0.0,0.0,true,false,S2-951603366,source2
S1-813796548,27,0,0,0,0,0.0,0.0,0.0,true,false,S2-489213279,source2
S1-813850270,1,0,0,0,0,0.0,0.0,0.0,true,false,S3-123569279,source3
S1-81385862,2,0,0,0,0,0.0001,0.0,0.0,true,false,S3-20373051,source3
S1-813868011,1,0,0,0,0,0.0,0.0,0.0,true,false,S3-568315675,source3
S1-814036193,1,0,0,0,0,0.0,0.0,0.0,true,false,S3-308875146,source3
S1-814069711,10,0,0,0,0,0.4337,0.0001,0.4336,true,false,S3-26712756,source3
S1-814122019,6,0,0,0,0,0.0001,0.0001,0.0,true,false,S2-132513427,source2
S1-814185474,38,0,0,0,0,0.0,0.0,0.0,true,false,S2-752754412,source2
S1-814402052,1,0,0,0,0,0.0,0.0,0.0,true,false,S2-537179721,source2
S1-814402639,1,0,0,0,0,0.0,0.0,0.0,true,false,S2-893828884,source2
S1-814475089,17,0,0,0,0,0.0,0.0,0.0,true,false,S3-424192344,source3
S1-814481642,61,0,0,0,0,0.0,0.0,0.0,true,false,S3-927660716,source3
S1-814498326,43,0,0,0,0,0.0001,0.0001,0.0001,true,false,S2-490736028,source2
S1-814627073,2,0,0,0,0,0.0,0.0,0.0,true,false,S2-497513794,source2
S1-814672028,37,0,0,0,0,0.0,0.0,0.0,true,false,S3-713843932,source3
S1-81469251,3,0,0,0,0,0.0,0.0,0.0,true,false,S2-321952205,source2
S1-81487041,20,0,0,0,0,0.0,0.0,0.0,true,false,S2-998394087,source2
S1-815137005,1,0,0,0,0,0.0,0.0,0.0,true,false,S2-905476967,source2
S1-815285897,4,0,0,0,0,0.0,0.0,0.0,true,false,S3-158254065,source3
S1-815313381,1,1,0,0,0,0.4886,0.0,0.4886,false,true,S3-990946181,source3
S1-815320523,1,0,0,0,0,0.0,0.0,0.0,true,false,S3-621211150,source3
S1-815567761,53,0,0,0,0,0.0001,0.0001,0.0,true,false,S2-640742238,source2
S1-815691800,1,0,0,0,0,0.0,0.0,0.0,true,false,S3-836528037,source3
S1-815729647,22,0,0,0,0,0.0,0.0,0.0,true,false,S3-2647016,source3
S1-815745575,57,0,0,0,0,0.0,0.0,0.0,true,false,S3-86467247,source3
S1-815833725,43,0,0,0,0,0.0,0.0,0.0,true,false,S3-232376915,source3
S1-815941451,2,0,0,0,0,0.0001,0.0001,0.0,true,false,S3-177049334,source3
S1-815992670,78,0,0,0,0,0.0006,0.0,0.0006,true,false,S2-157446495,source2
S1-816057608,2,0,0,0,0,0.0731,0.0001,0.073,true,false,S2-306859024,source2
S1-816152682,2,0,0,0,0,0.0,0.0,0.0,true,false,S3-212386650,source3
S1-816350345,5,0,0,0,0,0.0002,0.0002,0.0,true,false,S2-509937094,source2
S1-816469315,3,0,0,0,0,0.0,0.0,0.0,true,false,S3-751403198,source3
S1-816652787,1,0,0,0,0,0.0,0.0,0.0,true,false,S3-415733840,source3
S1-81672187,1,1,1,1,1,0.9995,0.0,0.9995,false,true,S2-778585048,source2
S1-816742329,1,0,0,0,0,0.0,0.0,0.0,true,false,S2-927569271,source2
S1-816750033,31,0,0,0,0,0.0,0.0,0.0,true,false,S3-583433679,source3
S1-816797856,1,0,0,0,0,0.0,0.0,0.0,true,false,S3-378306795,source3
S1-81687190,1,0,0,0,0,0.0,0.0,0.0,true,false,S2-901109596,source2
S1-816888408,1,0,0,0,0,0.0,0.0,0.0,true,false,S2-509702087,source2
S1-817083015,2,0,0,0,0,0.0,0.0,0.0,true,false,S2-538805272,source2
S1-817122885,43,0,0,0,0,0.0,0.0,0.0,true,false,S2-341918859,source2
S1-817321060,1,0,0,0,0,0.0,0.0,0.0,true,false,S3-52148930,source3
S1-817322541,35,0,0,0,0,0.0,0.0,0.0,true,false,S2-745454428,source2
S1-817555065,13,0,0,0,0,0.0,0.0,0.0,true,false,S2-28177922,source2
S1-817557610,1,1,1,1,1,0.9998,0.0,0.9998,false,true,S3-592687590,source3
S1-817683544,1,0,0,0,0,0.0113,0.0,0.0113,true,false,S2-118275942,source2
S1-817880373,44,0,0,0,0,0.0,0.0,0.0,true,false,S3-516773370,source3
S1-817892512,1,0,0,0,0,0.0,0.0,0.0,true,false,S2-339853392,source2
S1-817898491,1,0,0,0,0,0.0001,0.0,0.0001,true,false,S3-53178265,source3
S1-818133811,10,0,0,0,0,0.0,0.0,0.0,true,false,S3-447926956,source3
S1-818350088,2,0,0,0,0,0.0001,0.0,0.0001,true,false,S3-478100316,source3
S1-818684163,69,0,0,0,0,0.0,0.0,0.0,true,false,S3-562970464,source3
S1-818825176,48,0,0,0,0,0.0,0.0,0.0,true,false,S2-877085471,source2
S1-81883958,37,0,0,0,0,0.0,0.0,0.0,true,false,S3-501857126,source3
S1-818936327,3,0,0,0,0,0.0,0.0,0.0,true,false,S2-422849269,source2
S1-819244531,1,0,0,0,0,0.0001,0.0,0.0001,true,false,S2-465878258,source2
S1-819244596,1,0,0,0,0,0.0002,0.0,0.0002,true,false,S3-440957991,source3
S1-819264811,1,0,0,0,0,0.0,0.0,0.0,true,false,S2-174787317,source2
S1-819325787,53,0,0,0,0,0.0002,0.0,0.0001,true,false,S3-607050537,source3
S1-819448718,13,0,0,0,0,0.0016,0.0014,0.0002,true,false,S2-851280786,source2
S1-819491897,19,0,0,0,0,0.0001,0.0001,0.0,true,false,S3-927206449,source3
S1-819546345,58,0,0,0,0,0.0002,0.0001,0.0,true,false,S3-61080787,source3
S1-81975432,56,0,0,0,0,0.0,0.0,0.0,true,false,S2-718211251,source2
S1-819851352,1,0,0,0,0,0.005,0.0,0.005,true,false,S2-356585318,source2
S1-820056377,1,0,0,0,0,0.0001,0.0,0.0001,true,false,S2-23222505,source2
S1-820112905,36,0,0,0,0,0.0,0.0,0.0,true,false,S2-353655994,source2
S1-820210423,7,0,0,0,0,0.0,0.0,0.0,true,false,S3-796523309,source3
S1-820277068,56,0,0,0,0,0.0012,0.0,0.0011,true,false,S3-711368657,source3
S1-820314747,19,0,0,0,0,0.0001,0.0,0.0,true,false,S3-401383583,source3
S1-820371961,2,0,0,0,0,0.0,0.0,0.0,true,false,S2-263331638,source2
S1-820445179,1,0,0,0,0,0.0,0.0,0.0,true,false,S2-960037045,source2
S1-820479190,2,0,0,0,0,0.0,0.0,0.0,true,false,S2-922477258,source2
S1-820521260,58,0,0,0,0,0.0,0.0,0.0,true,false,S2-657877197,source2
S1-82067179,1,1,1,1,1,0.9855,0.0,0.9855,false,true,S3-297799714,source3
S1-820691640,58,0,0,0,0,0.0,0.0,0.0,true,false,S2-710506734,source2
S1-820725900,34,0,0,0,0,0.0,0.0,0.0,true,false,S3-27549614,source3
S1-820751255,1,1,1,1,1,0.968,0.0,0.968,false,true,S2-247686446,source2
S1-820791388,67,1,1,1,1,0.9995,0.0009,0.9986,false,true,S2-442717160,source2
S1-820854608,5,0,0,0,0,0.0,0.0,0.0,true,false,S2-402049152,source2
S1-820935401,3,0,0,0,0,0.0,0.0,0.0,true,false,S3-505545651,source3
S1-820941967,3,0,0,0,0,0.0,0.0,0.0,true,false,S3-488451727,source3
S1-820968280,2,0,0,0,0,0.0,0.0,0.0,true,false,S2-844158922,source2
S1-821007067,7,0,0,0,0,0.0001,0.0,0.0,true,false,S3-440706961,source3
S1-821063848,2,0,0,0,0,0.0,0.0,0.0,true,false,S3-210718342,source3
S1-821080296,3,0,0,0,0,0.0001,0.0,0.0001,true,false,S2-840058249,source2
S1-821095370,5,0,0,0,0,0.0005,0.0001,0.0003,true,false,S3-680883719,source3
S1-821180222,1,0,0,0,0,0.0,0.0,0.0,true,false,S2-794922638,source2
S1-821203406,46,0,0,0,0,0.0,0.0,0.0,true,false,S2-111262131,source2
S1-821309706,1,0,0,0,0,0.0,0.0,0.0,true,false,S3-147619364,source3
S1-821397907,3,0,0,0,0,0.0,0.0,0.0,true,false,S2-692660385,source2
S1-82147640,1,0,0,0,0,0.0,0.0,0.0,true,false,S2-160592606,source2
S1-821667212,1,1,1,1,1,0.9835,0.0,0.9835,false,true,S3-61276340,source3
S1-821696287,39,0,0,0,0,0.0,0.0,0.0,true,false,S3-723390445,source3
S1-821827055,3,0,0,0,0,0.0,0.0,0.0,true,false,S3-639362449,source3
S1-822419577,52,0,0,0,0,0.0,0.0,0.0,true,false,S3-307554574,source3
S1-822527440,54,0,0,0,0,0.0,0.0,0.0,true,false,S2-154795306,source2
S1-822727366,2,0,0,0,0,0.0001,0.0,0.0001,true,false,S2-839287382,source2
S1-822950265,1,0,0,0,0,0.0,0.0,0.0,true,false,S3-738396459,source3
S1-823023497,8,0,0,0,0,0.0006,0.0,0.0006,true,false,S2-390323075,source2
S1-823053916,28,0,0,0,0,0.0001,0.0,0.0001,true,false,S2-477885437,source2
S1-823114441,1,0,0,0,0,0.0054,0.0,0.0054,true,false,S2-965016810,source2
S1-823262268,6,0,0,0,0,0.0,0.0,0.0,true,false,S3-113153202,source3
S1-823308696,4,0,0,0,0,0.0001,0.0,0.0,true,false,S2-626304765,source2
S1-823325036,1,0,0,0,0,0.0,0.0,0.0,true,false,S2-608945881,source2
S1-823359024,52,0,0,0,0,0.0,0.0,0.0,true,false,S2-843937862,source2
S1-823517714,2,2,2,2,2,0.9997,0.974,0.0257,false,true,S2-159047349,source2
S1-823528183,25,0,0,0,0,0.0,0.0,0.0,true,false,S2-431387186,source2
S1-823610698,2,0,0,0,0,0.2849,0.0003,0.2846,true,false,S2-269135965,source2
S1-823740485,2,0,0,0,0,0.0003,0.0001,0.0002,true,false,S3-306592033,source3
S1-823821241,1,0,0,0,0,0.6492,0.0,0.6492,true,false,S3-33938424,source3
S1-823834685,1,0,0,0,0,0.0,0.0,0.0,true,false,S2-679327723,source2
S1-824050825,1,0,0,0,0,0.0,0.0,0.0,true,false,S3-27549614,source3
S1-824076722,56,0,0,0,0,0.0,0.0,0.0,true,false,S3-7161850,source3
S1-824085845,44,0,0,0,0,0.0,0.0,0.0,true,false,S3-458595684,source3
S1-824109609,7,0,0,0,0,0.0,0.0,0.0,true,false,S2-530272800,source2
S1-824201082,22,0,0,0,0,0.0,0.0,0.0,true,false,S2-821104670,source2
S1-824202706,2,0,0,0,0,0.0,0.0,0.0,true,false,S3-138144710,source3
S1-824299111,1,0,0,0,0,0.0,0.0,0.0,true,false,S3-601501838,source3
S1-824373227,4,0,0,0,0,0.0001,0.0001,0.0,true,false,S3-78523936,source3
S1-824479232,6,0,0,0,0,0.0437,0.0,0.0437,true,false,S2-308372235,source2
S1-824502786,2,0,0,0,0,0.0,0.0,0.0,true,false,S3-338871483,source3
S1-824654297,1,0,0,0,0,0.0,0.0,0.0,true,false,S3-412565805,source3
S1-824909347,3,0,0,0,0,0.0002,0.0001,0.0001,true,false,S2-957146073,source2
S1-824919785,56,0,0,0,0,0.0,0.0,0.0,true,false,S3-301461097,source3
S1-825007057,175,0,0,0,0,0.0001,0.0,0.0,true,false,S3-508287979,source3
S1-825094693,1,0,0,0,0,0.0001,0.0,0.0001,true,false,S2-438753836,source2
S1-825265044,40,0,0,0,0,0.0,0.0,0.0,true,false,S3-179822932,source3
S1-825345518,1,1,1,0,0,0.8203,0.0,0.8203,false,true,S2-575536430,source2
S1-825346251,2,0,0,0,0,0.0001,0.0,0.0,true,false,S2-9252799,source2
S1-825588670,1,0,0,0,0,0.0,0.0,0.0,true,false,S2-756553454,source2
S1-825727265,4,0,0,0,0,0.0001,0.0,0.0,true,false,S3-860965782,source3
S1-825738764,47,0,0,0,0,0.0,0.0,0.0,true,false,S2-804860148,source2
S1-825777859,1,1,0,0,0,0.7857,0.0,0.7857,false,true,S2-736347708,source2
S1-825852772,1,0,0,0,0,0.0,0.0,0.0,true,false,S3-408234284,source3
S1-82591612,4,1,1,1,1,0.9974,0.0007,0.9967,false,true,S2-854246316,source2
S1-82597331,1,0,0,0,0,0.0,0.0,0.0,true,false,S2-574943143,source2
S1-826012053,32,0,0,0,0,0.0,0.0,0.0,true,false,S3-399853397,source3
S1-826043166,12,0,0,0,0,0.001,0.0,0.001,true,false,S3-58833913,source3
S1-826080040,1,0,0,0,0,0.0,0.0,0.0,true,false,S3-442028459,source3
S1-826235860,1,1,1,1,1,0.9969,0.0,0.9969,false,true,S3-404341586,source3
S1-82632615,49,0,0,0,0,0.0,0.0,0.0,true,false,S2-930882610,source2
S1-826486940,1,1,0,0,0,0.4223,0.0,0.4223,false,true,S3-44940343,source3
S1-826782380,1,0,0,0,0,0.0001,0.0,0.0001,true,false,S3-681365970,source3
S1-826929053,74,0,0,0,0,0.1985,0.0001,0.1984,true,false,S3-807892069,source3
S1-827071544,1,0,0,0,0,0.0,0.0,0.0,true,false,S2-622773844,source2
S1-827102573,2,0,0,0,0,0.0,0.0,0.0,true,false,S3-191683145,source3
S1-82716380,8,0,0,0,0,0.0001,0.0001,0.0,true,false,S3-201391572,source3
S1-8271658,1,0,0,0,0,0.0,0.0,0.0,true,false,S2-551297705,source2
S1-827171877,6,0,0,0,0,0.0001,0.0,0.0,true,false,S3-593791316,source3
S1-827192137,1,0,0,0,0,0.0002,0.0,0.0002,true,false,S3-553426562,source3
S1-827339545,1,0,0,0,0,0.0,0.0,0.0,true,false,S2-388524257,source2
S1-827350317,1,0,0,0,0,0.0,0.0,0.0,true,false,S3-693852793,source3
S1-827516507,2,0,0,0,0,0.0001,0.0,0.0,true,false,S3-31907577,source3
S1-827661959,18,0,0,0,0,0.0003,0.0002,0.0001,true,false,S2-248864759,source2
S1-82768236,3,0,0,0,0,0.0001,0.0001,0.0,true,false,S2-27257748,source2
S1-827759398,1,0,0,0,0,0.0,0.0,0.0,true,false,S3-522461796,source3
S1-8278878,3,0,0,0,0,0.0001,0.0,0.0,true,false,S2-817591733,source2
S1-827970983,1,0,0,0,0,0.0,0.0,0.0,true,false,S3-535890292,source3
S1-828016394,1,0,0,0,0,0.0,0.0,0.0,true,false,S2-756553454,source2
S1-828091153,1,0,0,0,0,0.0,0.0,0.0,true,false,S2-590714216,source2
S1-828340904,1,0,0,0,0,0.0001,0.0,0.0001,true,false,S3-791660510,source3
S1-828358454,1,0,0,0,0,0.0,0.0,0.0,true,false,S2-696217563,source2
S1-828437606,1,0,0,0,0,0.0306,0.0,0.0306,true,false,S2-948987511,source2
S1-828521537,1,0,0,0,0,0.0028,0.0,0.0028,true,false,S2-979096974,source2
S1-828538838,1,0,0,0,0,0.0038,0.0,0.0038,true,false,S2-359656271,source2
S1-828582482,29,0,0,0,0,0.0,0.0,0.0,true,false,S3-545360116,source3
S1-828681493,3,0,0,0,0,0.0002,0.0001,0.0001,true,false,S3-712257276,source3
S1-828885766,1,0,0,0,0,0.0451,0.0,0.0451,true,false,S2-939090873,source2
S1-82893030,73,0,0,0,0,0.0,0.0,0.0,true,false,S2-588940457,source2
S1-829132345,1,0,0,0,0,0.0,0.0,0.0,true,false,S3-591300457,source3
S1-829163315,3,0,0,0,0,0.0,0.0,0.0,true,false,S3-420766091,source3
S1-829169266,43,0,0,0,0,0.0,0.0,0.0,true,false,S3-94471902,source3
S1-829299163,2,0,0,0,0,0.0001,0.0001,0.0001,true,false,S3-751030012,source3
S1-829348020,37,0,0,0,0,0.0,0.0,0.0,true,false,S2-138622990,source2
S1-829384982,1,0,0,0,0,0.0,0.0,0.0,true,false,S2-61552823,source2
S1-829387900,1,1,1,1,1,0.9992,0.0,0.9992,false,true,S2-171496002,source2
S1-829420372,8,0,0,0,0,0.0,0.0,0.0,true,false,S3-921835388,source3
S1-829718918,5,0,0,0,0,0.0,0.0,0.0,true,false,S3-675503822,source3
S1-829872052,1,0,0,0,0,0.0,0.0,0.0,true,false,S3-530798791,source3
S1-830066608,62,0,0,0,0,0.0,0.0,0.0,true,false,S2-107974365,source2
S1-830084663,51,0,0,0,0,0.0,0.0,0.0,true,false,S2-640099827,source2
S1-830145644,23,0,0,0,0,0.0001,0.0,0.0001,true,false,S3-433729747,source3
S1-830223982,1,1,1,1,1,0.9931,0.0,0.9931,false,true,S3-573681816,source3
S1-830237057,37,0,0,0,0,0.0001,0.0,0.0001,true,false,S3-312139234,source3
S1-830307406,1,0,0,0,0,0.0,0.0,0.0,true,false,S2-3997594,source2
S1-830351511,3,0,0,0,0,0.0,0.0,0.0,true,false,S3-988132607,source3
S1-830357747,3,0,0,0,0,0.0003,0.0,0.0002,true,false,S3-255340989,source3
S1-830366022,39,0,0,0,0,0.0,0.0,0.0,true,false,S2-502866969,source2
S1-830446658,2,0,0,0,0,0.0,0.0,0.0,true,false,S2-184585159,source2
S1-830547972,26,0,0,0,0,0.0002,0.0001,0.0001,true,false,S2-962347602,source2
S1-830573668,3,0,0,0,0,0.0,0.0,0.0,true,false,S2-775272054,source2
S1-830574336,39,0,0,0,0,0.0,0.0,0.0,true,false,S2-723492714,source2
S1-830602681,77,0,0,0,0,0.0021,0.0,0.0021,true,false,S2-782062004,source2
S1-830660476,3,0,0,0,0,0.0,0.0,0.0,true,false,S3-414560488,source3
S1-830687398,45,0,0,0,0,0.0,0.0,0.0,true,false,S3-272368498,source3
S1-830790643,1,0,0,0,0,0.0,0.0,0.0,true,false,S2-990830695,source2
S1-83079576,1,0,0,0,0,0.0,0.0,0.0,true,false,S3-667601341,source3
S1-83088894,11,0,0,0,0,0.0001,0.0001,0.0,true,false,S2-689031692,source2
S1-830922354,1,0,0,0,0,0.0,0.0,0.0,true,false,S3-668730631,source3
S1-830950643,38,0,0,0,0,0.0003,0.0001,0.0002,true,false,S3-203401439,source3
S1-831099220,1,0,0,0,0,0.0,0.0,0.0,true,false,S2-789471678,source2
S1-8311113,36,0,0,0,0,0.0,0.0,0.0,true,false,S2-66924417,source2
S1-831184601,1,0,0,0,0,0.0,0.0,0.0,true,false,S3-350137010,source3
S1-831227785,1,0,0,0,0,0.0,0.0,0.0,true,false,S2-466349911,source2
S1-831262049,2,0,0,0,0,0.0,0.0,0.0,true,false,S3-826381100,source3
S1-831328539,3,0,0,0,0,0.0,0.0,0.0,true,false,S3-608071155,source3
S1-831331846,2,0,0,0,0,0.0,0.0,0.0,true,false,S2-398785897,source2
S1-831585611,27,0,0,0,0,0.0,0.0,0.0,true,false,S2-176093072,source2
S1-83176500,1,0,0,0,0,0.0,0.0,0.0,true,false,S3-96218574,source3
S1-831786720,1,1,0,0,0,0.0598,0.0,0.0598,false,true,S3-770613933,source3
S1-831821332,3,0,0,0,0,0.0301,0.0,0.03,true,false,S2-907395422,source2
S1-831831704,1,1,1,1,1,0.9981,0.0,0.9981,false,true,S3-703433354,source3
S1-831844659,38,0,0,0,0,0.0,0.0,0.0,true,false,S2-227533280,source2
S1-831922252,1,0,0,0,0,0.0,0.0,0.0,true,false,S3-362552465,source3
S1-831927365,38,0,0,0,0,0.0003,0.0001,0.0002,true,false,S3-987466116,source3
S1-832050262,48,0,0,0,0,0.0,0.0,0.0,true,false,S2-553479695,source2
S1-832220003,22,0,0,0,0,0.0,0.0,0.0,true,false,S2-224397531,source2
S1-832223942,1,0,0,0,0,0.0001,0.0,0.0001,true,false,S3-789169389,source3
S1-832232989,13,0,0,0,0,0.0116,0.0002,0.0113,true,false,S3-256805913,source3
S1-832233358,1,0,0,0,0,0.0001,0.0,0.0001,true,false,S2-215904789,source2
S1-832618933,1,0,0,0,0,0.0,0.0,0.0,true,false,S3-556461008,source3
S1-832647911,1,0,0,0,0,0.0,0.0,0.0,true,false,S2-10807480,source2
S1-832750039,54,0,0,0,0,0.0,0.0,0.0,true,false,S2-421878145,source2
S1-832801189,1,0,0,0,0,0.0,0.0,0.0,true,false,S2-378414116,source2
S1-832858249,1,0,0,0,0,0.0,0.0,0.0,true,false,S2-618461207,source2
S1-832896346,9,0,0,0,0,0.0001,0.0001,0.0,true,false,S3-247019154,source3
S1-832969377,5,0,0,0,0,0.0,0.0,0.0,true,false,S3-12155613,source3
S1-832983427,1,0,0,0,0,0.0,0.0,0.0,true,false,S3-193780540,source3
S1-833038614,1,0,0,0,0,0.0,0.0,0.0,true,false,S2-30288292,source2
S1-833115563,2,0,0,0,0,0.0001,0.0,0.0,true,false,S2-220345853,source2
S1-83312074,44,0,0,0,0,0.0004,0.0,0.0003,true,false,S2-981852169,source2
S1-833222012,1,0,0,0,0,0.0,0.0,0.0,true,false,S3-533488858,source3
S1-833245602,1,0,0,0,0,0.0001,0.0,0.0001,true,false,S2-651921303,source2
S1-833586604,1,1,1,1,1,0.9994,0.0,0.9994,false,true,S2-741811666,source2
S1-833614050,1,0,0,0,0,0.0,0.0,0.0,true,false,S2-638025972,source2
S1-833754936,3,0,0,0,0,0.2028,0.0,0.2028,true,false,S2-137016252,source2
S1-833867869,1,0,0,0,0,0.0,0.0,0.0,true,false,S3-111598854,source3
S1-833931576,12,0,0,0,0,0.0002,0.0001,0.0001,true,false,S3-771937308,source3
S1-833952232,8,0,0,0,0,0.0001,0.0,0.0,true,false,S3-452675423,source3
S1-83406753,3,0,0,0,0,0.0,0.0,0.0,true,false,S3-982222530,source3
S1-834204087,2,0,0,0,0,0.0,0.0,0.0,true,false,S3-98907212,source3
S1-834258213,1,0,0,0,0,0.0,0.0,0.0,true,false,S3-540903983,source3
S1-834334767,35,0,0,0,0,0.0,0.0,0.0,true,false,S3-934992235,source3
S1-834374834,12,0,0,0,0,0.0001,0.0001,0.0001,true,false,S3-331022077,source3
S1-834444984,33,0,0,0,0,0.0,0.0,0.0,true,false,S2-438490281,source2
S1-834521666,1,0,0,0,0,0.0,0.0,0.0,true,false,S3-484242630,source3
S1-834652453,1,0,0,0,0,0.0,0.0,0.0,true,false,S2-862498153,source2
S1-834657851,3,0,0,0,0,0.0,0.0,0.0,true,false,S2-968252585,source2
S1-834673451,7,0,0,0,0,0.0,0.0,0.0,true,false,S2-711030511,source2
S1-834744349,2,0,0,0,0,0.0,0.0,0.0,true,false,S2-970730978,source2
S1-834765768,5,0,0,0,0,0.0,0.0,0.0,true,false,S2-852471210,source2
S1-834774465,1,0,0,0,0,0.0,0.0,0.0,true,false,S3-567248867,source3
S1-834828540,41,0,0,0,0,0.0,0.0,0.0,true,false,S3-809936231,source3
S1-834885269,22,0,0,0,0,0.0,0.0,0.0,true,false,S3-901949212,source3
S1-834920494,23,1,1,1,1,0.9501,0.0,0.9501,false,true,S2-675596020,source2
S1-834951727,2,0,0,0,0,0.0002,0.0,0.0002,true,false,S2-889538244,source2
S1-835080860,1,0,0,0,0,0.0001,0.0,0.0001,true,false,S2-589511550,source2
S1-835168565,44,0,0,0,0,0.0,0.0,0.0,true,false,S3-690491070,source3
S1-835270469,35,0,0,0,0,0.0,0.0,0.0,true,false,S3-179159264,source3
S1-83537942,55,0,0,0,0,0.0,0.0,0.0,true,false,S2-194820874,source2
S1-835581754,7,0,0,0,0,0.0001,0.0001,0.0,true,false,S3-641326886,source3
S1-835676480,1,0,0,0,0,0.0,0.0,0.0,true,false,S3-663295706,source3
S1-835753236,37,0,0,0,0,0.0,0.0,0.0,true,false,S3-799280347,source3
S1-835962243,1,0,0,0,0,0.0,0.0,0.0,true,false,S3-991770807,source3
S1-836191009,12,0,0,0,0,0.0002,0.0001,0.0001,true,false,S3-120632939,source3
S1-836285507,1,0,0,0,0,0.0,0.0,0.0,true,false,S2-775525306,source2
S1-836358069,5,0,0,0,0,0.2189,0.0001,0.2188,true,false,S2-720689829,source2
S1-836401682,2,0,0,0,0,0.0,0.0,0.0,true,false,S2-659139265,source2
S1-83647390,1,0,0,0,0,0.0,0.0,0.0,true,false,S3-204268823,source3
S1-836589285,2,2,2,2,2,0.9997,0.9829,0.0169,false,true,S2-819883857,source2
S1-836684870,3,1,1,1,1,0.9993,0.0,0.9993,false,true,S3-937131550,source3
S1-836877993,1,0,0,0,0,0.0001,0.0,0.0001,true,false,S3-622354310,source3
S1-836929588,2,0,0,0,0,0.0,0.0,0.0,true,false,S3-636434055,source3
S1-83701568,27,0,0,0,0,0.0,0.0,0.0,true,false,S2-956723748,source2
S1-837057129,2,0,0,0,0,0.0,0.0,0.0,true,false,S2-174181477,source2
S1-837110100,1,0,0,0,0,0.0,0.0,0.0,true,false,S3-707516352,source3
S1-837110621,2,0,0,0,0,0.0,0.0,0.0,true,false,S3-608350999,source3
S1-837124584,1,0,0,0,0,0.0,0.0,0.0,true,false,S3-414122488,source3
S1-837160933,23,0,0,0,0,0.001,0.0009,0.0,true,false,S3-431395146,source3
S1-837321405,1,0,0,0,0,0.0,0.0,0.0,true,false,S2-782327615,source2
S1-837510013,1,0,0,0,0,0.0,0.0,0.0,true,false,S3-808669854,source3
S1-837614603,1,0,0,0,0,0.0,0.0,0.0,true,false,S2-327372564,source2
S1-837908386,12,0,0,0,0,0.0001,0.0,0.0,true,false,S2-321635609,source2
S1-837936483,4,0,0,0,0,0.0,0.0,0.0,true,false,S2-114111700,source2
S1-83797178,1,0,0,0,0,0.0,0.0,0.0,true,false,S3-714938424,source3
S1-838085772,2,0,0,0,0,0.0,0.0,0.0,true,false,S3-503646152,source3
S1-838183517,1,0,0,0,0,0.0,0.0,0.0,true,false,S2-956337722,source2
S1-838275126,2,0,0,0,0,0.0,0.0,0.0,true,false,S2-655861919,source2
S1-838306276,3,0,0,0,0,0.0,0.0,0.0,true,false,S2-409220710,source2
S1-838397472,58,0,0,0,0,0.0001,0.0,0.0001,true,false,S3-666110895,source3
S1-838591841,3,1,1,1,1,0.9982,0.0,0.9982,false,true,S2-585949528,source2
S1-838803180,6,0,0,0,0,0.0002,0.0001,0.0,true,false,S2-537529701,source2
S1-83881070,44,0,0,0,0,0.0,0.0,0.0,true,false,S2-62685360,source2
S1-838973408,36,0,0,0,0,0.0,0.0,0.0,true,false,S3-135370123,source3
S1-839101861,1,0,0,0,0,0.0,0.0,0.0,true,false,S2-760766659,source2
S1-839310503,3,0,0,0,0,0.0,0.0,0.0,true,false,S2-876824000,source2
S1-839572622,3,0,0,0,0,0.0,0.0,0.0,true,false,S3-178048980,source3
S1-83957355,1,0,0,0,0,0.0,0.0,0.0,true,false,S3-770273612,source3
S1-839573982,1,0,0,0,0,0.0,0.0,0.0,true,false,S3-726403289,source3
S1-839731006,1,0,0,0,0,0.0,0.0,0.0,true,false,S2-182274112,source2
S1-839795446,1,0,0,0,0,0.0,0.0,0.0,true,false,S3-273298481,source3
S1-839913561,3,0,0,0,0,0.0002,0.0001,0.0001,true,false,S2-975209030,source2
S1-839983213,1,0,0,0,0,0.0001,0.0,0.0001,true,false,S3-383887696,source3
S1-840168502,1,0,0,0,0,0.0122,0.0,0.0122,true,false,S3-539751132,source3
S1-840197129,1,0,0,0,0,0.0,0.0,0.0,true,false,S2-184084108,source2
S1-840247873,36,0,0,0,0,0.0342,0.0,0.0342,true,false,S3-95057795,source3
S1-8404487,41,0,0,0,0,0.0013,0.0,0.0012,true,false,S3-35900036,source3
S1-840534267,1,0,0,0,0,0.0,0.0,0.0,true,false,S2-108731549,source2
S1-840537591,2,0,0,0,0,0.0001,0.0,0.0,true,false,S2-208472522,source2
S1-840625798,83,0,0,0,0,0.0015,0.001,0.0004,true,false,S2-428302180,source2
S1-840696044,4,0,0,0,0,0.0,0.0,0.0,true,false,S2-530504021,source2
S1-840875020,3,0,0,0,0,0.0001,0.0,0.0,true,false,S2-833741325,source2
S1-841291462,1,1,1,1,1,0.9995,0.0,0.9995,false,true,S2-235250172,source2
S1-841567476,1,0,0,0,0,0.0001,0.0,0.0001,true,false,S2-771695132,source2
S1-841570704,1,0,0,0,0,0.0,0.0,0.0,true,false,S3-133569825,source3
S1-841854206,3,0,0,0,0,0.0,0.0,0.0,true,false,S3-904915098,source3
S1-841856060,1,0,0,0,0,0.0,0.0,0.0,true,false,S2-818799823,source2
S1-841864760,1,0,0,0,0,0.0,0.0,0.0,true,false,S2-451992935,source2
S1-841867961,71,0,0,0,0,0.0001,0.0,0.0001,true,false,S3-300552818,source3
S1-842247360,1,0,0,0,0,0.0001,0.0,0.0001,true,false,S2-864311044,source2
S1-842508565,3,0,0,0,0,0.0,0.0,0.0,true,false,S2-769083318,source2
S1-842525649,1,0,0,0,0,0.0,0.0,0.0,true,false,S3-855567939,source3
S1-842614852,3,0,1,1,1,0.9981,0.0,0.9981,true,false,S2-92900333,source2
S1-842619184,1,0,0,0,0,0.0,0.0,0.0,true,false,S3-417077249,source3
S1-842626907,23,0,0,0,0,0.0002,0.0,0.0001,true,false,S2-330186762,source2
S1-842638419,36,0,0,0,0,0.0,0.0,0.0,true,false,S3-942805304,source3
S1-84265818,2,2,2,2,1,0.9987,0.9345,0.0642,false,true,S2-349758823,source2
S1-842699430,2,0,0,0,0,0.0001,0.0,0.0,true,false,S3-259444679,source3
S1-842881175,1,1,1,1,1,0.9996,0.0,0.9996,false,true,S2-523911840,source2
S1-842896537,5,0,0,0,0,0.0047,0.0001,0.0046,true,false,S2-924143713,source2
S1-84297508,1,0,0,0,0,0.0001,0.0,0.0001,true,false,S2-739891599,source2
S1-843028805,3,0,0,0,0,0.0,0.0,0.0,true,false,S2-358521461,source2
S1-843045200,38,0,0,0,0,0.0001,0.0,0.0,true,false,S3-911802188,source3
S1-843146747,2,0,0,0,0,0.0,0.0,0.0,true,false,S2-508918211,source2
S1-843150796,4,0,0,0,0,0.0,0.0,0.0,true,false,S2-815090963,source2
S1-843186537,2,0,0,0,0,0.0,0.0,0.0,true,false,S3-365805726,source3
S1-84352033,11,0,0,0,0,0.0001,0.0,0.0,true,false,S2-293227677,source2
S1-843556947,2,0,0,0,0,0.0,0.0,0.0,true,false,S3-858265236,source3
S1-843694584,41,0,0,0,0,0.0,0.0,0.0,true,false,S2-425391326,source2
S1-84389591,43,0,0,0,0,0.0827,0.0,0.0827,true,false,S3-440468063,source3
S1-843953356,2,0,0,0,0,0.0,0.0,0.0,true,false,S3-528334331,source3
S1-843953956,1,0,0,0,0,0.0,0.0,0.0,true,false,S3-950835853,source3
S1-84421663,3,0,0,0,0,0.0086,0.0,0.0086,true,false,S2-741755653,source2
S1-844412430,1,0,0,0,0,0.0,0.0,0.0,true,false,S2-152854816,source2
S1-844747923,1,0,0,0,0,0.0,0.0,0.0,true,false,S3-303012024,source3
S1-844876468,1,1,1,1,1,0.989,0.0,0.989,false,true,S3-839356209,source3
S1-844896591,1,0,0,0,0,0.0,0.0,0.0,true,false,S2-328788758,source2
S1-844945445,1,0,0,0,0,0.0,0.0,0.0,true,false,S2-777623518,source2
S1-84495140,2,0,0,0,0,0.0,0.0,0.0,true,false,S2-285260582,source2
S1-844974200,1,0,0,0,0,0.0001,0.0,0.0001,true,false,S3-82759769,source3
S1-845055822,1,1,1,1,1,0.9896,0.0,0.9896,false,true,S2-747409987,source2
S1-845245569,1,1,0,0,0,0.0273,0.0,0.0273,false,true,S3-166654622,source3
S1-845385794,3,0,0,0,0,0.0,0.0,0.0,true,false,S3-97300614,source3
S1-845403632,2,0,0,0,0,0.0044,0.0001,0.0043,true,false,S2-329319612,source2
S1-84556007,28,1,1,1,1,0.9978,0.0001,0.9977,false,true,S3-755486631,source3
S1-845609841,3,0,0,0,0,0.0001,0.0001,0.0,true,false,S2-914129701,source2
S1-845808548,1,0,0,0,0,0.1858,0.0,0.1858,true,false,S2-400789441,source2
S1-845929181,51,0,0,0,0,0.0,0.0,0.0,true,false,S3-555818589,source3
S1-846028981,1,0,0,0,0,0.0,0.0,0.0,true,false,S3-363555581,source3
S1-846140795,1,0,0,0,0,0.0001,0.0,0.0001,true,false,S2-318105691,source2
S1-846179242,6,0,0,0,0,0.0001,0.0,0.0001,true,false,S2-869796082,source2
S1-846182771,1,1,1,1,1,0.9976,0.0,0.9976,false,true,S3-171383864,source3
S1-84624661,1,0,0,0,0,0.0,0.0,0.0,true,false,S3-869725729,source3
S1-846453178,2,0,0,0,0,0.0,0.0,0.0,true,false,S2-177967699,source2
S1-846870843,10,0,0,0,0,0.0017,0.0004,0.0013,true,false,S3-416127783,source3
S1-846899056,36,0,0,0,0,0.0,0.0,0.0,true,false,S2-760268909,source2
S1-847054841,1,1,1,1,1,0.9992,0.0,0.9992,false,true,S2-913814221,source2
S1-847096293,1,0,0,0,0,0.0,0.0,0.0,true,false,S2-389380650,source2
S1-847119223,1,0,0,0,0,0.0,0.0,0.0,true,false,S3-759878533,source3
S1-847164617,1,0,0,0,0,0.0,0.0,0.0,true,false,S3-348046973,source3
S1-847187523,5,0,0,0,0,0.0,0.0,0.0,true,false,S2-363779880,source2
S1-847192992,1,0,0,0,0,0.0,0.0,0.0,true,false,S3-871674970,source3
S1-84731873,9,0,0,0,0,0.0,0.0,0.0,true,false,S2-970954768,source2
S1-847383339,1,0,0,0,0,0.0,0.0,0.0,true,false,S2-538378157,source2
S1-847400591,1,1,1,1,1,0.9991,0.0,0.9991,false,true,S3-815120181,source3
S1-847688985,1,0,0,0,0,0.0,0.0,0.0,true,false,S2-997273205,source2
S1-847693024,77,0,0,0,0,0.0,0.0,0.0,true,false,S3-140082042,source3
S1-84773725,4,0,0,0,0,0.0001,0.0001,0.0,true,false,S3-486766006,source3
S1-847865812,1,0,0,0,0,0.0,0.0,0.0,true,false,S3-430794090,source3
S1-847870729,43,0,0,0,0,0.0,0.0,0.0,true,false,S3-539865899,source3
S1-847932090,2,1,0,0,0,0.0096,0.0,0.0096,false,true,S3-337599976,source3
S1-847970712,48,0,0,0,0,0.0,0.0,0.0,true,false,S3-114631761,source3
S1-847987931,39,0,0,0,0,0.0,0.0,0.0,true,false,S2-494427848,source2
S1-847990671,83,0,0,0,0,0.0001,0.0001,0.0,true,false,S3-727691280,source3
S1-84801126,19,0,0,0,0,0.0105,0.0056,0.0049,true,false,S3-230572490,source3
S1-848119107,2,0,0,0,0,0.0001,0.0,0.0,true,false,S3-992490200,source3
S1-84838337,31,0,0,0,0,0.0001,0.0,0.0,true,false,S3-898037437,source3
S1-848491748,1,1,1,1,1,0.9986,0.0,0.9986,false,true,S2-846650740,source2
S1-848518483,72,0,0,0,0,0.0,0.0,0.0,true,false,S3-223601181,source3
S1-848672453,4,0,0,0,0,0.0,0.0,0.0,true,false,S3-582858478,source3
S1-848766993,23,1,0,0,0,0.2113,0.0,0.2113,false,true,S2-68125772,source2
S1-848779009,2,0,0,0,0,0.0001,0.0,0.0001,true,false,S2-542662970,source2
S1-848852562,1,0,0,0,0,0.0,0.0,0.0,true,false,S3-53178265,source3
S1-848891327,1,1,1,1,1,0.9997,0.0,0.9997,false,true,S3-102168045,source3
S1-848917857,2,0,0,0,0,0.0001,0.0,0.0,true,false,S3-947089034,source3
S1-849259444,1,0,0,0,0,0.0,0.0,0.0,true,false,S2-106644448,source2
S1-849604665,1,0,0,0,0,0.0001,0.0,0.0001,true,false,S2-37134877,source2
S1-849605358,3,0,0,0,0,0.0,0.0,0.0,true,false,S3-79173122,source3
S1-849616147,1,0,0,0,0,0.0,0.0,0.0,true,false,S2-918589313,source2
S1-849752171,34,0,0,0,0,0.0,0.0,0.0,true,false,S3-319951107,source3
S1-84979808,2,0,0,0,0,0.0,0.0,0.0,true,false,S2-695238387,source2
S1-849976870,21,0,0,0,0,0.0,0.0,0.0,true,false,S2-970682825,source2
S1-850007148,1,0,0,0,0,0.0,0.0,0.0,true,false,S3-174301132,source3
S1-850143790,56,0,0,0,0,0.0,0.0,0.0,true,false,S2-155898135,source2
S1-850159681,45,0,0,0,0,0.0004,0.0001,0.0003,true,false,S3-453198772,source3
S1-850215759,7,0,0,0,0,0.0001,0.0,0.0,true,false,S3-218226022,source3
S1-850448343,52,0,0,0,0,0.0,0.0,0.0,true,false,S3-124809816,source3
S1-850527944,1,0,0,0,0,0.0002,0.0,0.0002,true,false,S2-779969600,source2
S1-850645535,1,0,0,0,0,0.0,0.0,0.0,true,false,S2-711285799,source2
S1-850766754,1,0,0,0,0,0.0,0.0,0.0,true,false,S2-524633617,source2
S1-850924985,69,1,0,0,0,0.3921,0.0,0.392,false,true,S3-261143005,source3
S1-850925384,4,0,0,0,0,0.0,0.0,0.0,true,false,S2-302466524,source2
S1-851072488,6,0,0,0,0,0.0,0.0,0.0,true,false,S2-717954131,source2
S1-851142120,1,0,0,0,0,0.0,0.0,0.0,true,false,S2-692022593,source2
S1-851213680,2,0,0,0,0,0.0,0.0,0.0,true,false,S3-340526020,source3
S1-851244527,10,0,0,0,0,0.0,0.0,0.0,true,false,S3-683769757,source3
S1-851300651,42,0,0,0,0,0.0001,0.0,0.0001,true,false,S3-678175226,source3
S1-851334426,2,0,0,0,0,0.0437,0.0,0.0437,true,false,S2-173506049,source2
S1-85135793,41,0,0,0,0,0.0,0.0,0.0,true,false,S3-442153398,source3
S1-851548503,1,1,1,1,1,0.9994,0.0,0.9994,false,true,S2-404745962,source2
S1-851661577,1,0,0,0,0,0.0,0.0,0.0,true,false,S3-142144880,source3
S1-851799346,2,0,0,0,0,0.0,0.0,0.0,true,false,S2-118178792,source2
S1-851846774,15,0,0,0,0,0.3505,0.0001,0.3504,true,false,S2-909228631,source2
S1-851911169,2,0,0,0,0,0.0,0.0,0.0,true,false,S2-363500352,source2
S1-851921239,1,0,0,0,0,0.0,0.0,0.0,true,false,S3-327861896,source3
S1-852009155,15,0,0,0,0,0.0015,0.0003,0.0012,true,false,S2-670084831,source2
S1-852017384,2,0,0,0,0,0.0,0.0,0.0,true,false,S2-238469305,source2
S1-85210897,40,0,0,0,0,0.0,0.0,0.0,true,false,S2-159436948,source2
S1-852279820,8,0,0,0,0,0.0,0.0,0.0,true,false,S3-723396580,source3
S1-852306856,46,0,0,0,0,0.0,0.0,0.0,true,false,S3-687837052,source3
S1-852317914,4,0,0,0,0,0.0,0.0,0.0,true,false,S2-862000931,source2
S1-85236080,37,0,0,0,0,0.0,0.0,0.0,true,false,S2-693683430,source2
S1-852429384,44,1,1,1,1,0.9985,0.0,0.9985,false,true,S3-380319648,source3
S1-852475309,6,0,0,0,0,0.0001,0.0001,0.0,true,false,S2-690782043,source2
S1-852537473,36,0,0,0,0,0.0,0.0,0.0,true,false,S2-760268909,source2
S1-852563334,16,0,0,0,0,0.0001,0.0001,0.0,true,false,S3-696047635,source3
S1-852610809,1,0,0,0,0,0.0001,0.0,0.0001,true,false,S3-510717285,source3
S1-852676519,1,0,0,0,0,0.0,0.0,0.0,true,false,S2-789249001,source2
S1-852745202,2,0,0,0,0,0.0,0.0,0.0,true,false,S2-426921088,source2
S1-852837308,2,0,0,0,0,0.0,0.0,0.0,true,false,S2-596551999,source2
S1-852958228,1,0,0,0,0,0.0,0.0,0.0,true,false,S2-275578658,source2
S1-853053883,1,0,0,0,0,0.0003,0.0,0.0003,true,false,S3-600907413,source3
S1-853152536,9,0,0,0,0,0.0,0.0,0.0,true,false,S3-521506319,source3
S1-853220699,39,0,0,0,0,0.0,0.0,0.0,true,false,S3-7182042,source3
S1-853319205,2,1,1,1,0,0.946,0.0,0.946,false,true,S3-863400179,source3
S1-853379544,74,0,0,0,0,0.0,0.0,0.0,true,false,S3-141361845,source3
S1-853381175,1,0,0,0,0,0.0,0.0,0.0,true,false,S2-484861843,source2
S1-853392573,3,0,0,0,0,0.0,0.0,0.0,true,false,S3-718476277,source3
S1-853470854,2,0,0,0,0,0.0,0.0,0.0,true,false,S2-35957304,source2
S1-853588177,39,0,0,0,0,0.0,0.0,0.0,true,false,S3-991170445,source3
S1-853616728,70,0,0,0,0,0.0,0.0,0.0,true,false,S3-796479873,source3
S1-85371827,1,0,0,0,0,0.0,0.0,0.0,true,false,S3-514717307,source3
S1-854032361,2,0,0,0,0,0.0,0.0,0.0,true,false,S2-762258448,source2
S1-854085822,1,0,0,0,0,0.0,0.0,0.0,true,false,S3-845012548,source3
S1-854218548,1,0,0,0,0,0.0,0.0,0.0,true,false,S3-505574470,source3
S1-854233044,3,0,0,0,0,0.0,0.0,0.0,true,false,S3-879133871,source3
S1-854452990,1,0,0,0,0,0.0,0.0,0.0,true,false,S2-716107289,source2
S1-854470552,5,1,1,1,1,0.9981,0.0,0.998,false,true,S3-724454554,source3
S1-854526530,4,0,0,0,0,0.0,0.0,0.0,true,false,S2-35021649,source2
S1-854551178,1,0,0,0,0,0.0,0.0,0.0,true,false,S2-66365564,source2
S1-854602127,36,0,0,0,0,0.0,0.0,0.0,true,false,S3-772217383,source3
S1-85463413,3,0,0,0,0,0.0002,0.0,0.0002,true,false,S2-368523831,source2
S1-85479905,1,0,0,0,0,0.0001,0.0,0.0001,true,false,S2-917557484,source2
S1-8548525,1,0,0,0,0,0.0,0.0,0.0,true,false,S2-97255570,source2
S1-854866365,1,0,0,0,0,0.0,0.0,0.0,true,false,S2-944796610,source2
S1-854907426,2,0,0,0,0,0.1692,0.0,0.1692,true,false,S3-356089561,source3
S1-855032229,2,0,0,0,0,0.0,0.0,0.0,true,false,S2-286891768,source2
S1-855164600,2,1,1,1,1,0.9737,0.0001,0.9737,false,true,S3-527225689,source3
S1-855166445,1,0,0,0,0,0.0,0.0,0.0,true,false,S3-27147939,source3
S1-855413312,4,0,0,0,0,0.0,0.0,0.0,true,false,S3-761201536,source3
S1-85541429,1,0,0,0,0,0.0,0.0,0.0,true,false,S3-187640804,source3
S1-855561202,2,0,0,0,0,0.0,0.0,0.0,true,false,S2-367755563,source2
S1-855583871,1,0,0,0,0,0.0,0.0,0.0,true,false,S2-291026163,source2
S1-855591002,1,0,0,0,0,0.0,0.0,0.0,true,false,S2-125238543,source2
S1-855703255,1,0,0,0,0,0.0001,0.0,0.0001,true,false,S2-490959738,source2
S1-855787505,1,0,0,0,0,0.0,0.0,0.0,true,false,S3-325884942,source3
S1-855846245,4,0,0,0,0,0.0001,0.0001,0.0,true,false,S2-172397416,source2
S1-85584984,1,0,0,0,0,0.0,0.0,0.0,true,false,S3-823996438,source3
S1-855855293,2,1,1,1,1,0.9996,0.0,0.9995,false,true,S2-724144734,source2
S1-855895108,50,0,0,0,0,0.0001,0.0001,0.0,true,false,S3-881065183,source3
S1-855978946,81,0,0,0,0,0.0,0.0,0.0,true,false,S2-266677221,source2
S1-856103596,2,0,0,0,0,0.0,0.0,0.0,true,false,S3-98907212,source3
S1-856339625,27,0,0,0,0,0.0,0.0,0.0,true,false,S3-356032800,source3
S1-856378954,41,0,0,0,0,0.0001,0.0,0.0001,true,false,S3-861831312,source3
S1-85652576,2,0,0,0,0,0.0,0.0,0.0,true,false,S2-593972570,source2
S1-85659903,20,0,0,0,0,0.0012,0.0,0.0011,true,false,S3-710516125,source3
S1-856667356,2,0,0,0,0,0.0,0.0,0.0,true,false,S3-84129461,source3
S1-856710782,31,0,0,0,0,0.0001,0.0,0.0,true,false,S2-316856729,source2
S1-856881956,2,1,1,1,1,0.9872,0.0,0.9872,false,true,S2-95443971,source2
S1-857212451,1,0,0,0,0,0.0,0.0,0.0,true,false,S3-884904810,source3
S1-857219685,4,0,0,0,0,0.0,0.0,0.0,true,false,S2-433610095,source2
S1-857223228,2,0,0,0,0,0.0,0.0,0.0,true,false,S3-631787377,source3
S1-857239589,1,0,0,0,0,0.0,0.0,0.0,true,false,S3-164575948,source3
S1-857335287,44,0,0,0,0,0.0,0.0,0.0,true,false,S3-44739874,source3
S1-857426094,2,1,0,0,0,0.1032,0.0,0.1031,false,true,S3-572240479,source3
S1-857455621,1,0,0,0,0,0.0,0.0,0.0,true,false,S2-834945793,source2
S1-857484364,81,0,0,0,0,0.0,0.0,0.0,true,false,S2-585072354,source2
S1-857534208,5,0,0,0,0,0.0002,0.0001,0.0001,true,false,S2-435164614,source2
S1-857809112,30,0,0,0,0,0.0,0.0,0.0,true,false,S2-553919251,source2
S1-857839601,38,0,0,0,0,0.0001,0.0001,0.0,true,false,S3-282773137,source3
S1-857865367,3,0,0,0,0,0.1499,0.0002,0.1497,true,false,S2-602551443,source2
S1-857979167,1,0,0,0,0,0.0,0.0,0.0,true,false,S2-261498134,source2
S1-857983432,1,1,1,1,1,0.9994,0.0,0.9994,false,true,S2-544635255,source2
S1-858026404,33,0,0,0,0,0.0,0.0,0.0,true,false,S2-9511887,source2
S1-858035787,4,0,0,0,0,0.0,0.0,0.0,true,false,S2-912624364,source2
S1-858190944,2,0,0,0,0,0.0,0.0,0.0,true,false,S2-863250621,source2
S1-858235157,4,0,0,0,0,0.0001,0.0,0.0001,true,false,S3-75273406,source3
S1-858252911,90,0,0,0,0,0.0001,0.0,0.0,true,false,S3-674812843,source3
S1-85825589,33,0,0,0,0,0.0,0.0,0.0,true,false,S2-119599096,source2
S1-858451309,30,0,0,0,0,0.0001,0.0001,0.0,true,false,S2-368330013,source2
S1-858620212,1,0,0,0,0,0.2119,0.0,0.2119,true,false,S2-491257449,source2
S1-858652032,56,0,0,0,0,0.0,0.0,0.0,true,false,S3-854661282,source3
S1-858720147,8,0,0,0,0,0.0003,0.0003,0.0001,true,false,S2-967332593,source2
S1-859043162,2,0,0,0,0,0.0,0.0,0.0,true,false,S2-304928850,source2
S1-859252896,89,0,0,0,0,0.0,0.0,0.0,true,false,S3-409753746,source3
S1-85938236,2,0,0,0,0,0.0001,0.0,0.0,true,false,S2-231798424,source2
S1-85942276,3,0,0,0,0,0.0,0.0,0.0,true,false,S2-395006673,source2
S1-859684353,1,0,0,0,0,0.0,0.0,0.0,true,false,S2-633339205,source2
S1-859712142,1,0,0,0,0,0.0,0.0,0.0,true,false,S2-417094400,source2
S1-860034577,1,0,0,0,0,0.0,0.0,0.0,true,false,S2-938556771,source2
S1-860111323,8,0,0,0,0,0.0,0.0,0.0,true,false,S2-240228506,source2
S1-86014575,57,0,0,0,0,0.0007,0.0,0.0006,true,false,S2-143014389,source2
S1-860205677,41,0,0,0,0,0.0,0.0,0.0,true,false,S2-193990459,source2
S1-860215100,50,0,0,0,0,0.0001,0.0,0.0,true,false,S3-778975212,source3
S1-860255249,46,2,2,2,1,0.9994,0.9385,0.0609,false,true,S2-432477334,source2
S1-860268928,17,0,0,0,0,0.0002,0.0001,0.0001,true,false,S2-918422876,source2
S1-860326700,1,0,0,0,0,0.0,0.0,0.0,true,false,S3-380873416,source3
S1-860329153,2,0,0,0,0,0.0001,0.0,0.0001,true,false,S2-699870056,source2
S1-86034373,1,0,0,0,0,0.0,0.0,0.0,true,false,S2-512896592,source2
S1-860439170,1,0,0,0,0,0.0,0.0,0.0,true,false,S2-376794221,source2
S1-860534060,2,0,0,0,0,0.0,0.0,0.0,true,false,S3-222570028,source3
S1-860620625,2,0,0,0,0,0.0,0.0,0.0,true,false,S2-954945707,source2
S1-860641294,1,0,0,0,0,0.0001,0.0,0.0001,true,false,S2-35007449,source2
S1-86066220,1,0,0,0,0,0.0,0.0,0.0,true,false,S2-159556774,source2
S1-860707864,3,0,0,0,0,0.0,0.0,0.0,true,false,S2-612103809,source2
S1-860788033,4,0,0,0,0,0.0,0.0,0.0,true,false,S2-241685542,source2
S1-861008450,1,0,0,0,0,0.0,0.0,0.0,true,false,S2-978297595,source2
S1-861123839,2,0,0,0,0,0.0,0.0,0.0,true,false,S2-394926296,source2
S1-861196591,39,0,0,0,0,0.0,0.0,0.0,true,false,S3-508893361,source3
S1-861313596,15,0,0,0,0,0.0037,0.0,0.0037,true,false,S3-689689104,source3
S1-861378966,1,0,0,0,0,0.0,0.0,0.0,true,false,S2-97255570,source2
S1-861409222,1,0,0,0,0,0.0,0.0,0.0,true,false,S2-82986039,source2
S1-861433229,40,0,0,0,0,0.0,0.0,0.0,true,false,S2-633415387,source2
S1-861439215,1,0,0,0,0,0.0,0.0,0.0,true,false,S3-739833574,source3
S1-861477078,24,0,0,0,0,0.0,0.0,0.0,true,false,S3-165673548,source3
S1-86150633,1,0,0,0,0,0.0,0.0,0.0,true,false,S3-908445327,source3
S1-861624669,1,0,0,0,0,0.0001,0.0,0.0001,true,false,S3-118652570,source3
S1-861628213,7,0,0,0,0,0.0007,0.0001,0.0006,true,false,S2-69905005,source2
S1-861745681,1,0,0,0,0,0.0,0.0,0.0,true,false,S3-269584157,source3
S1-861894197,7,1,1,1,1,0.9708,0.0,0.9708,false,true,S3-768327186,source3
S1-861901456,58,0,0,0,0,0.0,0.0,0.0,true,false,S3-764577581,source3
S1-862165762,73,0,0,0,0,0.0001,0.0001,0.0,true,false,S3-31622036,source3
S1-862191137,1,0,0,0,0,0.0,0.0,0.0,true,false,S3-966054958,source3
S1-862223871,2,0,0,0,0,0.0001,0.0,0.0,true,false,S2-590952589,source2
S1-862333532,41,0,0,0,0,0.0,0.0,0.0,true,false,S3-664541415,source3
S1-862481981,2,0,0,0,0,0.0001,0.0001,0.0,true,false,S3-167872453,source3
S1-862530778,2,0,0,0,0,0.0001,0.0,0.0,true,false,S2-645044116,source2
S1-862608278,29,0,0,0,0,0.0,0.0,0.0,true,false,S3-488898654,source3
S1-862690345,2,0,0,0,0,0.0498,0.0,0.0498,true,false,S3-931358195,source3
S1-862782922,29,0,0,0,0,0.0,0.0,0.0,true,false,S3-939786038,source3
S1-862851995,4,0,0,0,0,0.0001,0.0001,0.0,true,false,S2-323397682,source2
S1-862924522,1,0,0,0,0,0.0,0.0,0.0,true,false,S3-681365970,source3
S1-862991400,1,0,0,0,0,0.0,0.0,0.0,true,false,S2-849074551,source2
S1-862991595,1,0,0,0,0,0.0,0.0,0.0,true,false,S3-686594752,source3
S1-863088052,17,0,0,0,0,0.0025,0.0006,0.0019,true,false,S2-417455367,source2
S1-863195795,47,0,0,0,0,0.0,0.0,0.0,true,false,S2-337644802,source2
S1-863284863,2,0,0,0,0,0.0,0.0,0.0,true,false,S2-957978733,source2
S1-863361456,15,0,0,0,0,0.0006,0.0004,0.0002,true,false,S3-295499896,source3
S1-863386318,40,0,0,0,0,0.0,0.0,0.0,true,false,S2-17776298,source2
S1-863435214,1,1,1,1,1,0.9915,0.0,0.9915,false,true,S3-248366534,source3
S1-863465186,2,0,0,0,0,0.0,0.0,0.0,true,false,S2-912435652,source2
S1-863544866,4,0,0,0,0,0.0,0.0,0.0,true,false,S3-795797038,source3
S1-863691632,3,0,0,0,0,0.0001,0.0001,0.0001,true,false,S2-327453740,source2
S1-863804028,2,0,0,0,0,0.0,0.0,0.0,true,false,S2-363779880,source2
S1-863814495,1,0,0,0,0,0.0,0.0,0.0,true,false,S2-213977406,source2
S1-863903011,2,1,1,1,1,0.9929,0.0,0.9929,false,true,S3-899198784,source3
S1-863952929,3,0,0,0,0,0.0,0.0,0.0,true,false,S3-81141424,source3
S1-864085570,32,0,0,0,0,0.0,0.0,0.0,true,false,S3-421416518,source3
S1-864124252,39,0,0,0,0,0.0,0.0,0.0,true,false,S3-320995973,source3
S1-86423517,13,0,0,0,0,0.0045,0.0005,0.0039,true,false,S2-851280786,source2
S1-864264150,6,0,0,0,0,0.0,0.0,0.0,true,false,S2-873010951,source2
S1-864395077,1,0,0,0,0,0.0,0.0,0.0,true,false,S2-284785625,source2
S1-864424907,1,0,1,0,0,0.8671,0.0,0.8671,true,false,S2-196525654,source2
S1-864470673,29,0,0,0,0,0.0,0.0,0.0,true,false,S3-185646383,source3
S1-864545312,35,0,0,0,0,0.0,0.0,0.0,true,false,S2-256129886,source2
S1-864612087,1,0,0,0,0,0.0,0.0,0.0,true,false,S3-776792953,source3
S1-86461340,4,0,0,0,0,0.0,0.0,0.0,true,false,S2-524273745,source2
S1-864633935,2,0,0,0,0,0.0,0.0,0.0,true,false,S3-838627502,source3
S1-864790858,1,0,0,0,0,0.0,0.0,0.0,true,false,S2-615464322,source2
S1-864810286,54,0,0,0,0,0.0001,0.0,0.0,true,false,S3-856285441,source3
S1-864851565,1,0,0,0,0,0.0,0.0,0.0,true,false,S3-231532959,source3
S1-865131206,3,0,0,0,0,0.0001,0.0,0.0,true,false,S3-65094669,source3
S1-865153712,2,0,0,0,0,0.0,0.0,0.0,true,false,S3-975638447,source3
S1-865180372,1,0,0,0,0,0.0,0.0,0.0,true,false,S3-5601433,source3
S1-865325311,81,0,0,0,0,0.0,0.0,0.0,true,false,S3-445077695,source3
S1-865415130,4,0,0,0,0,0.0001,0.0,0.0001,true,false,S2-712479570,source2
S1-865443471,3,0,0,0,0,0.0,0.0,0.0,true,false,S2-944376821,source2
S1-865571798,40,0,0,0,0,0.0002,0.0,0.0001,true,false,S3-663207571,source3
S1-865646662,35,0,0,0,0,0.0,0.0,0.0,true,false,S3-858389932,source3
S1-865650544,1,0,0,0,0,0.126,0.0,0.126,true,false,S3-967258426,source3
S1-865831463,1,0,0,0,0,0.0,0.0,0.0,true,false,S2-500396801,source2
S1-865864954,1,0,0,0,0,0.0,0.0,0.0,true,false,S2-911333916,source2
S1-865908516,2,0,0,0,0,0.0,0.0,0.0,true,false,S2-93373345,source2
S1-866012426,1,0,0,0,0,0.0,0.0,0.0,true,false,S2-999177073,source2
S1-86605083,1,0,0,0,0,0.0001,0.0,0.0001,true,false,S2-633322664,source2
S1-866135472,2,0,0,0,0,0.0001,0.0,0.0001,true,false,S3-901949212,source3
S1-866319841,1,0,0,0,0,0.0,0.0,0.0,true,false,S2-133462029,source2
S1-866327738,1,0,0,0,0,0.0,0.0,0.0,true,false,S3-816681830,source3
S1-866403086,4,0,0,0,0,0.0,0.0,0.0,true,false,S3-914731596,source3
S1-866481061,1,0,0,0,0,0.0,0.0,0.0,true,false,S3-43203250,source3
S1-866560723,26,0,0,0,0,0.0,0.0,0.0,true,false,S2-449221515,source2
S1-866725334,1,0,0,0,0,0.0,0.0,0.0,true,false,S3-435716175,source3
S1-86675852,18,0,0,0,0,0.0,0.0,0.0,true,false,S2-311239401,source2
S1-866758763,1,0,0,0,0,0.0,0.0,0.0,true,false,S3-374950356,source3
S1-866862358,2,0,0,0,0,0.0001,0.0,0.0,true,false,S2-590221606,source2
S1-866884148,1,0,0,0,0,0.0,0.0,0.0,true,false,S2-481091460,source2
S1-866903975,1,0,0,0,0,0.0,0.0,0.0,true,false,S3-996192531,source3
S1-866981551,1,0,0,0,0,0.0,0.0,0.0,true,false,S3-774418105,source3
S1-867038639,73,0,0,0,0,0.0003,0.0002,0.0001,true,false,S2-206260571,source2
S1-867119147,6,0,0,0,0,0.0001,0.0001,0.0001,true,false,S2-884135049,source2
S1-867189740,1,0,0,0,0,0.0,0.0,0.0,true,false,S3-566070564,source3
S1-867259903,2,0,0,0,0,0.0002,0.0001,0.0001,true,false,S2-51088277,source2
S1-867354450,1,0,0,0,0,0.0,0.0,0.0,true,false,S3-820598415,source3
S1-867365570,2,0,0,0,0,0.0,0.0,0.0,true,false,S2-173484484,source2
S1-867440145,1,0,0,0,0,0.0,0.0,0.0,true,false,S3-370190176,source3
S1-867495249,2,0,0,0,0,0.0007,0.0004,0.0003,true,false,S3-364036786,source3
S1-867508043,1,1,0,0,0,0.0056,0.0,0.0056,false,true,S2-570625919,source2
S1-867590148,1,0,0,0,0,0.0,0.0,0.0,true,false,S3-482324949,source3
S1-867633229,3,0,0,0,0,0.0,0.0,0.0,true,false,S2-278503901,source2
S1-86767402,1,1,1,1,1,0.9994,0.0,0.9994,false,true,S3-91491644,source3
S1-867686237,5,0,0,0,0,0.0,0.0,0.0,true,false,S2-90881036,source2
S1-867786514,32,0,0,0,0,0.0,0.0,0.0,true,false,S3-306627464,source3
S1-867874591,36,0,0,0,0,0.0042,0.0,0.0042,true,false,S3-651931586,source3
S1-867883902,2,0,0,0,0,0.0,0.0,0.0,true,false,S2-958312304,source2
S1-867898780,56,0,0,0,0,0.0001,0.0001,0.0,true,false,S2-66524928,source2
S1-867992586,1,1,1,1,1,0.9904,0.0,0.9904,false,true,S2-823977677,source2
S1-868043046,3,0,0,0,0,0.0,0.0,0.0,true,false,S2-320839284,source2
S1-868054757,1,0,0,0,0,0.0,0.0,0.0,true,false,S2-769514492,source2
S1-868055603,5,0,0,0,0,0.0001,0.0,0.0,true,false,S2-553211088,source2
S1-868074583,2,0,0,0,0,0.0,0.0,0.0,true,false,S3-280284219,source3
S1-868156268,2,0,0,0,0,0.0,0.0,0.0,true,false,S3-65134087,source3
S1-868277537,1,0,0,0,0,0.0,0.0,0.0,true,false,S3-876884458,source3
S1-868349363,53,0,0,0,0,0.0,0.0,0.0,true,false,S3-995989225,source3
S1-868442664,1,0,0,0,0,0.0,0.0,0.0,true,false,S2-929638991,source2
S1-868463096,2,0,0,0,0,0.0066,0.001,0.0056,true,false,S3-99634156,source3
S1-868488947,3,0,0,0,0,0.0001,0.0,0.0,true,false,S2-570280793,source2
S1-868537878,2,0,0,0,0,0.0,0.0,0.0,true,false,S2-891699329,source2
S1-868587999,3,0,0,0,0,0.0002,0.0,0.0001,true,false,S2-155080488,source2
S1-868623670,72,0,0,0,0,0.0,0.0,0.0,true,false,S3-535127634,source3
S1-868630436,5,0,0,0,0,0.0005,0.0,0.0005,true,false,S2-80129656,source2
S1-868634973,31,0,0,0,0,0.0,0.0,0.0,true,false,S3-639196132,source3
S1-868689834,1,0,0,0,0,0.0,0.0,0.0,true,false,S2-593731945,source2
S1-868693940,37,0,0,0,0,0.0,0.0,0.0,true,false,S2-295909711,source2
S1-868926664,10,0,0,0,0,0.0001,0.0001,0.0,true,false,S2-557152251,source2
S1-868937193,1,0,0,0,0,0.0,0.0,0.0,true,false,S3-116628876,source3
S1-868964514,1,0,0,0,0,0.0,0.0,0.0,true,false,S2-299816273,source2
S1-868970423,28,0,0,0,0,0.0,0.0,0.0,true,false,S2-353946784,source2
S1-868974337,40,0,0,0,0,0.0,0.0,0.0,true,false,S2-17776298,source2
S1-869118709,35,0,0,0,0,0.0,0.0,0.0,true,false,S3-355476685,source3
S1-869128438,1,0,0,0,0,0.0,0.0,0.0,true,false,S2-747752964,source2
S1-86915605,7,0,0,0,0,0.0003,0.0001,0.0002,true,false,S3-84992108,source3
S1-869183020,2,0,0,0,0,0.0,0.0,0.0,true,false,S2-451190891,source2
S1-869272931,1,0,0,0,0,0.0118,0.0,0.0118,true,false,S2-148077185,source2
S1-869313409,1,1,1,1,1,0.9996,0.0,0.9996,false,true,S3-410523739,source3
S1-869357195,1,0,0,0,0,0.0,0.0,0.0,true,false,S3-291384621,source3
S1-869360943,2,0,0,0,0,0.0,0.0,0.0,true,false,S3-989757615,source3
S1-869464127,38,0,0,0,0,0.0033,0.0001,0.0032,true,false,S2-690767550,source2
S1-869471354,7,0,0,0,0,0.0,0.0,0.0,true,false,S3-843060147,source3
S1-869859675,2,0,0,0,0,0.0001,0.0,0.0001,true,false,S2-766107847,source2
S1-870055441,1,0,0,0,0,0.0,0.0,0.0,true,false,S3-436676149,source3
S1-870115237,1,0,0,0,0,0.0,0.0,0.0,true,false,S3-890664785,source3
S1-870175030,1,0,0,0,0,0.0,0.0,0.0,true,false,S3-897097057,source3
S1-870193093,4,0,0,0,0,0.0,0.0,0.0,true,false,S3-332945061,source3
S1-870254921,4,0,0,0,0,0.0,0.0,0.0,true,false,S2-387058606,source2
S1-870482674,1,0,0,0,0,0.0,0.0,0.0,true,false,S3-600636869,source3
S1-87053789,4,0,0,0,0,0.0,0.0,0.0,true,false,S2-176002847,source2
S1-870778264,2,0,0,0,0,0.0758,0.0758,0.0,true,false,S2-4479411,source2
S1-870806489,49,0,0,0,0,0.0,0.0,0.0,true,false,S3-770842088,source3
S1-870845572,1,0,0,0,0,0.0,0.0,0.0,true,false,S2-201354531,source2
S1-87088260,66,0,0,0,0,0.0,0.0,0.0,true,false,S3-150430424,source3
S1-870902025,6,0,0,0,0,0.0,0.0,0.0,true,false,S2-801042919,source2
S1-87097924,3,0,0,0,0,0.0,0.0,0.0,true,false,S2-97990976,source2
S1-870992471,2,0,0,0,0,0.0,0.0,0.0,true,false,S3-90646551,source3
S1-871024440,2,0,0,0,0,0.0001,0.0,0.0,true,false,S3-964592243,source3
S1-871128741,38,0,0,0,0,0.0,0.0,0.0,true,false,S3-140078256,source3
S1-871260070,2,0,0,0,0,0.0,0.0,0.0,true,false,S3-915775649,source3
S1-871302092,6,0,0,0,0,0.0001,0.0001,0.0,true,false,S2-489907262,source2
S1-871377415,7,0,0,0,0,0.0,0.0,0.0,true,false,S2-198021380,source2
S1-871434740,4,0,0,0,0,0.0,0.0,0.0,true,false,S3-296451778,source3
S1-871785372,1,0,0,0,0,0.0,0.0,0.0,true,false,S3-89114342,source3
S1-871902965,1,1,0,0,0,0.7814,0.0,0.7814,false,true,S2-832022865,source2
S1-872021944,52,0,0,0,0,0.0,0.0,0.0,true,false,S2-474045012,source2
S1-872036024,1,1,1,1,1,0.9802,0.0,0.9802,false,true,S3-838859451,source3
S1-87229015,3,0,0,0,0,0.0,0.0,0.0,true,false,S3-334002793,source3
S1-872302647,3,0,0,0,0,0.0,0.0,0.0,true,false,S2-137583708,source2
S1-87243988,1,0,0,0,0,0.0,0.0,0.0,true,false,S2-29658224,source2
S1-872459062,1,0,0,0,0,0.0,0.0,0.0,true,false,S2-105312286,source2
S1-872498249,1,0,0,0,0,0.0,0.0,0.0,true,false,S2-439576083,source2
S1-872548648,13,0,0,0,0,0.0001,0.0001,0.0,true,false,S2-948164461,source2
S1-872642342,6,0,0,0,0,0.0001,0.0001,0.0,true,false,S3-521465920,source3
S1-872657629,1,0,0,0,0,0.0,0.0,0.0,true,false,S2-269216752,source2
S1-872683586,5,0,0,0,0,0.0004,0.0001,0.0004,true,false,S2-234839191,source2
S1-872684427,3,0,0,0,0,0.0087,0.0007,0.008,true,false,S2-979161313,source2
S1-872696046,1,0,0,0,0,0.0,0.0,0.0,true,false,S2-101052971,source2
S1-872698469,1,0,0,0,0,0.0,0.0,0.0,true,false,S2-995695120,source2
S1-872792932,14,0,0,0,0,0.0195,0.0017,0.0179,true,false,S2-851280786,source2
S1-872877475,44,0,0,0,0,0.0,0.0,0.0,true,false,S3-125463115,source3
S1-873022884,1,0,0,0,0,0.0,0.0,0.0,true,false,S2-459611127,source2
S1-873064370,1,0,0,0,0,0.0001,0.0,0.0001,true,false,S2-756890612,source2
S1-87310567,18,0,0,0,0,0.0,0.0,0.0,true,false,S3-140735834,source3
S1-873216059,1,0,0,0,0,0.0,0.0,0.0,true,false,S2-879019234,source2
S1-873299304,37,0,0,0,0,0.0,0.0,0.0,true,false,S3-345157286,source3
S1-873357966,32,0,0,0,0,0.0,0.0,0.0,true,false,S3-414879796,source3
S1-873484111,43,0,0,0,0,0.0,0.0,0.0,true,false,S2-366835555,source2
S1-873588428,1,0,0,0,0,0.0,0.0,0.0,true,false,S3-93579185,source3
S1-873739862,1,0,0,0,0,0.0002,0.0,0.0002,true,false,S2-383658941,source2
S1-873787335,1,0,0,0,0,0.0026,0.0,0.0026,true,false,S3-533545219,source3
S1-873824063,4,0,0,0,0,0.0003,0.0002,0.0,true,false,S3-152429602,source3
S1-873837225,73,0,0,0,0,0.0001,0.0001,0.0,true,false,S3-340048189,source3
S1-873852360,36,0,0,0,0,0.0001,0.0001,0.0,true,false,S2-648024492,source2
S1-873927210,1,0,0,0,0,0.0,0.0,0.0,true,false,S2-112555472,source2
S1-874045531,4,0,0,0,0,0.0001,0.0001,0.0,true,false,S2-659530378,source2
S1-87410039,1,0,0,0,0,0.0,0.0,0.0,true,false,S2-258776187,source2
S1-874221974,4,0,0,0,0,0.0001,0.0,0.0,true,false,S3-572568285,source3
S1-874413333,3,0,0,0,0,0.0,0.0,0.0,true,false,S3-501362181,source3
S1-874461754,3,0,0,0,0,0.0001,0.0,0.0,true,false,S3-672620768,source3
S1-874470569,43,0,0,0,0,0.0,0.0,0.0,true,false,S3-950660541,source3
S1-874682146,1,1,1,0,0,0.8485,0.0,0.8485,false,true,S2-437485334,source2
S1-874716873,1,0,0,0,0,0.0,0.0,0.0,true,false,S2-878574120,source2
S1-874729673,1,0,0,0,0,0.1437,0.0,0.1437,true,false,S3-753032590,source3
S1-874930061,1,0,0,0,0,0.0,0.0,0.0,true,false,S2-873860395,source2
S1-874937140,3,0,0,0,0,0.0001,0.0001,0.0,true,false,S2-565344902,source2
S1-874987185,1,0,0,0,0,0.0001,0.0,0.0001,true,false,S3-446285345,source3
S1-875000143,42,0,0,0,0,0.0,0.0,0.0,true,false,S2-595795733,source2
S1-875104240,58,0,0,0,0,0.0,0.0,0.0,true,false,S3-666110895,source3
S1-875162659,2,0,0,0,0,0.0,0.0,0.0,true,false,S2-898596587,source2
S1-875180071,30,0,0,0,0,0.0,0.0,0.0,true,false,S2-216036643,source2
S1-875212383,1,0,0,0,0,0.0,0.0,0.0,true,false,S3-102029592,source3
S1-875273141,1,0,0,0,0,0.0001,0.0,0.0001,true,false,S3-220119074,source3
S1-875341848,2,0,0,0,0,0.0,0.0,0.0,true,false,S2-364151743,source2
S1-875354004,2,0,0,0,0,0.0,0.0,0.0,true,false,S2-122642639,source2
S1-875559483,14,0,0,0,0,0.0006,0.0001,0.0005,true,false,S2-577335449,source2
S1-875631699,1,1,1,1,1,0.9998,0.0,0.9998,false,true,S2-895116270,source2
S1-875649711,17,0,0,0,0,0.0,0.0,0.0,true,false,S2-945471595,source2
S1-875672601,2,0,0,0,0,0.0,0.0,0.0,true,false,S2-332605006,source2
S1-875691993,1,0,0,0,0,0.0,0.0,0.0,true,false,S3-852718450,source3
S1-876005624,2,0,0,0,0,0.0001,0.0,0.0,true,false,S3-593485293,source3
S1-876082270,1,1,1,1,1,0.9925,0.0,0.9925,false,true,S2-556334410,source2
S1-876415011,1,0,0,0,0,0.0,0.0,0.0,true,false,S2-922011742,source2
S1-8766085,1,1,1,1,1,0.9996,0.0,0.9996,false,true,S3-308680891,source3
S1-876712461,12,0,0,0,0,0.0,0.0,0.0,true,false,S2-894037499,source2
S1-876753127,1,0,0,0,0,0.0001,0.0,0.0001,true,false,S3-462885123,source3
S1-876850456,3,0,0,0,0,0.0001,0.0,0.0,true,false,S2-466511363,source2
S1-876899003,57,0,0,0,0,0.0,0.0,0.0,true,false,S2-447271545,source2
S1-87711423,38,0,0,0,0,0.0,0.0,0.0,true,false,S2-799765652,source2
S1-877128372,1,1,1,1,1,0.9982,0.0,0.9982,false,true,S3-669894183,source3
S1-877415339,1,0,0,0,0,0.0,0.0,0.0,true,false,S3-638865741,source3
S1-877416541,3,0,0,0,0,0.0,0.0,0.0,true,false,S3-389924160,source3
S1-877454911,2,0,0,0,0,0.0,0.0,0.0,true,false,S2-563821149,source2
S1-877563206,36,0,0,0,0,0.1003,0.0,0.1002,true,false,S2-871024553,source2
S1-877605281,1,0,0,0,0,0.0177,0.0,0.0177,true,false,S3-302636705,source3
S1-877733833,1,1,1,1,1,0.9976,0.0,0.9976,false,true,S2-974050437,source2
S1-877820715,2,0,0,0,0,0.0,0.0,0.0,true,false,S2-452605951,source2
S1-877889039,37,0,0,0,0,0.0001,0.0,0.0,true,false,S2-858906486,source2
S1-877892920,1,0,0,0,0,0.0,0.0,0.0,true,false,S3-388343406,source3
S1-877966608,2,0,0,0,0,0.0,0.0,0.0,true,false,S2-509319911,source2
S1-878244571,4,0,0,0,0,0.0198,0.0001,0.0197,true,false,S2-397854253,source2
S1-878310451,15,0,0,0,0,0.0001,0.0001,0.0,true,false,S2-56631800,source2
S1-878395904,39,0,0,0,0,0.0,0.0,0.0,true,false,S3-994696917,source3
S1-878403371,1,0,0,0,0,0.0,0.0,0.0,true,false,S3-807904400,source3
S1-878539386,43,0,0,0,0,0.0,0.0,0.0,true,false,S2-877637172,source2
S1-878777821,5,0,0,0,0,0.0001,0.0,0.0001,true,false,S3-585749228,source3
S1-878904744,3,0,0,0,0,0.0002,0.0001,0.0001,true,false,S2-405277031,source2
S1-878933360,1,0,0,0,0,0.0,0.0,0.0,true,false,S2-824610153,source2
S1-878988377,1,0,0,0,0,0.0,0.0,0.0,true,false,S2-319619448,source2
S1-879285964,41,1,0,0,0,0.2741,0.0,0.2741,false,true,S3-472910996,source3
S1-879412470,1,0,0,0,0,0.0,0.0,0.0,true,false,S2-802868502,source2
S1-87955707,1,0,0,0,0,0.0,0.0,0.0,true,false,S2-745293363,source2
S1-879604339,10,0,0,0,0,0.0005,0.0003,0.0002,true,false,S3-990179278,source3
S1-879607713,2,0,0,0,0,0.0,0.0,0.0,true,false,S3-922296002,source3
S1-879660244,1,0,0,0,0,0.0,0.0,0.0,true,false,S3-561239629,source3
S1-879759223,56,0,0,0,0,0.0232,0.0,0.0232,true,false,S2-718211251,source2
S1-879877635,3,0,0,0,0,0.0,0.0,0.0,true,false,S3-943237124,source3
S1-879957116,1,0,0,0,0,0.0,0.0,0.0,true,false,S2-292807436,source2
S1-880007856,19,0,0,0,0,0.0,0.0,0.0,true,false,S2-983817937,source2
S1-880024371,1,0,0,0,0,0.0,0.0,0.0,true,false,S3-548334881,source3
S1-880078761,1,0,0,0,0,0.0,0.0,0.0,true,false,S2-987365838,source2
S1-880086905,2,0,0,0,0,0.0,0.0,0.0,true,false,S3-38103453,source3
S1-880136778,38,0,0,0,0,0.0,0.0,0.0,true,false,S2-912255099,source2
S1-880177267,1,0,0,0,0,0.0,0.0,0.0,true,false,S2-794881208,source2
S1-880453398,43,0,0,0,0,0.0,0.0,0.0,true,false,S3-66497666,source3
S1-880497172,1,0,0,0,0,0.0,0.0,0.0,true,false,S2-54720637,source2
S1-880708575,1,0,0,0,0,0.0,0.0,0.0,true,false,S2-94789309,source2
S1-88072639,1,0,0,0,0,0.0,0.0,0.0,true,false,S2-995695120,source2
S1-880801543,1,0,0,0,0,0.0,0.0,0.0,true,false,S3-276529343,source3
S1-880879289,1,0,0,0,0,0.0,0.0,0.0,true,false,S2-535033808,source2
S1-880890425,4,0,0,0,0,0.0001,0.0001,0.0,true,false,S2-269161832,source2
S1-880928614,175,0,0,0,0,0.0002,0.0001,0.0001,true,false,S2-574092301,source2
S1-881005414,4,0,0,0,0,0.0,0.0,0.0,true,false,S3-609849121,source3
S1-881015038,49,0,0,0,0,0.0001,0.0,0.0,true,false,S3-589614096,source3
S1-881054248,1,0,0,0,0,0.0,0.0,0.0,true,false,S2-423535722,source2
S1-881055732,1,0,0,0,0,0.0001,0.0,0.0001,true,false,S3-874060337,source3
S1-88136188,36,0,0,0,0,0.0,0.0,0.0,true,false,S2-252504575,source2
S1-881405738,1,0,0,0,0,0.0,0.0,0.0,true,false,S2-84830309,source2
S1-881437752,3,0,0,0,0,0.0,0.0,0.0,true,false,S2-137787594,source2
S1-881441123,1,0,0,0,0,0.0,0.0,0.0,true,false,S3-679368070,source3
S1-881537458,1,0,0,0,0,0.0,0.0,0.0,true,false,S2-753049565,source2
S1-881616858,1,0,0,0,0,0.0004,0.0,0.0004,true,false,S3-187043077,source3
S1-881643306,22,0,0,0,0,0.0001,0.0001,0.0,true,false,S3-426552537,source3
S1-881658149,73,0,0,0,0,0.0004,0.0001,0.0003,true,false,S2-588940457,source2
S1-881665599,1,1,0,0,0,0.1246,0.0,0.1246,false,true,S3-353938359,source3
S1-881701203,1,1,1,1,1,0.9992,0.0,0.9992,false,true,S3-36819895,source3
S1-881768670,33,0,0,0,0,0.0,0.0,0.0,true,false,S2-420219758,source2
S1-881770296,2,0,0,0,0,0.0,0.0,0.0,true,false,S3-985557124,source3
S1-881825284,2,0,0,0,0,0.0,0.0,0.0,true,false,S2-307201933,source2
S1-881835963,7,0,0,0,0,0.0005,0.0001,0.0003,true,false,S3-371238582,source3
S1-882074624,11,0,0,0,0,0.0,0.0,0.0,true,false,S2-30396604,source2
S1-882175752,13,0,0,0,0,0.017,0.0131,0.0039,true,false,S3-254490394,source3
S1-882238593,44,0,0,0,0,0.0,0.0,0.0,true,false,S3-865010009,source3
S1-88229953,1,1,0,0,0,0.0065,0.0,0.0065,false,true,S3-928860132,source3
S1-882510535,3,0,0,0,0,0.0,0.0,0.0,true,false,S2-146516261,source2
S1-882517187,1,0,0,0,0,0.0,0.0,0.0,true,false,S3-225145821,source3
S1-882583433,2,0,0,0,0,0.0,0.0,0.0,true,false,S3-811625629,source3
S1-882593555,1,0,0,0,0,0.0,0.0,0.0,true,false,S3-9063447,source3
S1-882620973,37,0,0,0,0,0.0,0.0,0.0,true,false,S3-110630740,source3
S1-882637536,1,0,0,0,0,0.0,0.0,0.0,true,false,S2-828947992,source2
S1-882698520,1,1,1,1,1,0.9977,0.0,0.9977,false,true,S2-557597855,source2
S1-882728539,1,0,0,0,0,0.0,0.0,0.0,true,false,S3-985557124,source3
S1-883039779,40,0,0,0,0,0.0,0.0,0.0,true,false,S3-569605223,source3
S1-883286915,1,0,0,0,0,0.0,0.0,0.0,true,false,S2-997610957,source2
S1-883447545,1,1,1,1,1,0.9998,0.0,0.9998,false,true,S2-969925134,source2
S1-883492372,1,1,1,1,1,0.9963,0.0,0.9963,false,true,S3-740382083,source3
S1-883573930,1,0,0,0,0,0.0,0.0,0.0,true,false,S2-256006225,source2
S1-883576694,57,0,0,0,0,0.0001,0.0,0.0001,true,false,S2-53431024,source2
S1-884318840,2,0,0,0,0,0.0,0.0,0.0,true,false,S3-458535619,source3
S1-884339001,12,0,0,0,0,0.0,0.0,0.0,true,false,S2-641930621,source2
S1-884589522,7,0,0,0,0,0.0001,0.0,0.0001,true,false,S2-889737897,source2
S1-884594035,2,0,0,0,0,0.0,0.0,0.0,true,false,S2-751779829,source2
S1-884751359,11,0,0,0,0,0.0001,0.0001,0.0,true,false,S2-329887086,source2
S1-884849325,1,1,1,1,1,0.9997,0.0,0.9997,false,true,S2-311450094,source2
S1-885071669,28,0,0,0,0,0.0002,0.0,0.0002,true,false,S3-154861580,source3
S1-885356254,2,0,0,0,0,0.0001,0.0,0.0001,true,false,S2-914059095,source2
S1-885556293,1,0,0,0,0,0.0001,0.0,0.0001,true,false,S2-936652367,source2
S1-885585536,1,0,0,0,0,0.0002,0.0,0.0002,true,false,S3-622354310,source3
S1-885705866,1,0,0,0,0,0.0,0.0,0.0,true,false,S2-866485490,source2
S1-885844770,2,0,0,0,0,0.0,0.0,0.0,true,false,S3-976796215,source3
S1-88592935,4,0,0,0,0,0.0001,0.0,0.0,true,false,S2-269978206,source2
S1-885939986,1,0,0,0,0,0.0,0.0,0.0,true,false,S2-193385612,source2
S1-885972738,1,0,0,0,0,0.0001,0.0,0.0001,true,false,S3-983320904,source3
S1-8860800,6,0,0,0,0,0.0003,0.0001,0.0002,true,false,S3-557506050,source3
S1-886187460,1,0,0,0,0,0.0,0.0,0.0,true,false,S2-747752964,source2
S1-88619407,55,1,0,0,0,0.2454,0.0,0.2454,false,true,S3-64834698,source3
S1-886195710,113,0,0,0,0,0.0,0.0,0.0,true,false,S2-903228095,source2
S1-886235426,3,0,0,0,0,0.0545,0.0001,0.0544,true,false,S2-971326435,source2
S1-886246681,4,0,0,0,0,0.0,0.0,0.0,true,false,S3-238975623,source3
S1-886292960,42,0,0,0,0,0.0,0.0,0.0,true,false,S3-656564323,source3
S1-886419902,1,0,0,0,0,0.0001,0.0,0.0001,true,false,S3-511444794,source3
S1-886614137,43,0,0,0,0,0.0,0.0,0.0,true,false,S3-185808197,source3
S1-886645661,29,0,0,0,0,0.0,0.0,0.0,true,false,S3-863463356,source3
S1-886691490,3,0,0,0,0,0.0001,0.0,0.0001,true,false,S2-498279964,source2
S1-886856430,40,0,0,0,0,0.0,0.0,0.0,true,false,S3-339461125,source3
S1-886907795,43,0,0,0,0,0.0,0.0,0.0,true,false,S2-17467398,source2
S1-887094221,4,0,0,0,0,0.0,0.0,0.0,true,false,S3-274398933,source3
S1-887094495,4,0,0,0,0,0.0022,0.0,0.0022,true,false,S3-656956737,source3
S1-887118742,1,1,1,1,1,0.9912,0.0,0.9912,false,true,S2-881252896,source2
S1-88725839,1,0,0,0,0,0.001,0.0,0.001,true,false,S2-475433264,source2
S1-88736961,1,1,1,1,1,0.9955,0.0,0.9955,false,true,S3-277533973,source3
S1-887453047,36,0,0,0,0,0.0001,0.0,0.0,true,false,S2-760268909,source2
S1-887621550,1,0,0,0,0,0.0,0.0,0.0,true,false,S2-999277351,source2
S1-887632162,5,0,0,0,0,0.0001,0.0,0.0001,true,false,S3-332287523,source3
S1-887697090,43,0,0,0,0,0.0,0.0,0.0,true,false,S2-100870022,source2
S1-887816750,2,0,0,0,0,0.0024,0.0,0.0024,true,false,S3-341396087,source3
S1-88792518,1,0,0,0,0,0.0,0.0,0.0,true,false,S2-930991582,source2
S1-887990303,1,0,0,0,0,0.0,0.0,0.0,true,false,S3-722728573,source3
S1-888154393,45,0,0,0,0,0.0001,0.0001,0.0,true,false,S3-579483118,source3
S1-888167789,14,0,0,0,0,0.0002,0.0002,0.0,true,false,S2-27087381,source2
S1-888397684,2,1,1,1,1,0.9713,0.0,0.9713,false,true,S2-266575821,source2
S1-888419644,4,0,0,0,0,0.0,0.0,0.0,true,false,S2-626229951,source2
S1-888503313,3,0,0,0,0,0.0,0.0,0.0,true,false,S2-502952781,source2
S1-888660595,1,0,0,0,0,0.0,0.0,0.0,true,false,S2-171368123,source2
S1-888683149,1,0,0,0,0,0.0,0.0,0.0,true,false,S2-707693018,source2
S1-888699746,38,0,0,0,0,0.0,0.0,0.0,true,false,S2-626326981,source2
S1-888756170,1,1,1,1,1,0.9998,0.0,0.9998,false,true,S3-905571881,source3
S1-888927670,1,0,0,0,0,0.0,0.0,0.0,true,false,S2-364205413,source2
S1-888936173,6,0,0,0,0,0.0,0.0,0.0,true,false,S2-178068108,source2
S1-88895990,38,0,0,0,0,0.0,0.0,0.0,true,false,S2-493618909,source2
S1-889083563,54,0,0,0,0,0.0001,0.0001,0.0001,true,false,S2-544679828,source2
S1-889099404,36,0,0,0,0,0.0,0.0,0.0,true,false,S3-362791941,source3
S1-889323631,4,1,1,1,1,0.9962,0.0,0.9962,false,true,S2-83113906,source2
S1-889344584,1,0,0,0,0,0.0001,0.0,0.0001,true,false,S2-515881707,source2
S1-889448973,1,0,0,0,0,0.0001,0.0,0.0001,true,false,S3-977357463,source3
S1-889479873,1,0,0,0,0,0.0,0.0,0.0,true,false,S2-910108901,source2
S1-889487648,81,0,0,0,0,0.0,0.0,0.0,true,false,S2-177918546,source2
S1-889755954,1,0,0,0,0,0.0001,0.0,0.0001,true,false,S3-366083937,source3
S1-889763036,1,0,0,0,0,0.0001,0.0,0.0001,true,false,S2-122452156,source2
S1-889763196,1,0,0,0,0,0.0012,0.0,0.0012,true,false,S3-788484702,source3
S1-889766898,51,0,0,0,0,0.0,0.0,0.0,true,false,S2-918660250,source2
S1-889821453,59,1,1,1,1,0.9869,0.0442,0.9427,false,true,S3-451340681,source3
S1-889850597,1,0,0,0,0,0.0,0.0,0.0,true,false,S2-598020651,source2
S1-890145213,1,0,0,0,0,0.0,0.0,0.0,true,false,S2-31257086,source2
S1-890148342,10,0,0,0,0,0.0002,0.0001,0.0001,true,false,S2-609618216,source2
S1-890420551,42,0,0,0,0,0.093,0.0,0.093,true,false,S2-107389460,source2
S1-890435070,1,1,1,1,1,0.99,0.0,0.99,false,true,S2-878712102,source2
S1-890446999,2,0,0,0,0,0.0,0.0,0.0,true,false,S3-343595305,source3
S1-890746322,8,0,0,0,0,0.0001,0.0001,0.0,true,false,S2-582912571,source2
S1-890936433,2,0,0,0,0,0.0001,0.0,0.0001,true,false,S2-223493773,source2
S1-891013868,1,0,0,0,0,0.0,0.0,0.0,true,false,S3-356052023,source3
S1-891042291,42,0,0,0,0,0.0,0.0,0.0,true,false,S2-214274250,source2
S1-891130183,27,0,0,0,0,0.0,0.0,0.0,true,false,S3-856405093,source3
S1-891380811,3,0,0,0,0,0.0,0.0,0.0,true,false,S2-535876300,source2
S1-891452257,1,0,0,0,0,0.0,0.0,0.0,true,false,S3-512898099,source3
S1-891521501,2,0,0,0,0,0.0,0.0,0.0,true,false,S2-650050463,source2
S1-891539767,1,0,0,0,0,0.0,0.0,0.0,true,false,S2-927913778,source2
S1-891585219,1,0,0,0,0,0.0,0.0,0.0,true,false,S2-862364847,source2
S1-89160825,1,0,0,0,0,0.0,0.0,0.0,true,false,S3-442218575,source3
S1-891652095,3,0,0,0,0,0.0001,0.0,0.0001,true,false,S2-578428436,source2
S1-891757762,4,0,0,0,0,0.0,0.0,0.0,true,false,S3-651600669,source3
S1-891780905,3,0,0,0,0,0.0,0.0,0.0,true,false,S2-401500260,source2
S1-891829965,3,0,0,0,0,0.0,0.0,0.0,true,false,S3-811313590,source3
S1-891958084,3,0,0,0,0,0.0001,0.0,0.0001,true,false,S2-738509117,source2
S1-89206847,2,0,0,0,0,0.0,0.0,0.0,true,false,S2-819524492,source2
S1-892069908,43,0,0,0,0,0.0002,0.0001,0.0001,true,false,S2-744653215,source2
S1-892086210,1,1,1,1,1,0.9984,0.0,0.9984,false,true,S2-473675937,source2
S1-892100295,55,0,0,0,0,0.0,0.0,0.0,true,false,S3-842400377,source3
S1-892233306,1,0,0,0,0,0.0,0.0,0.0,true,false,S2-366696624,source2
S1-892276854,2,0,0,0,0,0.0,0.0,0.0,true,false,S3-469403732,source3
S1-892426679,2,0,0,0,0,0.0,0.0,0.0,true,false,S2-806394156,source2
S1-892503704,58,0,0,0,0,0.0,0.0,0.0,true,false,S3-560448260,source3
S1-892528848,3,0,0,0,0,0.0001,0.0001,0.0,true,false,S2-666687966,source2
S1-892641266,1,0,0,0,0,0.0,0.0,0.0,true,false,S2-466748955,source2
S1-892690805,1,0,0,0,0,0.0,0.0,0.0,true,false,S2-975982378,source2
S1-893136510,1,0,0,0,0,0.0,0.0,0.0,true,false,S2-257400295,source2
S1-893159896,2,0,0,0,0,0.0,0.0,0.0,true,false,S3-730371160,source3
S1-893318925,73,0,0,0,0,0.0001,0.0001,0.0001,true,false,S2-588940457,source2
S1-893376469,1,0,0,0,0,0.0,0.0,0.0,true,false,S3-3439951,source3
S1-8934057,4,0,0,0,0,0.0001,0.0,0.0,true,false,S2-800873754,source2
S1-893535782,2,0,0,0,0,0.0001,0.0,0.0001,true,false,S3-288828229,source3
S1-893609958,57,0,0,0,0,0.053,0.0,0.053,true,false,S2-546440731,source2
S1-893689588,38,0,0,0,0,0.0,0.0,0.0,true,false,S2-543459874,source2
S1-893733254,1,0,0,0,0,0.0,0.0,0.0,true,false,S3-988392943,source3
S1-893947454,1,0,0,0,0,0.0002,0.0,0.0002,true,false,S3-312496276,source3
S1-893959644,33,0,0,0,0,0.0,0.0,0.0,true,false,S2-998489608,source2
S1-894052365,3,0,0,0,0,0.0,0.0,0.0,true,false,S2-480997618,source2
S1-894097138,43,0,0,0,0,0.0,0.0,0.0,true,false,S3-103331835,source3
S1-894149661,1,1,1,1,1,0.9986,0.0,0.9986,false,true,S2-54293196,source2
S1-894161783,19,0,0,0,0,0.0,0.0,0.0,true,false,S2-543436149,source2
S1-894187792,1,0,0,0,0,0.0,0.0,0.0,true,false,S2-590827156,source2
S1-894338608,43,0,0,0,0,0.0078,0.0,0.0077,true,false,S2-165142876,source2
S1-894601484,44,0,0,0,0,0.0,0.0,0.0,true,false,S2-88773721,source2
S1-894634638,44,0,0,0,0,0.0,0.0,0.0,true,false,S3-68741281,source3
S1-894677155,35,0,0,0,0,0.0,0.0,0.0,true,false,S2-475385645,source2
S1-894817446,1,1,1,1,1,0.9997,0.0,0.9997,false,true,S2-492084682,source2
S1-894916206,2,1,1,1,1,0.9932,0.0,0.9932,false,true,S3-921870008,source3
S1-895118107,42,0,0,0,0,0.0001,0.0,0.0,true,false,S2-433060011,source2
S1-895156988,1,1,1,1,1,0.999,0.0,0.999,false,true,S2-163533044,source2
S1-895191326,43,0,0,0,0,0.0006,0.0001,0.0005,true,false,S3-445965583,source3
S1-89547051,1,0,0,0,0,0.0018,0.0,0.0018,true,false,S3-10915426,source3
S1-895518745,4,0,0,0,0,0.0004,0.0,0.0004,true,false,S3-495958250,source3
S1-895527384,3,0,0,0,0,0.0001,0.0,0.0001,true,false,S2-840058249,source2
S1-895742332,1,0,0,0,0,0.0,0.0,0.0,true,false,S3-501373915,source3
S1-895755712,52,0,0,0,0,0.0,0.0,0.0,true,false,S2-68447808,source2
S1-895771779,4,0,0,0,0,0.0002,0.0,0.0001,true,false,S2-966901727,source2
S1-895932281,52,0,0,0,0,0.0004,0.0001,0.0003,true,false,S2-363500352,source2
S1-895990217,1,0,0,0,0,0.0001,0.0,0.0001,true,false,S2-744148663,source2
S1-896096371,7,0,0,0,0,0.0,0.0,0.0,true,false,S3-69340977,source3
S1-89611645,2,0,0,0,0,0.0,0.0,0.0,true,false,S2-766451503,source2
S1-896216692,22,0,0,0,0,0.0042,0.0001,0.0041,true,false,S2-57529012,source2
S1-896238586,1,0,0,0,0,0.0001,0.0,0.0001,true,false,S3-596887948,source3
S1-896266389,1,0,0,0,0,0.0,0.0,0.0,true,false,S2-829291480,source2
S1-896330970,1,0,0,0,0,0.0,0.0,0.0,true,false,S2-906422531,source2
S1-896377179,1,1,1,1,1,0.9971,0.0,0.9971,false,true,S3-766697137,source3
S1-896637126,7,0,0,0,0,0.0007,0.0,0.0006,true,false,S2-831064278,source2
S1-896749997,19,0,0,0,0,0.0004,0.0003,0.0001,true,false,S2-461635489,source2
S1-89687386,4,0,0,0,0,0.0001,0.0001,0.0,true,false,S3-125845903,source3
S1-896915289,3,0,0,0,0,0.0437,0.0001,0.0436,true,false,S2-646353252,source2
S1-897060379,2,0,0,0,0,0.0001,0.0,0.0001,true,false,S3-899481235,source3
S1-897151714,4,0,0,0,0,0.051,0.0,0.051,true,false,S2-924929045,source2
S1-897195257,30,1,1,1,1,0.9837,0.0,0.9837,false,true,S2-403858184,source2
S1-89723082,5,0,0,0,0,0.0001,0.0,0.0,true,false,S3-371582506,source3
S1-897268694,33,0,0,0,0,0.4777,0.0,0.4777,true,false,S3-73911389,source3
S1-897331208,9,0,0,0,0,0.0,0.0,0.0,true,false,S3-941064584,source3
S1-897348542,2,0,0,0,0,0.0,0.0,0.0,true,false,S2-20907827,source2
S1-897349249,1,0,0,0,0,0.0,0.0,0.0,true,false,S3-495972739,source3
S1-897356200,2,0,0,0,0,0.0,0.0,0.0,true,false,S3-449688690,source3
S1-897381389,1,0,0,0,0,0.0,0.0,0.0,true,false,S3-484242630,source3
S1-897422624,4,0,0,0,0,0.0,0.0,0.0,true,false,S3-937839316,source3
S1-897446864,83,0,0,0,0,0.0001,0.0001,0.0,true,false,S2-14314968,source2
S1-897576828,1,0,0,0,0,0.0,0.0,0.0,true,false,S3-31185970,source3
S1-897692194,1,0,0,0,0,0.0006,0.0,0.0006,true,false,S3-944087937,source3
S1-897752083,10,0,0,0,0,0.002,0.0001,0.002,true,false,S3-325940811,source3
S1-897926130,1,0,0,0,0,0.0,0.0,0.0,true,false,S2-360589765,source2
S1-897981396,1,0,0,0,0,0.0,0.0,0.0,true,false,S2-165395178,source2
S1-898160192,2,0,0,0,0,0.0001,0.0,0.0001,true,false,S2-860298474,source2
S1-898255153,1,1,1,1,1,0.9997,0.0,0.9997,false,true,S2-74182119,source2
S1-898355913,1,0,0,0,0,0.0002,0.0,0.0002,true,false,S2-913092947,source2
S1-898449101,42,0,0,0,0,0.0,0.0,0.0,true,false,S2-484452861,source2
S1-898465663,2,0,0,0,0,0.0,0.0,0.0,true,false,S3-787941231,source3
S1-89847644,2,0,0,0,0,0.0,0.0,0.0,true,false,S2-829840099,source2
S1-898534647,3,0,0,0,0,0.0,0.0,0.0,true,false,S2-829607842,source2
S1-898536059,1,0,0,0,0,0.0001,0.0,0.0001,true,false,S3-402140504,source3
S1-898577130,1,1,1,1,1,0.9998,0.0,0.9998,false,true,S3-111562961,source3
S1-898582398,3,0,0,0,0,0.015,0.0,0.015,true,false,S2-733794803,source2
S1-898630961,43,0,0,0,0,0.0001,0.0,0.0001,true,false,S2-470549011,source2
S1-898884886,58,0,0,0,0,0.0021,0.0015,0.0006,true,false,S2-605538607,source2
S1-898993725,1,0,0,0,0,0.0,0.0,0.0,true,false,S3-593304513,source3
S1-899023388,72,0,0,0,0,0.0,0.0,0.0,true,false,S2-403751937,source2
S1-899039476,2,0,0,0,0,0.0002,0.0001,0.0001,true,false,S2-590221606,source2
S1-899260166,1,0,0,0,0,0.0,0.0,0.0,true,false,S3-847981945,source3
S1-899388656,2,0,0,0,0,0.0001,0.0,0.0001,true,false,S3-166030131,source3
S1-89941196,1,1,1,1,1,0.9991,0.0,0.9991,false,true,S3-654073837,source3
S1-899424355,1,1,1,1,1,0.998,0.0,0.998,false,true,S3-848863582,source3
S1-899464372,4,1,1,1,1,0.9985,0.0,0.9985,false,true,S2-492863524,source2
S1-899731557,52,0,0,0,0,0.0001,0.0001,0.0,true,false,S3-458125054,source3
S1-899797681,1,0,0,0,0,0.0001,0.0,0.0001,true,false,S2-631299191,source2
S1-899811746,5,0,0,0,0,0.0001,0.0,0.0001,true,false,S3-806999466,source3
S1-899891073,52,0,0,0,0,0.0075,0.0,0.0075,true,false,S3-292251897,source3
S1-899932493,2,0,0,0,0,0.0,0.0,0.0,true,false,S3-297402557,source3
S1-899992663,42,0,0,0,0,0.0002,0.0001,0.0002,true,false,S3-961613524,source3
S1-900033434,15,0,0,0,0,0.6368,0.0,0.6368,true,false,S3-886689434,source3
S1-900066052,2,0,0,0,0,0.0,0.0,0.0,true,false,S3-517808921,source3
S1-900213421,59,0,0,0,0,0.0,0.0,0.0,true,false,S3-716893463,source3
S1-900223558,1,0,0,0,0,0.0,0.0,0.0,true,false,S3-306485764,source3
S1-900249895,2,0,0,0,0,0.0,0.0,0.0,true,false,S2-583467355,source2
S1-900261767,4,0,0,0,0,0.0001,0.0,0.0001,true,false,S3-21232715,source3
S1-900274312,2,0,0,0,0,0.0,0.0,0.0,true,false,S3-650348678,source3
S1-900322587,6,0,0,0,0,0.0002,0.0,0.0002,true,false,S3-533346252,source3
S1-90032658,29,0,0,0,0,0.0,0.0,0.0,true,false,S3-863463356,source3
S1-900354920,1,0,0,0,0,0.0,0.0,0.0,true,false,S3-117887590,source3
S1-900416551,1,1,1,1,1,0.9877,0.0,0.9877,false,true,S2-324596369,source2
S1-900552029,1,0,0,0,0,0.0001,0.0,0.0001,true,false,S2-664366871,source2
S1-900586316,1,0,0,0,0,0.0,0.0,0.0,true,false,S2-224441159,source2
S1-90065537,38,0,0,0,0,0.0,0.0,0.0,true,false,S2-17933853,source2
S1-900882482,11,0,0,0,0,0.0001,0.0001,0.0,true,false,S3-8963123,source3
S1-901086958,1,0,0,0,0,0.0,0.0,0.0,true,false,S3-172508448,source3
S1-901210153,3,0,0,0,0,0.0,0.0,0.0,true,false,S3-563513558,source3
S1-90128015,1,0,0,0,0,0.0,0.0,0.0,true,false,S2-655432234,source2
S1-901320541,43,0,0,0,0,0.0509,0.0008,0.0502,true,false,S2-203299682,source2
S1-901346774,42,0,0,0,0,0.0001,0.0001,0.0,true,false,S2-451619865,source2
S1-901513537,5,0,0,0,0,0.0,0.0,0.0,true,false,S2-828725017,source2
S1-901642602,1,0,0,0,0,0.0,0.0,0.0,true,false,S3-499516053,source3
S1-901767189,35,0,0,0,0,0.0,0.0,0.0,true,false,S2-55421595,source2
S1-902213348,59,0,0,0,0,0.0,0.0,0.0,true,false,S3-428738344,source3
S1-902292681,1,0,0,0,0,0.0,0.0,0.0,true,false,S2-568118596,source2
S1-902353067,1,0,0,0,0,0.0,0.0,0.0,true,false,S2-455714023,source2
S1-902402587,1,0,0,0,0,0.0,0.0,0.0,true,false,S3-396240758,source3
S1-902425949,4,0,0,0,0,0.0,0.0,0.0,true,false,S3-500559526,source3
S1-902538793,5,0,0,0,0,0.0001,0.0,0.0,true,false,S3-144098054,source3
S1-90254742,37,0,0,0,0,0.0,0.0,0.0,true,false,S2-895797947,source2
S1-902554675,2,0,0,0,0,0.0001,0.0,0.0001,true,false,S3-697080488,source3
S1-902556784,1,0,0,0,0,0.0001,0.0,0.0001,true,false,S2-290176873,source2
S1-902783640,18,0,0,0,0,0.0004,0.0001,0.0003,true,false,S3-329810583,source3
S1-903181812,3,0,0,0,0,0.0,0.0,0.0,true,false,S3-577747955,source3
S1-903297820,1,1,1,1,1,0.9975,0.0,0.9975,false,true,S3-111660334,source3
S1-903337146,6,0,0,0,0,0.0,0.0,0.0,true,false,S3-364992398,source3
S1-903445032,1,0,0,0,0,0.0,0.0,0.0,true,false,S3-273876586,source3
S1-903470091,1,0,0,0,0,0.0,0.0,0.0,true,false,S2-249820537,source2
S1-903528838,1,0,0,0,0,0.0,0.0,0.0,true,false,S2-930358620,source2
S1-903563726,66,0,0,0,0,0.0,0.0,0.0,true,false,S2-151242144,source2
S1-903790267,41,0,0,0,0,0.0,0.0,0.0,true,false,S2-970560912,source2
S1-903877245,1,0,0,0,0,0.0,0.0,0.0,true,false,S2-462811931,source2
S1-904003956,14,0,0,0,0,0.0002,0.0001,0.0001,true,false,S2-577335449,source2
S1-90406410,41,0,0,0,0,0.0,0.0,0.0,true,false,S2-706615728,source2
S1-904102874,2,0,0,0,0,0.0001,0.0,0.0001,true,false,S3-988646809,source3
S1-904204508,1,0,0,0,0,0.0,0.0,0.0,true,false,S2-839373565,source2
S1-904228116,4,0,0,0,0,0.1294,0.0,0.1294,true,false,S2-139219752,source2
S1-904233539,73,0,0,0,0,0.0001,0.0,0.0001,true,false,S2-588940457,source2
S1-904356685,1,0,0,0,0,0.0,0.0,0.0,true,false,S3-180629261,source3
S1-904479856,1,0,0,0,0,0.0,0.0,0.0,true,false,S2-764553125,source2
S1-904571917,23,0,0,0,0,0.3505,0.0157,0.3348,true,false,S3-326286374,source3
S1-904665553,1,0,0,0,0,0.0001,0.0,0.0001,true,false,S3-81829926,source3
S1-904812775,1,0,0,0,0,0.0,0.0,0.0,true,false,S2-474924251,source2
S1-904900990,32,0,0,0,0,0.0,0.0,0.0,true,false,S3-50742984,source3
S1-904950933,1,0,0,0,0,0.0,0.0,0.0,true,false,S3-492761719,source3
S1-905021700,4,0,0,0,0,0.0001,0.0,0.0,true,false,S3-753399,source3
S1-905045152,44,0,0,0,0,0.0,0.0,0.0,true,false,S2-598431788,source2
S1-90509489,1,0,0,0,0,0.0,0.0,0.0,true,false,S2-813764823,source2
S1-905405466,1,1,1,1,0,0.9203,0.0,0.9203,false,true,S3-297532495,source3
S1-905431387,1,0,0,0,0,0.0,0.0,0.0,true,false,S2-906367384,source2
S1-905507550,11,0,0,0,0,0.0001,0.0001,0.0,true,false,S2-629859970,source2
S1-905688955,1,0,0,0,0,0.0,0.0,0.0,true,false,S2-315282227,source2
S1-90576892,2,0,0,0,0,0.0,0.0,0.0,true,false,S2-270510197,source2
S1-905788817,71,0,0,0,0,0.0,0.0,0.0,true,false,S2-401332445,source2
S1-905813486,43,0,0,0,0,0.0,0.0,0.0,true,false,S3-288828229,source3
S1-905913245,8,0,0,0,0,0.0001,0.0,0.0001,true,false,S3-34420496,source3
S1-905986016,24,0,0,0,0,0.0002,0.0001,0.0001,true,false,S2-749313671,source2
S1-906014794,2,0,0,0,0,0.0,0.0,0.0,true,false,S3-339257330,source3
S1-906088050,37,0,0,0,0,0.0,0.0,0.0,true,false,S2-197425648,source2
S1-906202714,1,0,0,0,0,0.0,0.0,0.0,true,false,S3-386206761,source3
S1-906221909,1,0,0,0,0,0.4032,0.0,0.4032,true,false,S2-439888025,source2
S1-906306450,1,1,1,1,1,0.9963,0.0,0.9963,false,true,S2-831471641,source2
S1-906306699,6,0,0,0,0,0.0001,0.0001,0.0,true,false,S2-108988186,source2
S1-906423755,58,0,0,0,0,0.0017,0.0008,0.0009,true,false,S2-264144866,source2
S1-906595904,1,0,0,0,0,0.0,0.0,0.0,true,false,S3-756429759,source3
S1-906686327,2,0,0,0,0,0.0,0.0,0.0,true,false,S2-877023855,source2
S1-906722212,2,0,0,0,0,0.0,0.0,0.0,true,false,S2-667035993,source2
S1-906823004,67,0,0,0,0,0.0,0.0,0.0,true,false,S2-639879835,source2
S1-907068489,1,0,0,0,0,0.0,0.0,0.0,true,false,S2-490667037,source2
S1-907102985,4,0,0,0,0,0.0,0.0,0.0,true,false,S2-269978206,source2
S1-907292068,5,0,0,0,0,0.0,0.0,0.0,true,false,S3-661437900,source3
S1-907342436,1,0,0,0,0,0.0001,0.0,0.0001,true,false,S3-955106076,source3
S1-907489033,47,0,0,0,0,0.0002,0.0,0.0002,true,false,S3-319926058,source3
S1-907537271,1,0,0,0,0,0.0001,0.0,0.0001,true,false,S2-463868251,source2
S1-907556285,38,0,0,0,0,0.0001,0.0,0.0001,true,false,S3-833810569,source3
S1-907628644,1,0,0,0,0,0.0001,0.0,0.0001,true,false,S3-729520785,source3
S1-90771849,2,0,0,0,0,0.0001,0.0,0.0,true,false,S2-124045065,source2
S1-907745735,1,0,0,0,0,0.0,0.0,0.0,true,false,S2-546503710,source2
S1-907855258,1,0,0,0,0,0.0,0.0,0.0,true,false,S3-226187955,source3
S1-907856895,1,0,0,0,0,0.0,0.0,0.0,true,false,S2-566216800,source2
S1-907862254,2,0,0,0,0,0.0,0.0,0.0,true,false,S3-328153453,source3
S1-907882903,1,0,0,0,0,0.0,0.0,0.0,true,false,S2-923127913,source2
S1-907946322,1,1,1,1,1,0.9853,0.0,0.9853,false,true,S3-905202102,source3
S1-908046696,2,0,0,0,0,0.0,0.0,0.0,true,false,S3-836912818,source3
S1-90806253,22,0,0,0,0,0.0,0.0,0.0,true,false,S2-824950688,source2
S1-908259334,2,0,0,0,0,0.0,0.0,0.0,true,false,S2-866556280,source2
S1-90837186,1,0,0,0,0,0.0001,0.0,0.0001,true,false,S3-335325631,source3
S1-908542084,47,0,0,0,0,0.0056,0.0036,0.002,true,false,S3-774729528,source3
S1-908679329,7,0,1,0,0,0.8629,0.0009,0.862,true,false,S2-459000273,source2
S1-908688391,1,0,0,0,0,0.0,0.0,0.0,true,false,S2-625831173,source2
S1-90874088,1,0,0,0,0,0.0,0.0,0.0,true,false,S3-677600705,source3
S1-909069678,41,0,0,0,0,0.0,0.0,0.0,true,false,S2-488384040,source2
S1-909289705,42,0,0,0,0,0.0,0.0,0.0,true,false,S3-75478988,source3
S1-909306292,30,0,0,0,0,0.0001,0.0,0.0,true,false,S2-227919796,source2
S1-90953035,1,0,0,0,0,0.0001,0.0,0.0001,true,false,S2-671253246,source2
S1-909588535,39,0,0,0,0,0.0,0.0,0.0,true,false,S3-992487935,source3
S1-909595041,1,0,0,0,0,0.0,0.0,0.0,true,false,S2-989998989,source2
S1-909601979,30,0,0,0,0,0.0,0.0,0.0,true,false,S2-400942794,source2
S1-909639367,1,0,0,0,0,0.0,0.0,0.0,true,false,S3-983937375,source3
S1-909764447,1,0,0,0,0,0.0,0.0,0.0,true,false,S3-671461069,source3
S1-909825022,1,0,0,0,0,0.0,0.0,0.0,true,false,S3-269015864,source3
S1-909827646,1,0,0,0,0,0.0,0.0,0.0,true,false,S3-30195022,source3
S1-909930553,80,0,0,0,0,0.001,0.0001,0.0009,true,false,S3-329810583,source3
S1-910041461,1,1,0,0,0,0.1216,0.0,0.1216,false,true,S2-509201107,source2
S1-910113303,1,0,0,0,0,0.0,0.0,0.0,true,false,S2-9309890,source2
S1-910162777,1,1,1,1,1,0.9991,0.0,0.9991,false,true,S2-886131666,source2
S1-910195628,4,0,0,0,0,0.1149,0.0,0.1149,true,false,S2-139219752,source2
S1-910217081,2,0,0,0,0,0.0,0.0,0.0,true,false,S2-990542239,source2
S1-910308146,2,0,0,0,0,0.0001,0.0,0.0,true,false,S2-897544768,source2
S1-910315718,4,0,0,0,0,0.0363,0.0,0.0363,true,false,S2-266294850,source2
S1-910434336,35,0,0,0,0,0.0,0.0,0.0,true,false,S2-192926861,source2
S1-910439207,1,0,0,0,0,0.0001,0.0,0.0001,true,false,S2-701318085,source2
S1-910742506,2,0,0,0,0,0.0,0.0,0.0,true,false,S3-151737765,source3
S1-910821814,3,0,0,0,0,0.0001,0.0,0.0,true,false,S2-731588087,source2
S1-91090585,5,0,0,0,0,0.0002,0.0,0.0002,true,false,S3-643444893,source3
S1-911341652,1,1,0,0,0,0.0317,0.0,0.0317,false,true,S3-55880086,source3
S1-911394544,1,1,1,1,1,0.9859,0.0,0.9859,false,true,S2-833094990,source2
S1-911576027,1,0,0,0,0,0.0001,0.0,0.0001,true,false,S2-540630105,source2
S1-911663813,38,0,0,0,0,0.0,0.0,0.0,true,false,S3-126940365,source3
S1-911753267,3,0,0,0,0,0.0,0.0,0.0,true,false,S2-97990976,source2
S1-911860288,53,0,0,0,0,0.0041,0.0001,0.004,true,false,S3-796866273,source3
S1-911947650,4,0,0,0,0,0.0,0.0,0.0,true,false,S3-124716550,source3
S1-912173733,4,1,1,1,1,0.996,0.0001,0.9959,false,true,S3-821579288,source3
S1-912245647,15,0,0,0,0,0.015,0.0007,0.0143,true,false,S2-670084831,source2
S1-912518943,38,0,0,0,0,0.0,0.0,0.0,true,false,S2-626326981,source2
S1-912626082,1,0,0,0,0,0.0,0.0,0.0,true,false,S3-821555918,source3
S1-912637870,1,1,1,1,1,0.9994,0.0,0.9994,false,true,S3-807831475,source3
S1-912770625,8,0,0,0,0,0.1633,0.0001,0.1632,true,false,S2-171161046,source2
S1-912855728,42,0,0,0,0,0.0,0.0,0.0,true,false,S3-891901989,source3
S1-912879692,35,0,0,0,0,0.0003,0.0,0.0003,true,false,S3-355476685,source3
S1-912880279,17,0,0,0,0,0.0737,0.0085,0.0653,true,false,S2-618850825,source2
S1-913313081,21,0,0,0,0,0.0,0.0,0.0,true,false,S3-810604564,source3
S1-913339289,2,0,0,0,0,0.0,0.0,0.0,true,false,S3-404435906,source3
S1-913525067,43,0,0,0,0,0.0,0.0,0.0,true,false,S3-946834033,source3
S1-913921484,30,0,0,0,0,0.0,0.0,0.0,true,false,S2-775797539,source2
S1-914002731,2,0,0,0,0,0.0002,0.0001,0.0001,true,false,S3-305123414,source3
S1-91402245,45,0,0,0,0,0.0,0.0,0.0,true,false,S2-953588261,source2
S1-914142794,42,0,0,0,0,0.0001,0.0,0.0001,true,false,S2-459722719,source2
S1-914363666,52,0,0,0,0,0.0031,0.0003,0.0028,true,false,S3-594795887,source3
S1-914501306,1,0,0,0,0,0.0001,0.0,0.0001,true,false,S2-652261855,source2
S1-914563964,35,0,0,0,0,0.0001,0.0,0.0001,true,false,S2-391886434,source2
S1-914853771,1,0,0,0,0,0.0,0.0,0.0,true,false,S3-425135701,source3
S1-914975248,1,0,0,0,0,0.0,0.0,0.0,true,false,S3-713540825,source3
S1-914985726,5,0,0,0,0,0.0001,0.0001,0.0,true,false,S3-537610045,source3
S1-91501414,1,0,0,0,0,0.0,0.0,0.0,true,false,S3-693504846,source3
S1-915022305,5,0,0,0,0,0.0001,0.0,0.0001,true,false,S2-829980962,source2
S1-915105366,39,1,1,1,1,0.9934,0.0,0.9934,false,true,S3-495928053,source3
S1-915189817,1,0,0,0,0,0.0,0.0,0.0,true,false,S2-98357908,source2
S1-915338065,57,0,0,0,0,0.0,0.0,0.0,true,false,S2-782408561,source2
S1-91543504,2,0,0,0,0,0.0001,0.0,0.0001,true,false,S2-831399457,source2
S1-915479091,28,1,0,0,0,0.2353,0.0,0.2353,false,true,S3-318543180,source3
S1-915629463,57,0,0,0,0,0.0001,0.0,0.0001,true,false,S3-435288203,source3
S1-915699520,18,0,0,0,0,0.0,0.0,0.0,true,false,S3-965047525,source3
S1-915764518,1,0,0,0,0,0.0,0.0,0.0,true,false,S2-59782346,source2
S1-915858085,2,0,0,0,0,0.0001,0.0,0.0001,true,false,S2-785986172,source2
S1-915863494,1,0,0,0,0,0.0,0.0,0.0,true,false,S2-775313143,source2
S1-915946912,29,0,0,0,0,0.0,0.0,0.0,true,false,S3-716169189,source3
S1-916119318,1,0,0,0,0,0.0001,0.0,0.0001,true,false,S2-132409242,source2
S1-91628718,1,0,0,0,0,0.0,0.0,0.0,true,false,S2-238501066,source2
S1-916406672,5,1,1,1,1,0.9814,0.0,0.9814,false,true,S3-972710686,source3
S1-916436842,1,0,0,0,0,0.0001,0.0,0.0001,true,false,S3-303382357,source3
S1-916540197,61,0,0,0,0,0.0,0.0,0.0,true,false,S2-648307518,source2
S1-916583822,19,0,0,0,0,0.0,0.0,0.0,true,false,S2-118412754,source2
S1-91665845,6,0,0,0,0,0.0,0.0,0.0,true,false,S3-956337684,source3
S1-916668887,2,0,0,0,0,0.0,0.0,0.0,true,false,S3-809971843,source3
S1-916755193,17,0,0,0,0,0.0,0.0,0.0,true,false,S3-985511871,source3
S1-916773322,1,0,0,0,0,0.0,0.0,0.0,true,false,S3-434552290,source3
S1-916926941,4,0,0,0,0,0.0,0.0,0.0,true,false,S2-322836083,source2
S1-916949745,40,0,0,0,0,0.0001,0.0001,0.0,true,false,S3-75343069,source3
S1-916963810,1,0,0,0,0,0.0,0.0,0.0,true,false,S3-911152851,source3
S1-916990422,3,0,0,0,0,0.0001,0.0,0.0,true,false,S2-50705197,source2
S1-916994139,39,0,0,0,0,0.0,0.0,0.0,true,false,S2-459611127,source2
S1-917210153,1,1,1,1,1,0.9979,0.0,0.9979,false,true,S3-969267220,source3
S1-917236836,1,0,0,0,0,0.0,0.0,0.0,true,false,S2-129288141,source2
S1-917246075,2,0,0,0,0,0.0,0.0,0.0,true,false,S3-380663594,source3
S1-917285613,1,0,0,0,0,0.0,0.0,0.0,true,false,S3-442680990,source3
S1-917362731,47,0,0,0,0,0.0,0.0,0.0,true,false,S3-33614354,source3
S1-917384643,16,0,0,0,0,0.0,0.0,0.0,true,false,S3-828387375,source3
S1-917398455,1,0,0,0,0,0.0,0.0,0.0,true,false,S3-213009153,source3
S1-91752626,1,0,0,0,0,0.0048,0.0,0.0048,true,false,S3-208182986,source3
S1-917655467,28,0,0,0,0,0.0,0.0,0.0,true,false,S2-449149086,source2
S1-917659787,1,0,0,0,0,0.0,0.0,0.0,true,false,S3-697752616,source3
S1-917673664,4,0,0,0,0,0.0,0.0,0.0,true,false,S3-511003274,source3
S1-917759429,3,0,0,0,0,0.0,0.0,0.0,true,false,S2-271339661,source2
S1-917880037,1,0,0,0,0,0.0,0.0,0.0,true,false,S2-590541527,source2
S1-917939044,2,0,0,0,0,0.0,0.0,0.0,true,false,S3-368839587,source3
S1-917970244,39,0,0,0,0,0.0,0.0,0.0,true,false,S3-705642064,source3
S1-91844641,6,0,0,0,0,0.0001,0.0,0.0001,true,false,S2-609127359,source2
S1-918497987,2,0,0,0,0,0.0,0.0,0.0,true,false,S3-582063637,source3
S1-91853001,1,0,0,0,0,0.0001,0.0,0.0001,true,false,S2-421078322,source2
S1-918553483,1,0,0,0,0,0.0,0.0,0.0,true,false,S3-600827052,source3
S1-918589311,1,0,1,1,1,0.951,0.0,0.951,true,false,S3-422487378,source3
S1-918624451,39,0,0,0,0,0.0,0.0,0.0,true,false,S3-520632322,source3
S1-918669619,1,0,0,0,0,0.0129,0.0,0.0129,true,false,S2-207582291,source2
S1-918742892,1,0,0,0,0,0.0,0.0,0.0,true,false,S3-53943972,source3
S1-91890249,43,0,0,0,0,0.0,0.0,0.0,true,false,S3-365952678,source3
S1-919082611,1,0,0,0,0,0.0,0.0,0.0,true,false,S3-883310084,source3
S1-919164787,10,0,0,0,0,0.0,0.0,0.0,true,false,S3-55777802,source3
S1-919196591,1,0,0,0,0,0.0,0.0,0.0,true,false,S2-946767984,source2
S1-919231695,2,0,0,0,0,0.0,0.0,0.0,true,false,S2-438538197,source2
S1-919283383,1,0,0,0,0,0.0,0.0,0.0,true,false,S3-306853707,source3
S1-919503233,1,1,1,1,1,0.9892,0.0,0.9892,false,true,S2-795359404,source2
S1-919606698,51,0,0,0,0,0.0,0.0,0.0,true,false,S3-169522525,source3
S1-919795801,1,1,1,0,0,0.8343,0.0,0.8343,false,true,S3-806824347,source3
S1-919820589,2,0,0,0,0,0.0004,0.0,0.0004,true,false,S3-924203936,source3
S1-919952138,13,0,0,0,0,0.0005,0.0001,0.0004,true,false,S2-824126536,source2
S1-920310344,1,0,0,0,0,0.0001,0.0,0.0001,true,false,S3-983769284,source3
S1-92060137,1,0,0,0,0,0.0,0.0,0.0,true,false,S2-665859726,source2
S1-920641232,18,0,0,0,0,0.0,0.0,0.0,true,false,S3-124927419,source3
S1-920650527,53,0,0,0,0,0.0,0.0,0.0,true,false,S3-358744532,source3
S1-92067415,46,0,0,0,0,0.0005,0.0001,0.0004,true,false,S2-912181583,source2
S1-920698068,1,0,0,0,0,0.0,0.0,0.0,true,false,S3-171278423,source3
S1-920710760,2,1,1,1,1,0.9813,0.0,0.9813,false,true,S3-149496856,source3
S1-920862472,54,0,0,0,0,0.0002,0.0,0.0002,true,false,S3-167857271,source3
S1-921009020,4,0,0,0,0,0.0,0.0,0.0,true,false,S3-574301037,source3
S1-921086599,1,0,0,0,0,0.0,0.0,0.0,true,false,S2-895326284,source2
S1-921237438,1,0,0,0,0,0.0001,0.0,0.0001,true,false,S2-359150795,source2
S1-921396568,2,0,0,0,0,0.0001,0.0001,0.0,true,false,S2-639691940,source2
S1-921451574,1,1,1,1,1,0.9514,0.0,0.9514,false,true,S3-334166749,source3
S1-921558237,3,0,0,0,0,0.0,0.0,0.0,true,false,S3-216105881,source3
S1-921624599,58,0,0,0,0,0.0,0.0,0.0,true,false,S2-939986664,source2
S1-921664491,1,0,0,0,0,0.0,0.0,0.0,true,false,S2-181133326,source2
S1-921693545,3,0,0,0,0,0.0,0.0,0.0,true,false,S2-937637195,source2
S1-921836616,39,0,0,0,0,0.0002,0.0,0.0002,true,false,S2-752754412,source2
S1-922067876,1,0,0,0,0,0.0,0.0,0.0,true,false,S3-969605733,source3
S1-922155661,44,1,1,1,1,0.9964,0.0,0.9964,false,true,S3-145128209,source3
S1-922162402,1,0,0,0,0,0.0,0.0,0.0,true,false,S2-602353889,source2
S1-922189089,12,0,0,0,0,0.0095,0.0004,0.0092,true,false,S2-544200796,source2
S1-922203858,11,0,0,0,0,0.0,0.0,0.0,true,false,S2-357596134,source2
S1-92224855,14,0,0,0,0,0.0001,0.0,0.0001,true,false,S3-632023817,source3
S1-922330308,2,0,0,0,0,0.0,0.0,0.0,true,false,S2-159106198,source2
S1-922429406,20,1,2,1,1,0.9916,0.8546,0.137,false,false,S2-970808601,source2
S1-922487978,35,0,0,0,0,0.0,0.0,0.0,true,false,S3-913566256,source3
S1-92254645,5,0,0,0,0,0.0,0.0,0.0,true,false,S3-47195333,source3
S1-922594635,113,0,0,0,0,0.0,0.0,0.0,true,false,S3-898956912,source3
S1-922614719,1,0,0,0,0,0.0,0.0,0.0,true,false,S2-173666773,source2
S1-922673666,74,0,0,0,0,0.0,0.0,0.0,true,false,S2-512349200,source2
S1-922679696,3,0,0,0,0,0.0,0.0,0.0,true,false,S2-413378590,source2
S1-922700631,35,0,0,0,0,0.0,0.0,0.0,true,false,S2-269215494,source2
S1-922939030,7,0,0,0,0,0.0008,0.0001,0.0007,true,false,S3-294495427,source3
S1-923163739,7,0,0,0,0,0.0,0.0,0.0,true,false,S2-452455336,source2
S1-923325777,1,0,0,0,0,0.0,0.0,0.0,true,false,S3-788659635,source3
S1-923341705,3,0,0,0,0,0.0,0.0,0.0,true,false,S3-758547914,source3
S1-923378594,1,0,0,0,0,0.0,0.0,0.0,true,false,S3-709587757,source3
S1-923736456,45,0,0,0,0,0.0001,0.0,0.0,true,false,S2-818865818,source2
S1-923871898,1,1,0,0,0,0.2499,0.0,0.2499,false,true,S2-128664955,source2
S1-923879420,1,0,0,0,0,0.0,0.0,0.0,true,false,S3-547313364,source3
S1-923901494,21,0,0,0,0,0.0004,0.0,0.0004,true,false,S3-776783945,source3
S1-924027263,11,0,0,0,0,0.0001,0.0001,0.0,true,false,S2-86582856,source2
S1-924093929,1,0,0,0,0,0.0,0.0,0.0,true,false,S3-925748875,source3
S1-924130268,1,1,1,1,1,0.9994,0.0,0.9994,false,true,S3-203758988,source3
S1-924136701,11,0,0,0,0,0.0,0.0,0.0,true,false,S3-278467857,source3
S1-924197183,11,0,0,0,0,0.0,0.0,0.0,true,false,S2-633230289,source2
S1-924334534,1,0,0,0,0,0.0001,0.0,0.0001,true,false,S2-906620714,source2
S1-924360225,28,0,0,0,0,0.0,0.0,0.0,true,false,S3-72815230,source3
S1-924381188,5,0,0,0,0,0.0,0.0,0.0,true,false,S3-97196170,source3
S1-924467624,1,0,0,0,0,0.0,0.0,0.0,true,false,S2-139777201,source2
S1-924527011,1,0,0,0,0,0.0,0.0,0.0,true,false,S2-736964650,source2
S1-924564369,1,0,0,0,0,0.0,0.0,0.0,true,false,S2-427939097,source2
S1-924586912,1,0,0,0,0,0.0,0.0,0.0,true,false,S2-859136566,source2
S1-92475312,1,0,0,0,0,0.0,0.0,0.0,true,false,S3-928869918,source3
S1-924768035,2,0,0,0,0,0.0,0.0,0.0,true,false,S3-879525248,source3
S1-924830758,32,0,0,0,0,0.0,0.0,0.0,true,false,S3-65476900,source3
S1-924890137,54,0,0,0,0,0.0,0.0,0.0,true,false,S3-718590400,source3
S1-924906545,2,0,0,0,0,0.0002,0.0,0.0002,true,false,S3-251848533,source3
S1-924917299,1,0,0,0,0,0.0,0.0,0.0,true,false,S3-890727191,source3
S1-925177941,1,0,0,0,0,0.0,0.0,0.0,true,false,S2-808575628,source2
S1-925180590,43,0,0,0,0,0.0,0.0,0.0,true,false,S3-168253489,source3
S1-92525686,2,0,0,0,0,0.0,0.0,0.0,true,false,S2-512466481,source2
S1-925337241,42,0,0,0,0,0.0001,0.0,0.0,true,false,S3-427226005,source3
S1-925590628,30,0,0,0,0,0.0,0.0,0.0,true,false,S2-400942794,source2
S1-925681011,58,0,0,0,0,0.0,0.0,0.0,true,false,S2-148466906,source2
S1-925840718,2,0,0,0,0,0.0001,0.0,0.0001,true,false,S2-943581671,source2
S1-92588094,1,0,0,0,0,0.0,0.0,0.0,true,false,S2-165809100,source2
S1-925915063,2,0,0,0,0,0.0553,0.0,0.0553,true,false,S3-234548018,source3
S1-925919273,1,0,0,0,0,0.0,0.0,0.0,true,false,S3-768137581,source3
S1-925921204,1,0,0,0,0,0.0,0.0,0.0,true,false,S3-238769696,source3
S1-926018314,1,1,1,1,1,0.9778,0.0,0.9778,false,true,S3-93258009,source3
S1-926150413,1,0,0,0,0,0.0,0.0,0.0,true,false,S3-102451715,source3
S1-926201382,1,1,1,1,1,0.9996,0.0,0.9996,false,true,S3-303873071,source3
S1-926210605,33,0,0,0,0,0.0,0.0,0.0,true,false,S3-751227021,source3
S1-926322589,2,0,0,0,0,0.0001,0.0,0.0,true,false,S3-163465081,source3
S1-926350164,2,0,0,0,0,0.0001,0.0,0.0001,true,false,S3-180426936,source3
S1-926394981,13,0,0,0,0,0.0107,0.0009,0.0098,true,false,S2-851280786,source2
S1-926702976,53,0,0,0,0,0.0,0.0,0.0,true,false,S3-695514104,source3
S1-926822525,1,0,0,0,0,0.0,0.0,0.0,true,false,S2-457890684,source2
S1-92690219,32,0,0,0,0,0.0,0.0,0.0,true,false,S2-291918534,source2
S1-927103786,1,1,1,1,1,0.9967,0.0,0.9967,false,true,S3-113314556,source3
S1-927122299,1,0,0,0,0,0.0,0.0,0.0,true,false,S3-899611086,source3
S1-927122321,1,0,0,0,0,0.0002,0.0,0.0002,true,false,S2-661911568,source2
S1-927149822,1,0,0,0,0,0.0,0.0,0.0,true,false,S3-719857931,source3
S1-927150955,1,0,0,0,0,0.0,0.0,0.0,true,false,S2-436744589,source2
S1-927177398,24,0,0,0,0,0.0,0.0,0.0,true,false,S3-341276511,source3
S1-92738958,1,0,0,0,0,0.0,0.0,0.0,true,false,S3-115721269,source3
S1-927462900,1,0,0,0,0,0.0,0.0,0.0,true,false,S2-182929172,source2
S1-927466840,2,0,0,0,0,0.0001,0.0,0.0001,true,false,S2-509060089,source2
S1-927467834,1,0,0,0,0,0.0,0.0,0.0,true,false,S3-682732257,source3
S1-927509773,59,0,0,0,0,0.0,0.0,0.0,true,false,S2-446125450,source2
S1-927539965,2,0,0,0,0,0.0,0.0,0.0,true,false,S2-755730090,source2
S1-927545614,1,0,0,0,0,0.0,0.0,0.0,true,false,S2-873860395,source2
S1-927596416,1,0,0,0,0,0.0,0.0,0.0,true,false,S3-999856540,source3
S1-927651996,36,1,1,1,1,0.9968,0.0,0.9968,false,true,S2-476737109,source2
S1-927747606,6,0,0,0,0,0.0,0.0,0.0,true,false,S2-222979653,source2
S1-927776130,6,0,0,0,0,0.0001,0.0001,0.0,true,false,S2-500372250,source2
S1-927807842,1,0,0,0,0,0.0,0.0,0.0,true,false,S2-182274112,source2
S1-927838010,37,0,0,0,0,0.0002,0.0001,0.0001,true,false,S2-353655994,source2
S1-927875919,1,0,0,0,0,0.0,0.0,0.0,true,false,S2-138900880,source2
S1-927975767,83,0,0,0,0,0.0001,0.0001,0.0,true,false,S2-575012895,source2
S1-928122344,1,1,1,1,1,0.9995,0.0,0.9995,false,true,S2-555235671,source2
S1-928210504,27,0,0,0,0,0.0,0.0,0.0,true,false,S3-559024102,source3
S1-928330106,38,0,0,0,0,0.0,0.0,0.0,true,false,S2-660259553,source2
S1-928371510,29,0,0,0,0,0.0,0.0,0.0,true,false,S3-782980622,source3
S1-928534012,30,0,0,0,0,0.0,0.0,0.0,true,false,S3-44854787,source3
S1-928584878,113,0,0,0,0,0.0,0.0,0.0,true,false,S2-900884194,source2
S1-928660078,43,0,0,0,0,0.0,0.0,0.0,true,false,S3-20497307,source3
S1-928716344,1,0,0,0,0,0.0,0.0,0.0,true,false,S3-187043077,source3
S1-928738219,1,1,1,1,1,0.9968,0.0,0.9968,false,true,S2-860238547,source2
S1-928748804,1,1,1,1,1,0.9998,0.0,0.9998,false,true,S3-117887590,source3
S1-92899473,7,0,0,0,0,0.0,0.0,0.0,true,false,S2-759333264,source2
S1-928997900,67,0,0,0,0,0.0,0.0,0.0,true,false,S3-590625051,source3
S1-92922537,2,0,0,0,0,0.0001,0.0,0.0001,true,false,S2-517314935,source2
S1-929234619,16,0,0,0,0,0.0001,0.0,0.0001,true,false,S3-483869715,source3
S1-929248864,1,0,0,0,0,0.0,0.0,0.0,true,false,S2-410273582,source2
S1-929251875,1,0,0,0,0,0.0,0.0,0.0,true,false,S3-65160290,source3
S1-929272542,1,0,0,0,0,0.0001,0.0,0.0001,true,false,S2-768958764,source2
S1-929289723,4,0,0,0,0,0.0,0.0,0.0,true,false,S3-485113768,source3
S1-929555475,57,0,0,0,0,0.0002,0.0,0.0002,true,false,S3-419447747,source3
S1-929559913,49,0,0,0,0,0.0,0.0,0.0,true,false,S3-354930835,source3
S1-929563137,30,0,0,0,0,0.0,0.0,0.0,true,false,S2-400942794,source2
S1-929577530,4,0,0,0,0,0.0,0.0,0.0,true,false,S3-567686530,source3
S1-929643157,4,0,0,0,0,0.0001,0.0,0.0001,true,false,S3-368171587,source3
S1-929708664,41,0,0,0,0,0.0,0.0,0.0,true,false,S2-961236214,source2
S1-930015613,53,0,0,0,0,0.0001,0.0,0.0001,true,false,S3-796871497,source3
S1-930159561,2,0,0,0,0,0.0892,0.0001,0.0891,true,false,S2-773555809,source2
S1-930166572,3,0,0,0,0,0.0,0.0,0.0,true,false,S3-782777743,source3
S1-930231904,3,0,0,0,0,0.0,0.0,0.0,true,false,S2-79536534,source2
S1-93033806,9,1,1,1,1,0.9991,0.0001,0.999,false,true,S2-660839351,source2
S1-930361095,40,0,0,0,0,0.0,0.0,0.0,true,false,S2-17776298,source2
S1-930625292,2,0,0,0,0,0.0188,0.0,0.0187,true,false,S2-227289582,source2
S1-93063604,1,0,0,0,0,0.0,0.0,0.0,true,false,S2-637317501,source2
S1-930644837,36,0,0,0,0,0.0,0.0,0.0,true,false,S2-967675640,source2
S1-930984906,40,0,0,0,0,0.0,0.0,0.0,true,false,S3-179822932,source3
S1-931102322,2,0,0,0,0,0.0,0.0,0.0,true,false,S2-327761078,source2
S1-93111167,1,0,0,0,0,0.0,0.0,0.0,true,false,S2-22805370,source2
S1-931169433,42,0,0,0,0,0.0,0.0,0.0,true,false,S2-488548827,source2
S1-93143195,4,0,0,0,0,0.0,0.0,0.0,true,false,S2-677079386,source2
S1-931504615,7,1,1,1,1,0.9912,0.0,0.9912,false,true,S2-363867608,source2
S1-931739582,26,0,0,0,0,0.0,0.0,0.0,true,false,S3-947882124,source3
S1-931749596,1,0,0,0,0,0.0,0.0,0.0,true,false,S2-986167,source2
S1-931843981,1,0,0,0,0,0.0,0.0,0.0,true,false,S3-182906686,source3
S1-932244825,1,1,1,1,1,0.9948,0.0,0.9948,false,true,S2-346726764,source2
S1-932260031,1,0,0,0,0,0.0,0.0,0.0,true,false,S3-771154435,source3
S1-932318328,2,0,0,0,0,0.0026,0.0,0.0026,true,false,S2-919402587,source2
S1-932320172,1,0,0,0,0,0.0,0.0,0.0,true,false,S3-141954480,source3
S1-932397839,1,1,1,1,1,0.9922,0.0,0.9922,false,true,S2-447882786,source2
S1-932488900,7,0,0,0,0,0.0,0.0,0.0,true,false,S3-847070953,source3
S1-932577568,2,0,0,0,0,0.0,0.0,0.0,true,false,S2-701570810,source2
S1-932579262,2,0,0,0,0,0.0,0.0,0.0,true,false,S3-765997007,source3
S1-932600823,3,0,0,0,0,0.0,0.0,0.0,true,false,S2-731588087,source2
S1-932795716,1,0,0,0,0,0.0,0.0,0.0,true,false,S3-717826482,source3
S1-932827505,1,0,0,0,0,0.0,0.0,0.0,true,false,S3-273876586,source3
S1-932873904,1,0,0,0,0,0.0001,0.0,0.0001,true,false,S2-852920268,source2
S1-932887787,1,0,0,0,0,0.0,0.0,0.0,true,false,S2-742802833,source2
S1-933207581,1,0,0,0,0,0.0448,0.0,0.0448,true,false,S3-610056945,source3
S1-933307394,40,0,0,0,0,0.0,0.0,0.0,true,false,S2-533173658,source2
S1-933371798,7,0,0,0,0,0.0,0.0,0.0,true,false,S2-931439970,source2
S1-933384875,2,0,0,0,0,0.0001,0.0,0.0001,true,false,S2-196086813,source2
S1-933440839,1,0,0,0,0,0.0001,0.0,0.0001,true,false,S2-272746591,source2
S1-933508054,40,1,1,1,1,0.999,0.0,0.999,false,true,S2-111204333,source2
S1-933508142,43,0,0,0,0,0.0,0.0,0.0,true,false,S3-950660541,source3
S1-933529306,1,0,0,0,0,0.0,0.0,0.0,true,false,S2-331087487,source2
S1-933591011,1,0,0,0,0,0.0,0.0,0.0,true,false,S3-736469658,source3
S1-933623242,37,0,0,0,0,0.0,0.0,0.0,true,false,S2-590702789,source2
S1-9336905,5,0,0,0,0,0.0001,0.0,0.0001,true,false,S3-622339718,source3
S1-933769328,1,0,0,0,0,0.0001,0.0,0.0001,true,false,S3-366203695,source3
S1-933877596,3,0,0,0,0,0.0005,0.0,0.0005,true,false,S2-582640928,source2
S1-934067301,1,0,0,0,0,0.0063,0.0,0.0063,true,false,S2-488285022,source2
S1-934111304,1,1,1,1,1,0.9853,0.0,0.9853,false,true,S2-668712924,source2
S1-934176576,1,0,0,0,0,0.0,0.0,0.0,true,false,S3-925310335,source3
S1-934209535,1,0,0,0,0,0.0001,0.0,0.0001,true,false,S3-381152755,source3
S1-934264462,2,0,0,0,0,0.0,0.0,0.0,true,false,S3-475018654,source3
S1-934282295,3,0,0,0,0,0.0,0.0,0.0,true,false,S3-558428424,source3
S1-934459964,1,0,0,0,0,0.0,0.0,0.0,true,false,S2-755409598,source2
S1-934461604,1,1,0,0,0,0.8137,0.0,0.8137,false,true,S2-967876765,source2
S1-934708557,1,0,0,0,0,0.0002,0.0,0.0002,true,false,S2-474924251,source2
S1-934791712,4,0,0,0,0,0.0749,0.0,0.0749,true,false,S2-59151486,source2
S1-934862060,5,0,0,0,0,0.2028,0.0001,0.2028,true,false,S2-503956565,source2
S1-93488937,1,0,0,0,0,0.0,0.0,0.0,true,false,S2-350985725,source2
S1-934905213,3,0,0,0,0,0.0001,0.0,0.0,true,false,S2-94011378,source2
S1-934907492,1,0,0,0,0,0.0,0.0,0.0,true,false,S3-373947922,source3
S1-93504223,15,0,0,0,0,0.0001,0.0,0.0,true,false,S2-295899622,source2
S1-935062147,1,0,0,0,0,0.0,0.0,0.0,true,false,S3-756770498,source3
S1-935673504,1,0,0,0,0,0.0,0.0,0.0,true,false,S3-517031274,source3
S1-935736411,2,0,0,0,0,0.0,0.0,0.0,true,false,S3-492537965,source3
S1-935857691,35,0,0,0,0,0.0855,0.0,0.0855,true,false,S2-55421595,source2
S1-935968877,1,0,0,0,0,0.0,0.0,0.0,true,false,S2-450960712,source2
S1-936175118,12,0,0,0,0,0.0004,0.0004,0.0001,true,false,S3-307875844,source3
S1-936460625,50,0,0,0,0,0.0,0.0,0.0,true,false,S2-390722532,source2
S1-936552927,1,0,0,0,0,0.0,0.0,0.0,true,false,S2-271205523,source2
S1-936571312,2,0,0,0,0,0.0,0.0,0.0,true,false,S3-727470461,source3
S1-936637066,1,0,0,0,0,0.0,0.0,0.0,true,false,S3-37838877,source3
S1-93680133,41,0,0,0,0,0.0,0.0,0.0,true,false,S2-577177177,source2
S1-936832775,2,0,0,0,0,0.0,0.0,0.0,true,false,S2-717026173,source2
S1-936853964,1,0,0,0,0,0.0,0.0,0.0,true,false,S2-888759401,source2
S1-936887527,13,0,0,0,0,0.0001,0.0001,0.0,true,false,S3-981990880,source3
S1-93695493,5,0,0,0,0,0.0,0.0,0.0,true,false,S2-492271224,source2
S1-937127907,1,0,0,0,0,0.0,0.0,0.0,true,false,S2-711285799,source2
S1-937141426,1,1,1,1,1,0.961,0.0,0.961,false,true,S3-767909828,source3
S1-937202477,38,0,0,0,0,0.0,0.0,0.0,true,false,S3-262910295,source3
S1-937253596,1,0,0,0,0,0.0,0.0,0.0,true,false,S2-178971361,source2
S1-937421126,1,0,0,0,0,0.0,0.0,0.0,true,false,S2-264731923,source2
S1-937472272,2,0,0,0,0,0.0,0.0,0.0,true,false,S3-278945130,source3
S1-937493842,6,0,0,0,0,0.0,0.0,0.0,true,false,S3-843659536,source3
S1-937725643,1,0,0,0,0,0.0,0.0,0.0,true,false,S2-944585951,source2
S1-937806574,2,0,0,0,0,0.0,0.0,0.0,true,false,S3-9079678,source3
S1-93782896,3,0,0,0,0,0.0,0.0,0.0,true,false,S3-278741776,source3
S1-9379136,42,0,0,0,0,0.0001,0.0,0.0001,true,false,S3-969534231,source3
S1-937945093,1,0,0,0,0,0.0,0.0,0.0,true,false,S3-419637826,source3
S1-938005112,49,0,0,0,0,0.0001,0.0,0.0,true,false,S3-735885413,source3
S1-938173786,3,0,0,0,0,0.0,0.0,0.0,true,false,S3-781754949,source3
S1-938222014,3,0,0,0,0,0.0,0.0,0.0,true,false,S3-717797346,source3
S1-938231935,2,0,0,0,0,0.0,0.0,0.0,true,false,S2-91305348,source2
S1-938255817,2,0,0,0,0,0.0,0.0,0.0,true,false,S3-38386392,source3
S1-938450387,1,0,0,0,0,0.0,0.0,0.0,true,false,S3-905847227,source3
S1-938488765,2,0,0,0,0,0.0731,0.0,0.073,true,false,S2-173506049,source2
S1-93872977,1,0,0,0,0,0.0001,0.0,0.0001,true,false,S2-578718206,source2
S1-938749335,2,0,0,0,0,0.0001,0.0001,0.0,true,false,S2-240413116,source2
S1-938775156,22,0,0,0,0,0.0,0.0,0.0,true,false,S2-895333808,source2
S1-93891420,1,0,0,0,0,0.0017,0.0,0.0017,true,false,S3-973416958,source3
S1-938934967,4,0,0,0,0,0.0,0.0,0.0,true,false,S2-114378427,source2
S1-939046667,38,0,0,0,0,0.0,0.0,0.0,true,false,S2-939010115,source2
S1-939058378,2,0,0,0,0,0.0,0.0,0.0,true,false,S2-877661076,source2
S1-939208118,83,0,0,0,0,0.0,0.0,0.0,true,false,S2-571364614,source2
S1-939340799,60,0,0,0,0,0.0001,0.0001,0.0,true,false,S3-1313676,source3
S1-939392454,1,1,1,1,1,0.9977,0.0,0.9977,false,true,S2-877439980,source2
S1-93940841,7,0,0,0,0,0.0001,0.0001,0.0,true,false,S3-221465205,source3
S1-939542921,1,0,0,0,0,0.0,0.0,0.0,true,false,S2-930878840,source2
S1-939842671,44,0,0,0,0,0.0,0.0,0.0,true,false,S3-368460950,source3
S1-93995897,28,0,0,0,0,0.0,0.0,0.0,true,false,S3-942335984,source3
S1-940003106,1,0,0,0,0,0.0001,0.0,0.0001,true,false,S2-678446632,source2
S1-940115232,2,0,0,0,0,0.0,0.0,0.0,true,false,S2-147817802,source2
S1-9401824,1,0,0,0,0,0.0,0.0,0.0,true,false,S2-289710863,source2
S1-940202227,38,0,0,0,0,0.0,0.0,0.0,true,false,S3-785015130,source3
S1-940367345,1,0,0,0,0,0.0546,0.0,0.0546,true,false,S2-463166812,source2
S1-940524377,1,0,0,0,0,0.0,0.0,0.0,true,false,S2-899697157,source2
S1-940560552,1,1,1,1,1,0.9994,0.0,0.9994,false,true,S2-946591977,source2
S1-940612428,4,0,0,0,0,0.0001,0.0,0.0001,true,false,S3-807213849,source3
S1-940655665,1,0,0,0,0,0.0,0.0,0.0,true,false,S3-944623384,source3
S1-940817399,1,0,0,0,0,0.0,0.0,0.0,true,false,S2-328983729,source2
S1-940946868,1,1,1,1,1,0.9998,0.0,0.9998,false,true,S2-442144356,source2
S1-940949278,1,0,0,0,0,0.0,0.0,0.0,true,false,S3-950119066,source3
S1-94119516,1,0,0,0,0,0.0,0.0,0.0,true,false,S2-867140952,source2
S1-941328456,1,0,0,0,0,0.0,0.0,0.0,true,false,S3-928585954,source3
S1-941329872,26,0,0,0,0,0.0,0.0,0.0,true,false,S3-362227959,source3
S1-941415758,8,0,0,0,0,0.0001,0.0001,0.0,true,false,S3-201391572,source3
S1-941417027,1,1,0,0,0,0.8135,0.0,0.8135,false,true,S3-967747607,source3
S1-941443590,2,0,0,0,0,0.0095,0.0,0.0095,true,false,S3-13532619,source3
S1-941480870,50,1,1,1,1,0.9998,0.0008,0.999,false,true,S2-817080971,source2
S1-94152109,2,0,0,0,0,0.0,0.0,0.0,true,false,S2-321393766,source2
S1-941588518,4,0,0,0,0,0.0001,0.0,0.0001,true,false,S2-229962546,source2
S1-941651618,58,0,0,0,0,0.0001,0.0,0.0001,true,false,S2-724061445,source2
S1-941662017,8,0,0,0,0,0.0,0.0,0.0,true,false,S2-890109648,source2
S1-942005613,6,0,0,0,0,0.0303,0.0001,0.0302,true,false,S3-778881900,source3
S1-942110962,39,0,0,0,0,0.0002,0.0,0.0002,true,false,S3-951229504,source3
S1-942118941,1,0,0,0,0,0.0,0.0,0.0,true,false,S3-107359579,source3
S1-942301043,1,0,0,0,0,0.2311,0.0,0.2311,true,false,S2-148776363,source2
S1-942337153,2,0,0,0,0,0.0001,0.0,0.0,true,false,S2-106445480,source2
S1-942418129,38,0,0,0,0,0.0,0.0,0.0,true,false,S2-968547013,source2
S1-942626039,1,0,0,0,0,0.0,0.0,0.0,true,false,S2-154192027,source2
S1-942806725,37,0,0,0,0,0.0,0.0,0.0,true,false,S2-808715434,source2
S1-942890922,3,0,0,0,0,0.0,0.0,0.0,true,false,S2-540406294,source2
S1-942891205,1,0,0,0,0,0.0001,0.0,0.0001,true,false,S2-36562156,source2
S1-942929065,27,0,1,0,0,0.8773,0.0,0.8772,true,false,S3-20242737,source3
S1-942976576,7,0,0,0,0,0.0,0.0,0.0,true,false,S3-250747417,source3
S1-943017357,3,0,0,0,0,0.0,0.0,0.0,true,false,S3-12680627,source3
S1-943107682,4,0,0,0,0,0.0,0.0,0.0,true,false,S3-567686530,source3
S1-943113449,1,0,0,0,0,0.0,0.0,0.0,true,false,S3-598451741,source3
S1-943166770,2,0,0,0,0,0.0,0.0,0.0,true,false,S3-224268783,source3
S1-943657007,52,0,0,0,0,0.0001,0.0001,0.0,true,false,S3-570182570,source3
S1-943679421,4,1,0,0,0,0.6315,0.0126,0.6189,false,true,S2-229962546,source2
S1-943719187,5,1,0,0,0,0.0024,0.0001,0.0024,false,true,S2-867170522,source2
S1-943782645,1,0,0,0,0,0.0,0.0,0.0,true,false,S3-159047045,source3
S1-943823398,6,0,0,0,0,0.0,0.0,0.0,true,false,S3-75313332,source3
S1-943844017,25,0,0,0,0,0.0,0.0,0.0,true,false,S3-901201480,source3
S1-943844717,1,0,0,0,0,0.0,0.0,0.0,true,false,S2-817472806,source2
S1-943874235,48,0,0,0,0,0.0,0.0,0.0,true,false,S3-969479300,source3
S1-94396596,3,0,0,0,0,0.0,0.0,0.0,true,false,S3-749456438,source3
S1-943972902,29,0,0,0,0,0.0,0.0,0.0,true,false,S3-667917058,source3
S1-944137003,1,0,1,1,1,0.9701,0.0,0.9701,true,false,S3-726108094,source3
S1-944237530,1,0,0,0,0,0.0,0.0,0.0,true,false,S3-584703943,source3
S1-944258884,35,0,0,0,0,0.0,0.0,0.0,true,false,S2-55421595,source2
S1-944519934,1,0,0,0,0,0.0,0.0,0.0,true,false,S3-421873440,source3
S1-944652965,3,0,0,0,0,0.0,0.0,0.0,true,false,S2-414923736,source2
S1-944850033,30,0,0,0,0,0.0,0.0,0.0,true,false,S3-172089780,source3
S1-944869636,34,0,0,0,0,0.0,0.0,0.0,true,false,S3-828868523,source3
S1-944943020,2,0,0,0,0,0.0,0.0,0.0,true,false,S2-224991649,source2
S1-945203432,1,0,0,0,0,0.0,0.0,0.0,true,false,S3-701487303,source3
S1-945365496,51,0,0,0,0,0.0,0.0,0.0,true,false,S2-476412059,source2
S1-945370052,1,0,0,0,0,0.0,0.0,0.0,true,false,S3-614129382,source3
S1-945416881,2,0,0,0,0,0.0003,0.0,0.0003,true,false,S2-406063706,source2
S1-945422012,37,0,0,0,0,0.0001,0.0001,0.0,true,false,S2-670992606,source2
S1-945650918,1,0,0,0,0,0.0,0.0,0.0,true,false,S3-676432488,source3
S1-945830911,51,0,0,0,0,0.0,0.0,0.0,true,false,S2-722216142,source2
S1-945969017,1,0,0,0,0,0.0,0.0,0.0,true,false,S2-101742690,source2
S1-946133653,4,1,1,1,1,0.9961,0.0,0.9961,false,true,S2-527812446,source2
S1-946299789,2,0,0,0,0,0.0,0.0,0.0,true,false,S2-31635665,source2
S1-946307418,1,0,0,0,0,0.0,0.0,0.0,true,false,S2-525681114,source2
S1-946317880,47,0,0,0,0,0.0,0.0,0.0,true,false,S2-32330578,source2
S1-946323908,1,0,0,0,0,0.001,0.0,0.001,true,false,S2-501057541,source2
S1-946364672,6,0,0,0,0,0.0,0.0,0.0,true,false,S2-193026221,source2
S1-946449033,57,0,0,0,0,0.0,0.0,0.0,true,false,S3-31437369,source3
S1-946513716,2,0,0,0,0,0.0,0.0,0.0,true,false,S2-77829861,source2
S1-946642446,42,0,0,0,0,0.0001,0.0001,0.0,true,false,S2-350787930,source2
S1-946714856,25,0,0,0,0,0.0,0.0,0.0,true,false,S3-141265601,source3
S1-946741193,51,0,0,0,0,0.0,0.0,0.0,true,false,S3-510164984,source3
S1-946825840,1,0,0,0,0,0.0,0.0,0.0,true,false,S2-887618326,source2
S1-94689300,82,0,0,0,0,0.0082,0.0,0.0082,true,false,S2-718940689,source2
S1-946901276,2,0,0,0,0,0.0001,0.0,0.0001,true,false,S3-980745834,source3
S1-946922673,1,0,0,0,0,0.0,0.0,0.0,true,false,S3-225377108,source3
S1-946926782,41,0,0,0,0,0.0,0.0,0.0,true,false,S3-828529196,source3
S1-947075175,4,0,0,0,0,0.0001,0.0001,0.0,true,false,S3-158254065,source3
S1-947119891,3,0,0,0,0,0.0,0.0,0.0,true,false,S2-243138095,source2
S1-947166860,1,0,0,0,0,0.0,0.0,0.0,true,false,S2-698853486,source2
S1-947183627,6,1,1,1,1,0.9994,0.0,0.9994,false,true,S2-779565161,source2
S1-947201313,29,1,1,1,0,0.9378,0.0,0.9378,false,true,S2-417090507,source2
S1-947295369,1,0,0,0,0,0.0,0.0,0.0,true,false,S2-878026783,source2
S1-947328969,1,1,1,1,1,0.997,0.0,0.997,false,true,S3-168554741,source3
S1-947555147,1,0,0,0,0,0.0001,0.0,0.0001,true,false,S2-773770415,source2
S1-947591286,2,0,0,0,0,0.0001,0.0001,0.0,true,false,S3-498617130,source3
S1-947622265,41,0,0,0,0,0.0,0.0,0.0,true,false,S3-762635591,source3
S1-947812879,1,1,1,1,1,0.9894,0.0,0.9894,false,true,S2-214245581,source2
S1-947882618,2,0,0,0,0,0.0001,0.0,0.0,true,false,S3-513578052,source3
S1-948046243,2,0,0,0,0,0.0001,0.0001,0.0,true,false,S2-124045065,source2
S1-948436716,1,0,0,0,0,0.0,0.0,0.0,true,false,S3-840193763,source3
S1-948624922,1,0,0,0,0,0.0,0.0,0.0,true,false,S3-226093140,source3
S1-948636603,63,0,0,0,0,0.0064,0.0021,0.0043,true,false,S3-287417200,source3
S1-948645160,1,0,0,0,0,0.0,0.0,0.0,true,false,S3-892452811,source3
S1-948707976,3,0,0,0,0,0.0,0.0,0.0,true,false,S3-922971635,source3
S1-948768038,37,0,0,0,0,0.0001,0.0001,0.0,true,false,S3-823738212,source3
S1-948919422,1,0,0,0,0,0.0,0.0,0.0,true,false,S3-368562451,source3
S1-949009637,1,0,0,0,0,0.0,0.0,0.0,true,false,S2-807775465,source2
S1-949163580,1,0,0,0,0,0.0,0.0,0.0,true,false,S3-995800263,source3
S1-949224078,1,0,0,0,0,0.0,0.0,0.0,true,false,S2-222688325,source2
S1-949259555,24,0,0,0,0,0.0,0.0,0.0,true,false,S2-426755542,source2
S1-949267241,1,0,0,0,0,0.0,0.0,0.0,true,false,S3-984791036,source3
S1-94944017,39,0,0,0,0,0.0001,0.0,0.0001,true,false,S2-285063282,source2
S1-949512979,2,0,0,0,0,0.0,0.0,0.0,true,false,S3-356203149,source3
S1-949585697,1,0,0,0,0,0.0,0.0,0.0,true,false,S3-819713448,source3
S1-94967538,2,0,0,0,0,0.0,0.0,0.0,true,false,S3-823514341,source3
S1-949889145,1,0,0,0,0,0.0001,0.0,0.0001,true,false,S2-665987156,source2
S1-949934733,29,0,0,0,0,0.0003,0.0,0.0003,true,false,S2-59913465,source2
S1-949971933,43,0,0,0,0,0.0,0.0,0.0,true,false,S3-378404825,source3
S1-950052790,1,0,0,0,0,0.0,0.0,0.0,true,false,S2-735844220,source2
S1-950101048,2,0,0,0,0,0.0,0.0,0.0,true,false,S2-918253584,source2
S1-950109348,40,0,0,0,0,0.0002,0.0,0.0002,true,false,S3-300764673,source3
S1-950146034,3,0,0,0,0,0.0001,0.0001,0.0,true,false,S2-467092618,source2
S1-950215951,3,0,0,0,0,0.0,0.0,0.0,true,false,S2-582279473,source2
S1-950257587,4,0,0,0,0,0.0,0.0,0.0,true,false,S3-438256923,source3
S1-950309530,14,0,0,0,0,0.0001,0.0001,0.0,true,false,S2-24216314,source2
S1-950310685,58,1,1,1,1,0.9945,0.0,0.9944,false,true,S3-346215563,source3
S1-950469808,1,0,0,0,0,0.0,0.0,0.0,true,false,S2-146831993,source2
S1-950597151,40,0,0,0,0,0.0,0.0,0.0,true,false,S3-122307377,source3
S1-950606510,2,0,0,0,0,0.0001,0.0,0.0,true,false,S2-333060453,source2
S1-95060771,53,0,0,0,0,0.0005,0.0,0.0005,true,false,S2-295851755,source2
S1-950609035,1,0,0,0,0,0.0,0.0,0.0,true,false,S2-617649882,source2
S1-95069725,1,1,1,1,1,0.9977,0.0,0.9977,false,true,S2-998537932,source2
S1-95074246,2,0,0,0,0,0.0001,0.0,0.0,true,false,S2-895674743,source2
S1-950783420,5,0,0,0,0,0.0001,0.0001,0.0,true,false,S3-191118851,source3
S1-950785629,2,0,0,0,0,0.0,0.0,0.0,true,false,S2-269603169,source2
S1-950806991,2,0,0,0,0,0.1916,0.0001,0.1916,true,false,S2-3899069,source2
S1-950871075,2,0,0,0,0,0.0,0.0,0.0,true,false,S3-869037430,source3
S1-950892937,1,0,0,0,0,0.0,0.0,0.0,true,false,S2-825274870,source2
S1-951048493,54,0,0,0,0,0.0,0.0,0.0,true,false,S2-187800389,source2
S1-951113242,1,1,0,0,0,0.682,0.0,0.682,false,true,S3-532651626,source3
S1-951159035,2,0,0,0,0,0.0,0.0,0.0,true,false,S3-210129006,source3
S1-951302670,1,0,0,0,0,0.0,0.0,0.0,true,false,S2-566174796,source2
S1-951545232,2,0,0,0,0,0.0004,0.0,0.0004,true,false,S3-2822901,source3
S1-951549914,45,0,0,0,0,0.0704,0.0001,0.0704,true,false,S3-963851783,source3
S1-951623110,61,0,0,0,0,0.0002,0.0002,0.0,true,false,S2-104584185,source2
S1-951729213,1,0,0,0,0,0.0,0.0,0.0,true,false,S2-159175610,source2
S1-95194363,30,0,0,0,0,0.0,0.0,0.0,true,false,S3-172089780,source3
S1-951979686,30,0,0,0,0,0.0,0.0,0.0,true,false,S3-64057938,source3
S1-952042889,1,0,0,0,0,0.0,0.0,0.0,true,false,S3-675117877,source3
S1-952204595,1,0,0,0,0,0.0,0.0,0.0,true,false,S2-437128444,source2
S1-95233674,1,0,0,0,0,0.0,0.0,0.0,true,false,S2-968272081,source2
S1-952482355,54,0,0,0,0,0.0002,0.0001,0.0001,true,false,S3-856285441,source3
S1-952571031,1,0,0,0,0,0.0,0.0,0.0,true,false,S3-653036826,source3
S1-95264755,34,0,0,0,0,0.0,0.0,0.0,true,false,S2-17149483,source2
S1-952676615,3,0,0,0,0,0.0,0.0,0.0,true,false,S3-376554709,source3
S1-952861133,46,0,0,0,0,0.0,0.0,0.0,true,false,S3-111658040,source3
S1-952959244,4,0,0,0,0,0.0001,0.0,0.0001,true,false,S2-429023833,source2
S1-953050582,2,0,0,0,0,0.0,0.0,0.0,true,false,S2-450853085,source2
S1-953057408,1,0,0,0,0,0.0,0.0,0.0,true,false,S2-403160049,source2
S1-95337622,73,0,0,0,0,0.0001,0.0001,0.0001,true,false,S3-937822487,source3
S1-953405039,9,0,0,0,0,0.0016,0.0,0.0015,true,false,S3-17013823,source3
S1-953470089,52,0,0,0,0,0.0002,0.0,0.0001,true,false,S3-670618386,source3
S1-953571826,40,0,0,0,0,0.0,0.0,0.0,true,false,S2-17776298,source2
S1-953665805,52,0,0,0,0,0.0,0.0,0.0,true,false,S3-170893570,source3
S1-953698895,1,0,0,0,0,0.0,0.0,0.0,true,false,S3-547858085,source3
S1-953839329,74,0,0,0,0,0.0001,0.0,0.0,true,false,S3-863075341,source3
S1-953867215,1,1,1,1,1,0.9991,0.0,0.9991,false,true,S2-39483062,source2
S1-954051601,1,0,0,0,0,0.0,0.0,0.0,true,false,S3-761111042,source3
S1-954158935,1,0,0,0,0,0.0,0.0,0.0,true,false,S2-18041468,source2
S1-954161916,1,0,0,0,0,0.0,0.0,0.0,true,false,S2-348171889,source2
S1-954433035,1,0,0,0,0,0.0,0.0,0.0,true,false,S2-125034015,source2
S1-954571166,1,0,0,0,0,0.0,0.0,0.0,true,false,S3-384490400,source3
S1-954572024,38,0,0,0,0,0.0001,0.0,0.0,true,false,S3-457764913,source3
S1-954595905,11,0,0,0,0,0.0002,0.0002,0.0,true,false,S3-561428733,source3
S1-954751967,3,0,0,0,0,0.0,0.0,0.0,true,false,S3-122273420,source3
S1-9548733,54,0,0,0,0,0.0644,0.0001,0.0643,true,false,S2-544993889,source2
S1-954891798,1,0,0,0,0,0.0005,0.0,0.0005,true,false,S3-545360116,source3
S1-955198371,1,0,0,0,0,0.0,0.0,0.0,true,false,S3-996703779,source3
S1-955294278,11,0,0,0,0,0.0001,0.0,0.0001,true,false,S2-689031692,source2
S1-955594204,29,0,0,0,0,0.0,0.0,0.0,true,false,S2-574530624,source2
S1-955731579,1,0,0,0,0,0.0,0.0,0.0,true,false,S3-73875840,source3
S1-955810995,1,0,0,0,0,0.0,0.0,0.0,true,false,S2-742093160,source2
S1-955866957,37,0,0,0,0,0.0001,0.0,0.0001,true,false,S3-198760199,source3
S1-955976372,1,1,1,0,0,0.8326,0.0,0.8326,false,true,S2-670672245,source2
S1-956479481,5,0,0,0,0,0.0,0.0,0.0,true,false,S3-922154738,source3
S1-956502954,89,0,0,0,0,0.0002,0.0001,0.0,true,false,S3-955205797,source3
S1-956515241,1,1,1,0,0,0.86,0.0,0.86,false,true,S2-442361209,source2
S1-956857592,1,0,0,0,0,0.0,0.0,0.0,true,false,S3-493330243,source3
S1-957021972,47,0,0,0,0,0.0,0.0,0.0,true,false,S2-444526166,source2
S1-957047515,1,1,1,1,1,0.9984,0.0,0.9984,false,true,S2-356011138,source2
S1-957147976,30,0,0,0,0,0.0,0.0,0.0,true,false,S3-564842449,source3
S1-95717917,1,0,0,0,0,0.0002,0.0,0.0002,true,false,S3-993381924,source3
S1-957298698,1,0,0,0,0,0.0,0.0,0.0,true,false,S3-397294899,source3
S1-957313162,12,0,0,0,0,0.0001,0.0001,0.0,true,false,S3-306851652,source3
S1-957538608,5,0,0,0,0,0.0,0.0,0.0,true,false,S3-146884433,source3
S1-957630265,1,0,0,0,0,0.0,0.0,0.0,true,false,S2-829830180,source2
S1-95767832,1,0,0,0,0,0.0,0.0,0.0,true,false,S2-519136362,source2
S1-957813379,4,0,0,0,0,0.0001,0.0,0.0001,true,false,S3-395441526,source3
S1-957913146,3,0,0,0,0,0.0001,0.0,0.0001,true,false,S2-236302728,source2
S1-958105702,1,1,0,0,0,0.5404,0.0,0.5404,false,true,S3-711630323,source3
S1-958107712,42,0,0,0,0,0.0,0.0,0.0,true,false,S2-438482111,source2
S1-958320294,1,0,0,0,0,0.0,0.0,0.0,true,false,S2-178759548,source2
S1-95832791,3,0,0,0,0,0.3009,0.0,0.3009,true,false,S2-122377884,source2
S1-958380693,2,0,0,0,0,0.0,0.0,0.0,true,false,S3-992490200,source3
S1-958395524,1,0,0,0,0,0.0,0.0,0.0,true,false,S3-416805845,source3
S1-958418132,1,0,0,0,0,0.6678,0.0,0.6678,true,false,S3-176726384,source3
S1-958435187,2,0,0,0,0,0.0,0.0,0.0,true,false,S2-252010908,source2
S1-958462888,11,0,0,0,0,0.0002,0.0001,0.0001,true,false,S2-86582856,source2
S1-958506826,4,0,0,0,0,0.0,0.0,0.0,true,false,S3-12623731,source3
S1-958611609,22,0,0,0,0,0.0,0.0,0.0,true,false,S3-306656842,source3
S1-958666877,1,1,1,1,1,0.9925,0.0,0.9925,false,true,S3-688717462,source3
S1-958740646,6,0,0,0,0,0.0002,0.0001,0.0001,true,false,S2-847642452,source2
S1-958873218,1,0,0,0,0,0.0,0.0,0.0,true,false,S3-939492839,source3
S1-959048211,1,0,0,0,0,0.093,0.0,0.093,true,false,S3-93467202,source3
S1-959221757,1,0,0,0,0,0.0,0.0,0.0,true,false,S3-900216279,source3
S1-95925372,12,0,0,0,0,0.0001,0.0,0.0001,true,false,S3-956594942,source3
S1-959330708,3,0,0,0,0,0.0,0.0,0.0,true,false,S2-215134403,source2
S1-959760923,1,0,0,0,0,0.0,0.0,0.0,true,false,S2-59913465,source2
S1-959763725,1,0,0,0,0,0.0,0.0,0.0,true,false,S2-550186236,source2
S1-959868546,29,0,0,0,0,0.0,0.0,0.0,true,false,S2-876180111,source2
S1-960008350,2,0,0,0,0,0.0,0.0,0.0,true,false,S2-755730090,source2
S1-960121667,33,0,0,0,0,0.0,0.0,0.0,true,false,S3-169632360,source3
S1-960126068,1,0,0,0,0,0.0,0.0,0.0,true,false,S2-578718206,source2
S1-960203090,3,0,0,0,0,0.0,0.0,0.0,true,false,S2-860630133,source2
S1-960209734,36,0,0,0,0,0.0,0.0,0.0,true,false,S3-748843940,source3
S1-960276951,4,0,0,0,0,0.0002,0.0,0.0002,true,false,S2-415597790,source2
S1-960319082,5,0,0,0,0,0.0002,0.0,0.0002,true,false,S2-799820557,source2
S1-960355473,1,0,0,0,0,0.0,0.0,0.0,true,false,S2-298331793,source2
S1-960357693,1,1,1,1,1,0.9877,0.0,0.9877,false,true,S2-193784576,source2
S1-960426400,3,0,0,0,0,0.0,0.0,0.0,true,false,S3-301400995,source3
S1-960588220,4,0,0,0,0,0.0,0.0,0.0,true,false,S3-67836226,source3
S1-96059384,1,0,0,0,0,0.0,0.0,0.0,true,false,S2-691793235,source2
S1-960633076,32,0,0,0,0,0.0,0.0,0.0,true,false,S2-792060456,source2
S1-960756168,6,0,0,0,0,0.0,0.0,0.0,true,false,S3-310899168,source3
S1-960818814,7,0,0,0,0,0.0,0.0,0.0,true,false,S3-571354224,source3
S1-960943614,1,0,0,0,0,0.0,0.0,0.0,true,false,S3-438518302,source3
S1-961015790,10,0,0,0,0,0.0001,0.0,0.0,true,false,S2-330880608,source2
S1-96102280,2,0,0,0,0,0.0,0.0,0.0,true,false,S3-576271053,source3
S1-96105662,6,0,0,0,0,0.0,0.0,0.0,true,false,S2-265638842,source2
S1-961076953,3,0,0,0,0,0.0,0.0,0.0,true,false,S2-970560912,source2
S1-96122582,1,0,0,0,0,0.0,0.0,0.0,true,false,S2-337547599,source2
S1-961465426,3,0,0,0,0,0.0,0.0,0.0,true,false,S2-855613686,source2
S1-961491290,48,0,0,0,0,0.0,0.0,0.0,true,false,S2-550340079,source2
S1-9614978,13,0,0,0,0,0.0001,0.0001,0.0,true,false,S2-616467580,source2
S1-961723116,2,0,0,0,0,0.0001,0.0001,0.0,true,false,S3-975638447,source3
S1-96174244,3,1,1,1,0,0.9063,0.0,0.9062,false,true,S3-519674700,source3
S1-961783740,2,0,0,0,0,0.0,0.0,0.0,true,false,S3-855941324,source3
S1-962124401,113,0,0,0,0,0.0,0.0,0.0,true,false,S2-683764781,source2
S1-962174051,10,0,0,0,0,0.0001,0.0,0.0,true,false,S3-875992023,source3
S1-962190848,1,0,0,0,0,0.0001,0.0,0.0001,true,false,S3-466838253,source3
S1-9622632,3,0,0,0,0,0.0,0.0,0.0,true,false,S3-96049762,source3
S1-962276733,74,0,0,0,0,0.0002,0.0001,0.0001,true,false,S3-807892069,source3
S1-962329112,18,0,0,0,0,0.0,0.0,0.0,true,false,S2-374452698,source2
S1-962375035,3,0,0,0,0,0.0034,0.0,0.0034,true,false,S2-184380459,source2
S1-962497832,6,0,0,0,0,0.0,0.0,0.0,true,false,S2-193026221,source2
S1-962536910,1,0,0,0,0,0.0018,0.0,0.0018,true,false,S3-295157636,source3
S1-962563594,52,0,1,0,0,0.8505,0.0,0.8505,true,false,S2-952685148,source2
S1-962621727,37,0,0,0,0,0.0,0.0,0.0,true,false,S3-781942386,source3
S1-962640282,1,0,0,0,0,0.0001,0.0,0.0001,true,false,S3-64767479,source3
S1-962978614,3,0,0,0,0,0.0001,0.0,0.0001,true,false,S3-774208099,source3
S1-963091418,2,0,0,0,0,0.0,0.0,0.0,true,false,S2-849558040,source2
S1-96322956,58,0,0,0,0,0.0,0.0,0.0,true,false,S3-920582294,source3
S1-963279486,1,1,0,0,0,0.094,0.0,0.094,false,true,S3-197069383,source3
S1-963289228,31,0,0,0,0,0.0,0.0,0.0,true,false,S2-694336347,source2
S1-963362754,6,0,0,0,0,0.0,0.0,0.0,true,false,S2-549310568,source2
S1-963478766,1,0,0,0,0,0.0001,0.0,0.0001,true,false,S3-12832337,source3
S1-963524492,42,0,0,0,0,0.0,0.0,0.0,true,false,S3-387130498,source3
S1-96377411,1,0,0,0,0,0.0001,0.0,0.0001,true,false,S2-827203140,source2
S1-963829392,1,1,1,1,1,0.9996,0.0,0.9996,false,true,S3-364778628,source3
S1-963848607,39,0,0,0,0,0.0,0.0,0.0,true,false,S2-699778678,source2
S1-96384915,30,0,0,0,0,0.0,0.0,0.0,true,false,S3-709143333,source3
S1-964084590,1,1,1,1,1,0.9998,0.0,0.9998,false,true,S3-624262763,source3
S1-964097914,2,0,0,0,0,0.0,0.0,0.0,true,false,S3-808399280,source3
S1-964342182,1,0,0,0,0,0.0,0.0,0.0,true,false,S2-725658858,source2
S1-964576684,1,0,0,0,0,0.124,0.0,0.124,true,false,S2-861276718,source2
S1-964887936,1,0,0,0,0,0.0,0.0,0.0,true,false,S2-460190561,source2
S1-964905949,1,0,0,0,0,0.0,0.0,0.0,true,false,S3-174283148,source3
S1-964925471,2,0,0,0,0,0.0002,0.0,0.0002,true,false,S2-958348175,source2
S1-964926889,1,0,0,0,0,0.0,0.0,0.0,true,false,S2-569739603,source2
S1-964934201,2,0,0,0,0,0.0,0.0,0.0,true,false,S2-702411585,source2
S1-965237536,9,0,0,0,0,0.0,0.0,0.0,true,false,S3-513599163,source3
S1-965254927,6,0,0,0,0,0.0001,0.0,0.0001,true,false,S3-687243265,source3
S1-965405362,4,0,0,0,0,0.0005,0.0001,0.0004,true,false,S3-737670101,source3
S1-965610879,1,0,0,0,0,0.0,0.0,0.0,true,false,S3-876083977,source3
S1-965725228,32,0,0,0,0,0.0,0.0,0.0,true,false,S3-421976655,source3
S1-965747862,36,0,0,0,0,0.0001,0.0,0.0,true,false,S2-66924417,source2
S1-965820884,41,0,0,0,0,0.0,0.0,0.0,true,false,S3-472781921,source3
S1-965997059,2,0,0,0,0,0.0,0.0,0.0,true,false,S3-591818899,source3
S1-966103211,1,0,0,0,0,0.0,0.0,0.0,true,false,S2-335558061,source2
S1-966193611,2,0,0,0,0,0.0,0.0,0.0,true,false,S3-580675552,source3
S1-966218415,2,0,0,0,0,0.0,0.0,0.0,true,false,S3-301536277,source3
S1-966218629,1,0,0,0,0,0.0003,0.0,0.0003,true,false,S3-980209760,source3
S1-966270825,1,1,1,1,1,0.9809,0.0,0.9809,false,true,S2-667392640,source2
S1-96634543,14,0,0,0,0,0.0004,0.0001,0.0003,true,false,S3-487029410,source3
S1-966556536,3,0,0,0,0,0.0,0.0,0.0,true,false,S2-837521277,source2
S1-966607820,1,1,0,0,0,0.1152,0.0,0.1152,false,true,S3-88317059,source3
S1-966666748,52,0,0,0,0,0.0001,0.0001,0.0,true,false,S2-569967225,source2
S1-966819637,1,0,0,0,0,0.0,0.0,0.0,true,false,S3-624930441,source3
S1-966898554,2,0,0,0,0,0.0,0.0,0.0,true,false,S3-696371877,source3
S1-966940882,7,1,1,1,1,0.992,0.0,0.9919,false,true,S3-324805369,source3
S1-967024020,2,0,0,0,0,0.0,0.0,0.0,true,false,S3-141289624,source3
S1-967056839,40,0,0,0,0,0.0072,0.0001,0.0071,true,false,S2-17776298,source2
S1-967086139,8,0,0,0,0,0.0002,0.0001,0.0001,true,false,S2-990031995,source2
S1-967173158,32,0,0,0,0,0.0,0.0,0.0,true,false,S2-806240378,source2
S1-96719265,1,0,0,0,0,0.0,0.0,0.0,true,false,S3-857156621,source3
S1-967399132,7,0,0,0,0,0.0002,0.0001,0.0001,true,false,S3-294495427,source3
S1-967435536,1,0,0,0,0,0.0,0.0,0.0,true,false,S3-741689224,source3
S1-967500830,1,0,0,0,0,0.0,0.0,0.0,true,false,S2-954040283,source2
S1-967514668,15,0,0,0,0,0.0005,0.0003,0.0002,true,false,S3-295499896,source3
S1-967577604,41,0,0,0,0,0.0001,0.0001,0.0001,true,false,S3-828529196,source3
S1-967596100,1,1,1,1,1,0.9995,0.0,0.9995,false,true,S2-269911720,source2
S1-967635111,58,0,0,0,0,0.0,0.0,0.0,true,false,S3-765157352,source3
S1-967809379,1,0,0,0,0,0.0,0.0,0.0,true,false,S2-467281480,source2
S1-967882810,3,0,0,0,0,0.0001,0.0,0.0,true,false,S3-962306889,source3
S1-96789945,1,0,0,0,0,0.0,0.0,0.0,true,false,S2-585632681,source2
S1-967962438,5,0,0,0,0,0.0,0.0,0.0,true,false,S2-833039561,source2
S1-968026177,40,0,0,0,0,0.0,0.0,0.0,true,false,S2-533173658,source2
S1-968324639,4,0,0,0,0,0.0,0.0,0.0,true,false,S3-114672,source3
S1-968521657,1,0,0,0,0,0.0,0.0,0.0,true,false,S2-970616761,source2
S1-968546121,1,0,0,0,0,0.0,0.0,0.0,true,false,S2-298198,source2
S1-968619405,35,0,0,0,0,0.0,0.0,0.0,true,false,S2-794048762,source2
S1-968677780,1,0,0,0,0,0.0047,0.0,0.0047,true,false,S3-746676291,source3
S1-968759345,1,0,0,0,0,0.0,0.0,0.0,true,false,S2-921938901,source2
S1-968779224,32,0,0,0,0,0.0,0.0,0.0,true,false,S3-234548018,source3
S1-968953787,38,0,0,0,0,0.0001,0.0,0.0,true,false,S2-96015716,source2
S1-969309260,33,0,0,0,0,0.0,0.0,0.0,true,false,S2-598068208,source2
S1-969441901,22,0,0,0,0,0.0,0.0,0.0,true,false,S2-604647219,source2
S1-969580854,53,0,0,0,0,0.0,0.0,0.0,true,false,S2-914877951,source2
S1-969752505,3,0,0,0,0,0.0,0.0,0.0,true,false,S3-543464456,source3
S1-969849275,2,0,0,0,0,0.0,0.0,0.0,true,false,S3-695514104,source3
S1-969857339,1,0,0,0,0,0.0,0.0,0.0,true,false,S2-195127642,source2
S1-969887026,36,0,0,0,0,0.0,0.0,0.0,true,false,S3-244751465,source3
S1-970177178,1,0,0,0,0,0.0,0.0,0.0,true,false,S2-531062265,source2
S1-970216585,32,0,0,0,0,0.0,0.0,0.0,true,false,S3-664629547,source3
S1-97026314,43,0,0,0,0,0.0001,0.0,0.0001,true,false,S3-616891914,source3
S1-970265622,33,0,0,0,0,0.0,0.0,0.0,true,false,S3-109714144,source3
S1-970296868,1,0,0,0,0,0.0,0.0,0.0,true,false,S2-977934044,source2
S1-970573754,1,0,0,0,0,0.0,0.0,0.0,true,false,S2-466246237,source2
S1-970577809,1,0,0,0,0,0.0,0.0,0.0,true,false,S2-7194237,source2
S1-970805269,48,0,0,0,0,0.0,0.0,0.0,true,false,S3-542848367,source3
S1-970854176,45,0,0,0,0,0.0,0.0,0.0,true,false,S2-834353592,source2
S1-970894919,1,0,0,0,0,0.0,0.0,0.0,true,false,S2-187267705,source2
S1-970913536,1,0,0,0,0,0.0,0.0,0.0,true,false,S2-606420917,source2
S1-970968786,1,0,0,0,0,0.0,0.0,0.0,true,false,S2-441436881,source2
S1-970972284,47,0,0,0,0,0.0,0.0,0.0,true,false,S2-113614004,source2
S1-971104153,2,0,0,0,0,0.0001,0.0,0.0,true,false,S3-272535,source3
S1-971228288,44,0,0,0,0,0.1168,0.017,0.0999,true,false,S3-727115524,source3
S1-971250306,1,0,0,0,0,0.0,0.0,0.0,true,false,S3-328125255,source3
S1-971254034,2,0,0,0,0,0.0001,0.0,0.0001,true,false,S3-8828918,source3
S1-971532150,1,0,0,0,0,0.0,0.0,0.0,true,false,S2-166492842,source2
S1-971634037,4,0,0,0,0,0.0,0.0,0.0,true,false,S3-349373474,source3
S1-971771113,53,0,0,0,0,0.0,0.0,0.0,true,false,S3-995989225,source3
S1-971782439,5,0,0,0,0,0.0001,0.0001,0.0001,true,false,S2-798504456,source2
S1-971788456,30,0,0,0,0,0.0016,0.0001,0.0015,true,false,S3-383022557,source3
S1-971790374,1,0,0,0,0,0.0,0.0,0.0,true,false,S2-901109596,source2
S1-971810898,1,0,0,0,0,0.0,0.0,0.0,true,false,S3-233913371,source3
S1-97181593,1,0,0,0,0,0.0216,0.0,0.0216,true,false,S2-74134593,source2
S1-971981375,3,0,0,0,0,0.0002,0.0001,0.0002,true,false,S3-750511957,source3
S1-972160926,10,0,0,0,0,0.0,0.0,0.0,true,false,S2-421039539,source2
S1-972311717,43,0,0,0,0,0.0002,0.0,0.0002,true,false,S2-490736028,source2
S1-972320633,1,0,0,0,0,0.0,0.0,0.0,true,false,S2-562660734,source2
S1-972321185,1,0,0,0,0,0.0,0.0,0.0,true,false,S2-779555386,source2
S1-972397239,24,0,0,0,0,0.0,0.0,0.0,true,false,S3-547384781,source3
S1-972399792,30,1,1,1,1,0.9964,0.0021,0.9943,false,true,S2-761533458,source2
S1-972415063,1,0,0,0,0,0.0,0.0,0.0,true,false,S3-981516767,source3
S1-972480708,22,0,1,1,0,0.9255,0.0,0.9254,true,false,S2-951146455,source2
S1-972508292,2,0,0,0,0,0.0,0.0,0.0,true,false,S2-334116199,source2
S1-972597918,2,0,0,0,0,0.0017,0.0,0.0017,true,false,S2-127973944,source2
S1-972680541,1,0,0,0,0,0.0,0.0,0.0,true,false,S2-223038034,source2
S1-972812808,1,0,0,0,0,0.0001,0.0,0.0001,true,false,S3-532651626,source3
S1-972813913,3,0,0,0,0,0.0,0.0,0.0,true,false,S2-891839403,source2
S1-972834077,1,1,1,1,1,0.9811,0.0,0.9811,false,true,S2-238297775,source2
S1-972836911,1,0,0,0,0,0.0,0.0,0.0,true,false,S3-836558912,source3
S1-972926059,8,0,0,0,0,0.0,0.0,0.0,true,false,S2-475793028,source2
S1-973065422,53,0,0,0,0,0.0,0.0,0.0,true,false,S3-460838034,source3
S1-973192951,1,0,0,0,0,0.0,0.0,0.0,true,false,S3-903323250,source3
S1-973202523,2,0,0,0,0,0.2172,0.0001,0.2171,true,false,S2-585801078,source2
S1-973215147,8,0,0,0,0,0.0,0.0,0.0,true,false,S3-590967550,source3
S1-973369001,3,0,0,0,0,0.0,0.0,0.0,true,false,S3-938190134,source3
S1-973384096,4,0,0,0,0,0.1149,0.0,0.1149,true,false,S2-139219752,source2
S1-973414824,1,0,0,0,0,0.0,0.0,0.0,true,false,S2-44621127,source2
S1-973586617,1,0,0,0,0,0.0,0.0,0.0,true,false,S2-54186623,source2
S1-973649604,26,0,0,0,0,0.0,0.0,0.0,true,false,S3-189188007,source3
S1-973819954,1,0,0,0,0,0.0,0.0,0.0,true,false,S2-171590088,source2
S1-973847914,4,0,0,0,0,0.0,0.0,0.0,true,false,S2-507906291,source2
S1-974185394,13,0,0,0,0,0.005,0.0002,0.0048,true,false,S2-409910382,source2
S1-974236742,54,0,0,0,0,0.0,0.0,0.0,true,false,S2-421878145,source2
S1-974328643,43,1,1,1,1,0.9737,0.0,0.9737,false,true,S3-500371456,source3
S1-974350533,3,0,0,0,0,0.0,0.0,0.0,true,false,S3-764149863,source3
S1-974695290,2,0,0,0,0,0.0,0.0,0.0,true,false,S2-423147414,source2
S1-974716750,1,0,0,0,0,0.0,0.0,0.0,true,false,S2-80730197,source2
S1-974745518,1,0,0,0,0,0.0,0.0,0.0,true,false,S3-784120060,source3
S1-974849189,20,0,0,0,0,0.0001,0.0,0.0001,true,false,S2-58857912,source2
S1-97486931,176,0,0,0,0,0.0004,0.0002,0.0002,true,false,S2-875063854,source2
S1-974991176,2,0,0,0,0,0.0,0.0,0.0,true,false,S3-911223032,source3
S1-975150347,1,0,0,0,0,0.0,0.0,0.0,true,false,S2-970457952,source2
S1-975237384,1,0,0,0,0,0.0,0.0,0.0,true,false,S2-848697388,source2
S1-975272356,54,0,0,0,0,0.0003,0.0,0.0003,true,false,S2-825643330,source2
S1-975296638,17,0,0,0,0,0.0216,0.0001,0.0215,true,false,S2-618850825,source2
S1-975317558,1,1,1,1,1,0.9983,0.0,0.9983,false,true,S2-936391406,source2
S1-975409724,1,1,1,1,1,0.9995,0.0,0.9995,false,true,S3-227082747,source3
S1-975577097,1,0,0,0,0,0.0,0.0,0.0,true,false,S3-446834881,source3
S1-97559764,1,1,1,1,1,0.9663,0.0,0.9663,false,true,S3-896058726,source3
S1-975660052,31,0,0,0,0,0.0,0.0,0.0,true,false,S3-990540625,source3
S1-975700915,2,0,0,0,0,0.0,0.0,0.0,true,false,S2-833393436,source2
S1-97581850,57,0,0,0,0,0.0,0.0,0.0,true,false,S3-385262101,source3
S1-975975269,58,0,0,0,0,0.0002,0.0001,0.0001,true,false,S2-571050569,source2
S1-976037210,3,0,0,0,0,0.0,0.0,0.0,true,false,S2-942880947,source2
S1-97607025,1,0,0,0,0,0.0,0.0,0.0,true,false,S3-507361626,source3
S1-976162944,4,0,0,0,0,0.0006,0.0,0.0005,true,false,S2-528096388,source2
S1-976369483,1,1,1,1,1,0.9958,0.0,0.9958,false,true,S2-984109039,source2
S1-976374545,1,0,0,0,0,0.0274,0.0,0.0274,true,false,S3-612248630,source3
S1-976515730,3,0,0,0,0,0.0,0.0,0.0,true,false,S2-668644386,source2
S1-976578795,28,0,0,0,0,0.0,0.0,0.0,true,false,S2-787156895,source2
S1-976783021,2,0,0,0,0,0.0731,0.0,0.0731,true,false,S2-940482720,source2
S1-976821840,41,0,0,0,0,0.0,0.0,0.0,true,false,S2-546445623,source2
S1-977128956,11,0,0,0,0,0.0001,0.0001,0.0,true,false,S2-918042719,source2
S1-977292711,66,0,0,0,0,0.0,0.0,0.0,true,false,S3-877053038,source3
S1-97737266,38,0,0,0,0,0.0,0.0,0.0,true,false,S2-626326981,source2
S1-977409663,16,0,0,0,0,0.0001,0.0,0.0001,true,false,S3-846649026,source3
S1-977455951,1,0,0,0,0,0.0,0.0,0.0,true,false,S3-319537784,source3
S1-977477433,1,0,0,0,0,0.0,0.0,0.0,true,false,S2-940626341,source2
S1-977755241,1,0,0,0,0,0.0,0.0,0.0,true,false,S2-362864509,source2
S1-977801640,1,0,0,0,0,0.0002,0.0,0.0002,true,false,S3-119633679,source3
S1-977818366,1,0,0,0,0,0.0,0.0,0.0,true,false,S3-251297062,source3
S1-977844794,1,0,0,0,0,0.0,0.0,0.0,true,false,S2-38509651,source2
S1-977929015,67,0,0,0,0,0.0004,0.0,0.0004,true,false,S3-254490394,source3
S1-977979640,1,0,0,0,0,0.0,0.0,0.0,true,false,S2-872697315,source2
S1-978036098,1,0,0,0,0,0.0,0.0,0.0,true,false,S2-646171294,source2
S1-97804626,1,0,0,0,0,0.0,0.0,0.0,true,false,S2-446703202,source2
S1-978100899,2,0,0,0,0,0.0,0.0,0.0,true,false,S2-4007238,source2
S1-978129104,1,1,1,1,1,0.9996,0.0,0.9996,false,true,S3-402378963,source3
S1-978162288,11,0,0,0,0,0.0,0.0,0.0,true,false,S2-321635609,source2
S1-978370593,3,0,0,0,0,0.0437,0.0001,0.0436,true,false,S2-810148750,source2
S1-978392579,2,0,0,0,0,0.0,0.0,0.0,true,false,S3-552469385,source3
S1-978450792,2,0,0,0,0,0.0002,0.0,0.0001,true,false,S3-711189905,source3
S1-978492011,4,0,0,0,0,0.0,0.0,0.0,true,false,S2-58857912,source2
S1-978700695,36,0,0,0,0,0.0,0.0,0.0,true,false,S2-586767284,source2
S1-978727771,1,1,1,1,1,0.9891,0.0,0.9891,false,true,S3-69135412,source3
S1-978854716,12,0,0,0,0,0.0,0.0,0.0,true,false,S3-431548740,source3
S1-978947873,37,0,0,0,0,0.0,0.0,0.0,true,false,S3-110630740,source3
S1-979035502,22,0,0,0,0,0.0,0.0,0.0,true,false,S2-463469449,source2
S1-979042353,67,0,0,0,0,0.0,0.0,0.0,true,false,S2-473337184,source2
S1-9790567,2,0,0,0,0,0.0001,0.0,0.0001,true,false,S2-924136235,source2
S1-979100412,3,0,0,0,0,0.0,0.0,0.0,true,false,S3-309061476,source3
S1-979115941,1,0,0,0,0,0.0,0.0,0.0,true,false,S3-754952867,source3
S1-979238869,4,0,0,0,0,0.0001,0.0,0.0001,true,false,S2-969323624,source2
S1-979288927,1,1,0,0,0,0.8122,0.0,0.8122,false,true,S2-238808154,source2
S1-979357624,2,0,0,0,0,0.0,0.0,0.0,true,false,S2-692854163,source2
S1-979399447,36,0,0,0,0,0.0,0.0,0.0,true,false,S2-636698678,source2
S1-979407893,3,0,0,0,0,0.0001,0.0,0.0,true,false,S2-731588087,source2
S1-979509841,3,0,0,0,0,0.0,0.0,0.0,true,false,S3-79530698,source3
S1-979513513,66,0,0,0,0,0.0,0.0,0.0,true,false,S2-298914373,source2
S1-979638771,43,0,0,0,0,0.0,0.0,0.0,true,false,S3-616891914,source3
S1-979704907,35,0,0,0,0,0.0,0.0,0.0,true,false,S2-55421595,source2
S1-979761591,1,1,0,0,0,0.6499,0.0,0.6499,false,true,S3-54236015,source3
S1-979803199,2,0,0,0,0,0.0,0.0,0.0,true,false,S3-238296511,source3
S1-979860618,23,0,0,0,0,0.0337,0.0001,0.0336,true,false,S2-57529012,source2
S1-980117303,61,0,0,0,0,0.0001,0.0001,0.0001,true,false,S3-359574411,source3
S1-980152537,18,0,0,0,0,0.0001,0.0,0.0,true,false,S3-145457240,source3
S1-980296939,3,0,0,0,0,0.0,0.0,0.0,true,false,S2-579954529,source2
S1-980390125,1,0,0,0,0,0.0,0.0,0.0,true,false,S3-290825545,source3
S1-980395056,4,0,0,0,0,0.0002,0.0001,0.0001,true,false,S2-462066455,source2
S1-980491154,55,0,0,0,0,0.0,0.0,0.0,true,false,S2-864905500,source2
S1-980503458,1,1,0,0,0,0.532,0.0,0.532,false,true,S2-728468507,source2
S1-980521096,42,0,0,0,0,0.0,0.0,0.0,true,false,S2-107389460,source2
S1-980573790,1,0,0,0,0,0.0002,0.0,0.0002,true,false,S3-810626450,source3
S1-980636074,61,0,0,0,0,0.0,0.0,0.0,true,false,S2-218505777,source2
S1-980783256,1,0,0,0,0,0.0,0.0,0.0,true,false,S3-113568620,source3
S1-980788035,1,0,0,0,0,0.0,0.0,0.0,true,false,S2-178839954,source2
S1-980823139,50,0,0,0,0,0.0154,0.0001,0.0153,true,false,S3-796866273,source3
S1-981006854,36,0,0,0,0,0.0,0.0,0.0,true,false,S3-640997844,source3
S1-981054772,2,0,0,0,0,0.0,0.0,0.0,true,false,S3-280985878,source3
S1-981056708,2,0,0,0,0,0.0002,0.0,0.0001,true,false,S3-278002806,source3
S1-981080475,3,0,0,0,0,0.0021,0.0,0.0021,true,false,S2-575141378,source2
S1-981082433,1,0,0,0,0,0.0001,0.0,0.0001,true,false,S2-396104706,source2
S1-981233283,4,0,0,0,0,0.0002,0.0,0.0002,true,false,S3-503938009,source3
S1-981258859,39,0,0,0,0,0.0,0.0,0.0,true,false,S2-767609598,source2
S1-981319832,1,0,0,0,0,0.0,0.0,0.0,true,false,S2-553959359,source2
S1-981327358,47,0,0,0,0,0.0,0.0,0.0,true,false,S3-39214870,source3
S1-981414798,9,0,0,0,0,0.0,0.0,0.0,true,false,S3-875342922,source3
S1-981543946,1,1,1,1,1,0.9946,0.0,0.9946,false,true,S2-88258330,source2
S1-981603279,3,0,0,0,0,0.0105,0.0,0.0105,true,false,S2-775272054,source2
S1-981670420,2,0,0,0,0,0.0,0.0,0.0,true,false,S3-557253020,source3
S1-981671211,1,0,0,0,0,0.0,0.0,0.0,true,false,S3-429293228,source3
S1-98168281,11,0,0,0,0,0.0,0.0,0.0,true,false,S2-886553223,source2
S1-981705666,4,0,0,0,0,0.0001,0.0,0.0,true,false,S2-832294496,source2
S1-981766382,1,0,0,0,0,0.0,0.0,0.0,true,false,S2-18656630,source2
S1-9817684,113,0,0,0,0,0.0,0.0,0.0,true,false,S3-421470513,source3
S1-981785196,2,0,0,0,0,0.0,0.0,0.0,true,false,S2-879226567,source2
S1-98181079,57,0,0,0,0,0.0,0.0,0.0,true,false,S2-766546763,source2
S1-982011120,2,0,0,0,0,0.0,0.0,0.0,true,false,S3-66095919,source3
S1-982121857,2,0,0,0,0,0.0,0.0,0.0,true,false,S2-664764813,source2
S1-982168000,2,0,0,0,0,0.0,0.0,0.0,true,false,S2-427812703,source2
S1-982199848,1,0,0,0,0,0.0,0.0,0.0,true,false,S3-533488858,source3
S1-982314400,1,0,0,0,0,0.0,0.0,0.0,true,false,S3-315859317,source3
S1-982444906,2,0,0,0,0,0.0001,0.0,0.0001,true,false,S2-517844290,source2
S1-982496134,2,0,0,0,0,0.0,0.0,0.0,true,false,S2-798588771,source2
S1-982706227,30,0,0,0,0,0.0,0.0,0.0,true,false,S2-715600705,source2
S1-982761182,1,0,0,0,0,0.0,0.0,0.0,true,false,S3-584033465,source3
S1-982958847,1,1,1,1,1,0.9999,0.0,0.9999,false,true,S3-885958307,source3
S1-983032539,1,0,0,0,0,0.0,0.0,0.0,true,false,S2-245155784,source2
S1-983214139,42,0,0,0,0,0.0,0.0,0.0,true,false,S2-621450423,source2
S1-983237906,30,0,0,0,0,0.0,0.0,0.0,true,false,S3-403109278,source3
S1-983373292,1,0,0,0,0,0.0,0.0,0.0,true,false,S2-42911706,source2
S1-983502714,43,0,0,0,0,0.0,0.0,0.0,true,false,S2-692710160,source2
S1-983570198,35,0,0,0,0,0.0,0.0,0.0,true,false,S3-856437310,source3
S1-983600405,31,0,0,0,0,0.0,0.0,0.0,true,false,S2-999793401,source2
S1-983652708,2,0,0,0,0,0.0,0.0,0.0,true,false,S2-91488705,source2
S1-98371688,1,0,1,0,0,0.8429,0.0,0.8429,true,false,S2-179840762,source2
S1-983883897,1,0,0,0,0,0.0,0.0,0.0,true,false,S3-822432105,source3
S1-983924488,1,0,0,0,0,0.0,0.0,0.0,true,false,S2-812593578,source2
S1-983949399,32,0,0,0,0,0.0,0.0,0.0,true,false,S2-708389947,source2
S1-984034653,1,0,0,0,0,0.2456,0.0,0.2456,true,false,S2-633921347,source2
S1-984052561,1,0,0,0,0,0.0,0.0,0.0,true,false,S3-46082472,source3
S1-984247811,1,0,0,0,0,0.0,0.0,0.0,true,false,S3-984238756,source3
S1-984374188,1,0,0,0,0,0.0,0.0,0.0,true,false,S3-783925209,source3
S1-984824209,1,0,0,0,0,0.0001,0.0,0.0001,true,false,S3-300010228,source3
S1-985119931,1,0,0,0,0,0.0,0.0,0.0,true,false,S2-551875437,source2
S1-985176460,1,0,0,0,0,0.0,0.0,0.0,true,false,S3-539907359,source3
S1-985188992,1,0,0,0,0,0.0,0.0,0.0,true,false,S3-206725853,source3
S1-985233868,51,0,0,0,0,0.0,0.0,0.0,true,false,S3-263192742,source3
S1-985282663,4,0,0,0,0,0.0,0.0,0.0,true,false,S2-680982543,source2
S1-985503891,2,0,0,0,0,0.0002,0.0001,0.0001,true,false,S3-472965976,source3
S1-98556000,74,0,0,0,0,0.0,0.0,0.0,true,false,S3-463884079,source3
S1-98579303,36,0,0,0,0,0.0,0.0,0.0,true,false,S2-420617607,source2
S1-9859169,1,0,0,0,0,0.0121,0.0,0.0121,true,false,S3-35940326,source3
S1-985954997,1,1,1,1,1,0.9698,0.0,0.9698,false,true,S3-269687277,source3
S1-986109024,1,0,0,0,0,0.0,0.0,0.0,true,false,S3-68934536,source3
S1-986212462,44,0,0,0,0,0.0002,0.0,0.0002,true,false,S2-189586795,source2
S1-986280179,5,0,0,0,0,0.0001,0.0001,0.0,true,false,S3-585749228,source3
S1-986317696,2,0,0,0,0,0.0,0.0,0.0,true,false,S2-50523188,source2
S1-986382077,5,0,0,0,0,0.0,0.0,0.0,true,false,S2-354370384,source2
S1-9865430,1,1,1,1,1,0.9594,0.0,0.9594,false,true,S2-843353466,source2
S1-98671636,8,0,0,0,0,0.0002,0.0002,0.0,true,false,S2-810148750,source2
S1-986740072,56,0,0,0,0,0.0,0.0,0.0,true,false,S2-779969600,source2
S1-986846732,2,0,0,0,0,0.0,0.0,0.0,true,false,S2-611734320,source2
S1-987000091,1,0,0,0,0,0.0,0.0,0.0,true,false,S3-24852698,source3
S1-987005689,2,0,0,0,0,0.0001,0.0,0.0001,true,false,S3-778386474,source3
S1-987009703,49,0,0,0,0,0.0,0.0,0.0,true,false,S3-649325147,source3
S1-987010400,31,0,0,0,0,0.0064,0.0,0.0064,true,false,S2-142609972,source2
S1-987023900,1,0,0,0,0,0.0,0.0,0.0,true,false,S3-738864801,source3
S1-987075458,1,1,1,1,1,0.9936,0.0,0.9936,false,true,S3-674610864,source3
S1-987116071,6,0,0,0,0,0.0002,0.0002,0.0,true,false,S3-901027582,source3
S1-987913577,7,0,0,0,0,0.0012,0.0,0.0011,true,false,S2-511725487,source2
S1-988009600,2,0,0,0,0,0.0,0.0,0.0,true,false,S3-836572789,source3
S1-988068538,1,0,0,0,0,0.0,0.0,0.0,true,false,S2-347346423,source2
S1-98807306,50,0,0,0,0,0.0,0.0,0.0,true,false,S3-137709385,source3
S1-988081583,44,0,0,0,0,0.013,0.0,0.013,true,false,S2-672734557,source2
S1-988162274,3,0,0,0,0,0.0001,0.0,0.0,true,false,S3-475393989,source3
S1-988252617,54,0,0,0,0,0.0,0.0,0.0,true,false,S3-986820423,source3
S1-988321030,1,0,0,0,0,0.0,0.0,0.0,true,false,S2-41741727,source2
S1-988516196,4,0,0,0,0,0.0001,0.0001,0.0,true,false,S2-452914600,source2
S1-988533428,39,0,0,0,0,0.0001,0.0,0.0,true,false,S2-498071695,source2
S1-988577357,1,0,0,0,0,0.0,0.0,0.0,true,false,S2-731066709,source2
S1-988797326,3,0,0,0,0,0.0,0.0,0.0,true,false,S3-815882205,source3
S1-988854393,3,0,0,0,0,0.0001,0.0,0.0,true,false,S2-157363918,source2
S1-989040057,1,0,0,0,0,0.0,0.0,0.0,true,false,S2-358852825,source2
S1-989061306,1,0,0,0,0,0.0,0.0,0.0,true,false,S2-516810574,source2
S1-989190367,1,0,0,0,0,0.0,0.0,0.0,true,false,S2-223741226,source2
S1-989203377,3,0,0,0,0,0.0002,0.0001,0.0001,true,false,S2-690546947,source2
S1-989222561,1,0,0,0,0,0.0,0.0,0.0,true,false,S3-928869918,source3
S1-989240389,2,0,0,0,0,0.0001,0.0,0.0,true,false,S2-847996468,source2
S1-989279026,10,0,0,0,0,0.0001,0.0,0.0,true,false,S2-85608686,source2
S1-989439466,31,0,0,0,0,0.0,0.0,0.0,true,false,S2-372159254,source2
S1-989677890,1,0,0,0,0,0.0,0.0,0.0,true,false,S2-598274585,source2
S1-989765718,1,0,0,0,0,0.0,0.0,0.0,true,false,S3-315734162,source3
S1-989997533,42,0,0,0,0,0.0,0.0,0.0,true,false,S3-79374693,source3
S1-990053308,71,0,0,0,0,0.0,0.0,0.0,true,false,S3-729480031,source3
S1-99010572,1,0,0,0,0,0.0,0.0,0.0,true,false,S2-57549688,source2
S1-990278606,31,0,0,0,0,0.0016,0.0001,0.0015,true,false,S2-179461864,source2
S1-990288752,2,0,0,0,0,0.0,0.0,0.0,true,false,S2-504757593,source2
S1-990310663,2,1,1,1,1,0.9997,0.0,0.9997,false,true,S2-835410474,source2
S1-990319941,2,0,0,0,0,0.0,0.0,0.0,true,false,S3-525707099,source3
S1-990506134,2,0,0,0,0,0.0,0.0,0.0,true,false,S3-555316148,source3
S1-990629891,1,0,0,0,0,0.0,0.0,0.0,true,false,S3-123118865,source3
S1-990684521,2,0,0,0,0,0.0,0.0,0.0,true,false,S2-614764837,source2
S1-990758630,2,0,0,0,0,0.0001,0.0,0.0001,true,false,S3-31907577,source3
S1-991021485,40,0,0,0,0,0.0,0.0,0.0,true,false,S3-551184484,source3
S1-99115147,2,0,0,0,0,0.0,0.0,0.0,true,false,S3-199321354,source3
S1-991158902,1,0,0,0,0,0.0,0.0,0.0,true,false,S2-977752942,source2
S1-991264980,1,0,0,0,0,0.0,0.0,0.0,true,false,S2-164025412,source2
S1-991409551,4,0,0,0,0,0.0001,0.0001,0.0,true,false,S2-189626953,source2
S1-991409569,1,0,0,0,0,0.0,0.0,0.0,true,false,S3-546796887,source3
S1-991430029,2,0,0,0,0,0.0001,0.0,0.0001,true,false,S2-922765242,source2
S1-991504592,15,0,0,0,0,0.0029,0.0001,0.0028,true,false,S3-689689104,source3
S1-99155755,1,0,0,0,0,0.0001,0.0,0.0001,true,false,S3-558605236,source3
S1-991581490,2,0,0,0,0,0.0,0.0,0.0,true,false,S3-685027983,source3
S1-991589899,28,0,0,0,0,0.0,0.0,0.0,true,false,S3-582655813,source3
S1-991750704,1,0,0,0,0,0.0001,0.0,0.0001,true,false,S2-429023833,source2
S1-991789606,4,0,0,0,0,0.0001,0.0,0.0001,true,false,S2-902002260,source2
S1-991814856,38,0,0,0,0,0.0,0.0,0.0,true,false,S2-912255099,source2
S1-991935285,1,1,1,1,1,0.9884,0.0,0.9884,false,true,S2-269122015,source2
S1-991954732,1,0,0,0,0,0.0,0.0,0.0,true,false,S3-183394512,source3
S1-992063407,32,0,0,0,0,0.0002,0.0,0.0002,true,false,S2-618127393,source2
S1-99208842,2,0,0,0,0,0.0179,0.0,0.0178,true,false,S2-610487117,source2
S1-992143437,1,0,0,0,0,0.0,0.0,0.0,true,false,S3-520603293,source3
S1-99214586,1,0,0,0,0,0.0,0.0,0.0,true,false,S3-584203683,source3
S1-992170083,2,0,0,0,0,0.0002,0.0,0.0002,true,false,S3-300885667,source3
S1-992495575,5,0,0,0,0,0.0,0.0,0.0,true,false,S2-390967888,source2
S1-992538093,33,0,0,0,0,0.0,0.0,0.0,true,false,S3-169632360,source3
S1-99254960,1,0,0,0,0,0.0001,0.0,0.0001,true,false,S3-807928937,source3
S1-992575999,29,0,0,0,0,0.0,0.0,0.0,true,false,S3-667917058,source3
S1-992630878,57,0,0,0,0,0.0001,0.0,0.0001,true,false,S2-53431024,source2
S1-992675855,1,0,0,0,0,0.0002,0.0,0.0002,true,false,S3-312049272,source3
S1-992850911,43,0,0,0,0,0.0,0.0,0.0,true,false,S2-525862775,source2
S1-992910129,37,0,0,0,0,0.0,0.0,0.0,true,false,S3-690488965,source3
S1-993146670,36,0,0,0,0,0.0,0.0,0.0,true,false,S3-739042432,source3
S1-993168480,6,0,0,0,0,0.0,0.0,0.0,true,false,S2-841469053,source2
S1-993170331,1,0,0,0,0,0.0,0.0,0.0,true,false,S2-290113153,source2
S1-993173062,33,0,0,0,0,0.0001,0.0,0.0001,true,false,S3-620025574,source3
S1-993246408,1,0,0,0,0,0.0,0.0,0.0,true,false,S3-825263544,source3
S1-993272611,48,0,0,0,0,0.0,0.0,0.0,true,false,S3-401129624,source3
S1-993357110,15,0,0,0,0,0.0008,0.0007,0.0001,true,false,S2-670084831,source2
S1-993551246,43,0,0,0,0,0.0,0.0,0.0,true,false,S3-94471902,source3
S1-993662167,1,0,0,0,0,0.0,0.0,0.0,true,false,S3-99506760,source3
S1-993694723,5,0,0,0,0,0.0062,0.0,0.0061,true,false,S3-128790831,source3
S1-993730499,5,0,0,0,0,0.0,0.0,0.0,true,false,S3-767601191,source3
S1-993749406,11,0,0,0,0,0.0055,0.0001,0.0054,true,false,S2-576090888,source2
S1-993766647,1,0,0,0,0,0.0,0.0,0.0,true,false,S2-54798184,source2
S1-993793143,24,0,0,0,0,0.0,0.0,0.0,true,false,S2-212924766,source2
S1-993870887,61,0,0,0,0,0.0,0.0,0.0,true,false,S2-555546830,source2
S1-994019663,1,0,0,0,0,0.0,0.0,0.0,true,false,S2-156452752,source2
S1-994057801,39,0,0,0,0,0.0001,0.0,0.0001,true,false,S3-942009943,source3
S1-994080826,1,0,0,0,0,0.0,0.0,0.0,true,false,S3-472962774,source3
S1-994131802,4,0,0,0,0,0.0,0.0,0.0,true,false,S3-914731596,source3
S1-994258416,2,1,1,1,1,0.9559,0.0,0.9559,false,true,S3-926806105,source3
S1-994276304,51,0,0,0,0,0.0,0.0,0.0,true,false,S3-263192742,source3
S1-994304,3,0,0,0,0,0.0,0.0,0.0,true,false,S2-937720083,source2
S1-994475302,1,0,0,0,0,0.0,0.0,0.0,true,false,S3-952410614,source3
S1-994484678,41,0,0,0,0,0.0,0.0,0.0,true,false,S2-873059596,source2
S1-994617850,33,0,0,0,0,0.0,0.0,0.0,true,false,S2-438490281,source2
S1-994802311,1,0,0,0,0,0.0,0.0,0.0,true,false,S2-970616761,source2
S1-994914915,2,0,0,0,0,0.0,0.0,0.0,true,false,S3-802564698,source3
S1-994954926,4,0,0,0,0,0.0001,0.0001,0.0001,true,false,S2-206261147,source2
S1-994967820,26,0,0,0,0,0.0,0.0,0.0,true,false,S3-34310550,source3
S1-995037406,49,0,0,0,0,0.0,0.0,0.0,true,false,S3-684185311,source3
S1-995057155,2,0,0,0,0,0.0001,0.0,0.0001,true,false,S2-664165537,source2
S1-995062996,8,0,0,0,0,0.206,0.0001,0.2058,true,false,S2-782408561,source2
S1-995078395,38,0,0,0,0,0.0008,0.0001,0.0007,true,false,S3-872560505,source3
S1-995104332,1,0,0,0,0,0.0,0.0,0.0,true,false,S2-665289858,source2
S1-995205952,2,0,0,0,0,0.0,0.0,0.0,true,false,S3-251533392,source3
S1-995209940,66,0,0,0,0,0.0,0.0,0.0,true,false,S2-963311034,source2
S1-995226653,1,0,0,0,0,0.0,0.0,0.0,true,false,S3-141906556,source3
S1-995321488,39,0,0,0,0,0.0,0.0,0.0,true,false,S2-101490015,source2
S1-995499372,2,0,0,0,0,0.0,0.0,0.0,true,false,S3-581286597,source3
S1-995594691,1,0,0,0,0,0.0,0.0,0.0,true,false,S3-93562568,source3
S1-995608124,48,0,0,0,0,0.0,0.0,0.0,true,false,S3-937945935,source3
S1-995670296,6,0,0,0,0,0.0001,0.0001,0.0,true,false,S3-473169703,source3
S1-995747336,34,0,0,0,0,0.0,0.0,0.0,true,false,S3-524936159,source3
S1-995840841,38,0,0,0,0,0.0,0.0,0.0,true,false,S3-243926790,source3
S1-995891213,62,0,0,0,0,0.0,0.0,0.0,true,false,S3-941655471,source3
S1-995989300,2,0,0,0,0,0.0001,0.0,0.0001,true,false,S3-91364038,source3
S1-996003368,1,0,0,0,0,0.0009,0.0,0.0009,true,false,S2-851754490,source2
S1-996081098,2,1,1,1,1,0.9765,0.0,0.9765,false,true,S3-475517952,source3
S1-996174699,1,0,0,0,0,0.0,0.0,0.0,true,false,S3-37368201,source3
S1-996189067,2,0,0,0,0,0.0,0.0,0.0,true,false,S3-510325021,source3
S1-996229500,1,0,0,0,0,0.0001,0.0,0.0001,true,false,S3-176040459,source3
S1-996398580,1,0,0,0,0,0.0,0.0,0.0,true,false,S2-408145213,source2
S1-996446435,55,0,0,0,0,0.0,0.0,0.0,true,false,S3-463346436,source3
S1-996534523,11,0,0,0,0,0.0001,0.0001,0.0,true,false,S3-854984076,source3
S1-996565768,38,0,0,0,0,0.0,0.0,0.0,true,false,S2-904158203,source2
S1-996588343,3,0,0,0,0,0.0,0.0,0.0,true,false,S2-570602711,source2
S1-996673940,1,0,0,0,0,0.0,0.0,0.0,true,false,S3-189732343,source3
S1-99709238,8,0,0,0,0,0.0,0.0,0.0,true,false,S2-760507152,source2
S1-997137667,49,0,0,0,0,0.0,0.0,0.0,true,false,S3-290226494,source3
S1-997168834,2,0,0,0,0,0.0001,0.0,0.0001,true,false,S3-907538041,source3
S1-997225529,2,0,0,0,0,0.0,0.0,0.0,true,false,S3-514717307,source3
S1-997230305,37,0,0,0,0,0.022,0.0,0.022,true,false,S2-947562911,source2
S1-997242359,36,1,0,0,0,0.7278,0.0,0.7278,false,true,S2-122170914,source2
S1-997284925,42,0,0,0,0,0.0,0.0,0.0,true,false,S2-621450423,source2
S1-997319680,53,0,0,0,0,0.0025,0.0004,0.0021,true,false,S3-105132175,source3
S1-997383403,2,0,0,0,0,0.0001,0.0,0.0001,true,false,S2-993189026,source2
S1-997517893,1,0,0,0,0,0.0,0.0,0.0,true,false,S2-909960255,source2
S1-997539647,38,0,0,0,0,0.0,0.0,0.0,true,false,S2-786542656,source2
S1-997553932,1,0,0,0,0,0.0,0.0,0.0,true,false,S2-608972439,source2
S1-997603260,2,0,0,0,0,0.0002,0.0001,0.0001,true,false,S2-899691057,source2
S1-997634067,27,0,0,0,0,0.0,0.0,0.0,true,false,S3-356032800,source3
S1-997806407,1,0,0,0,0,0.0,0.0,0.0,true,false,S3-505213795,source3
S1-998030310,1,0,0,0,0,0.0,0.0,0.0,true,false,S2-960146060,source2
S1-998047546,30,0,0,0,0,0.0,0.0,0.0,true,false,S3-209426948,source3
S1-998129023,26,0,0,0,0,0.0,0.0,0.0,true,false,S3-793622559,source3
S1-998215632,1,0,0,0,0,0.0,0.0,0.0,true,false,S3-776141157,source3
S1-998340088,1,0,0,0,0,0.0,0.0,0.0,true,false,S3-78795782,source3
S1-998375147,1,0,0,0,0,0.0,0.0,0.0,true,false,S2-741120842,source2
S1-99838517,1,0,0,0,0,0.0,0.0,0.0,true,false,S3-602024216,source3
S1-998508835,34,0,0,0,0,0.0,0.0,0.0,true,false,S3-846429374,source3
S1-998633401,58,0,0,0,0,0.0,0.0,0.0,true,false,S3-666110895,source3
S1-998639597,34,0,0,0,0,0.0,0.0,0.0,true,false,S2-823424049,source2
S1-998646292,2,0,0,0,0,0.0,0.0,0.0,true,false,S2-384209973,source2
S1-99873046,1,0,0,0,0,0.0,0.0,0.0,true,false,S2-60027470,source2
S1-998748396,2,0,0,0,0,0.0,0.0,0.0,true,false,S3-855606547,source3
S1-999023589,32,0,0,0,0,0.0001,0.0,0.0,true,false,S3-376054066,source3
S1-999032607,4,0,0,0,0,0.0,0.0,0.0,true,false,S2-292955368,source2
S1-999063329,48,0,0,0,0,0.0001,0.0,0.0001,true,false,S3-401129624,source3
S1-999155907,1,0,0,0,0,0.0,0.0,0.0,true,false,S3-378390724,source3
S1-999178930,28,0,0,0,0,0.0,0.0,0.0,true,false,S2-112241,source2
S1-999414454,57,0,0,0,0,0.0095,0.0,0.0095,true,false,S3-843128396,source3
S1-999493708,1,1,1,1,1,0.9988,0.0,0.9988,false,true,S3-585004435,source3
S1-999555430,2,0,0,0,0,0.0,0.0,0.0,true,false,S3-703591163,source3
S1-999687383,40,0,0,0,0,0.0,0.0,0.0,true,false,S3-430345964,source3
S1-999829769,1,0,0,0,0,0.0,0.0,0.0,true,false,S2-203705380,source2
S1-999894380,1,0,0,0,0,0.0,0.0,0.0,true,false,S3-939373150,source3
S1-999922243,1,0,0,0,0,0.0,0.0,0.0,true,false,S2-682446065,source2
